ISO-10303-21;
HEADER;
FILE_DESCRIPTION(('STEP AP214'),'1');
FILE_NAME('CON16_1X16_P100UM_HDR_TYC','2026-07-31T07:05:39',(''),(''),'','','');
FILE_SCHEMA(('AUTOMOTIVE_DESIGN'));
ENDSEC;
DATA;
#1=SHAPE_DEFINITION_REPRESENTATION(#2,#3);
#2=PRODUCT_DEFINITION_SHAPE('',$,#4);
#3=SHAPE_REPRESENTATION('',(#188,#9697,#9699,#10681,#10683,#11665,#11667,#12649,#12651,#13633,#13635,#14617,#14619,#15601,#15603,#16585,#16587,#17569,#17571,#18553,#18555,#19537,#19539,#20521,#20523,#21505,#21507,#22489,#22491,#23473,#23475,#24457,#24459,#19),#11);
#4=PRODUCT_DEFINITION('design','example product_definition',#6,#5);
#5=PRODUCT_DEFINITION_CONTEXT('3D Mechanical Parts',#10,'design');
#6=PRODUCT_DEFINITION_FORMATION('1.0','first version',#8);
#7=APPLICATION_PROTOCOL_DEFINITION('international standard','automotive_design',2003,#10);
#8=PRODUCT('product','part','',(#9));
#9=PRODUCT_CONTEXT('3D Mechanical Parts',#10,'mechanical');
#10=APPLICATION_CONTEXT('Core Data for Automotive Mechanical Design Process');
#11=(GEOMETRIC_REPRESENTATION_CONTEXT(3) GLOBAL_UNCERTAINTY_ASSIGNED_CONTEXT((#12)) GLOBAL_UNIT_ASSIGNED_CONTEXT((#13,#14,#18)) REPRESENTATION_CONTEXT('ID1','3D'));
#12=UNCERTAINTY_MEASURE_WITH_UNIT(LENGTH_MEASURE(1.E-005),#13,'DISTANCE_ACCURACY_VALUE','Maximum model space distance between geometric entities at asserted connectivities');
#13=(LENGTH_UNIT() NAMED_UNIT(*) SI_UNIT(.MILLI.,.METRE.));
#14=(CONVERSION_BASED_UNIT('degree',#16) NAMED_UNIT(#15) PLANE_ANGLE_UNIT());
#15=DIMENSIONAL_EXPONENTS(0.,0.,0.,0.,0.,0.,0.);
#16=MEASURE_WITH_UNIT(PLANE_ANGLE_MEASURE(0.01745329252),#17);
#17=(NAMED_UNIT(*) PLANE_ANGLE_UNIT() SI_UNIT($,.RADIAN.));
#18=(NAMED_UNIT(*) SI_UNIT($,.STERADIAN.) SOLID_ANGLE_UNIT());
#19=AXIS2_PLACEMENT_3D('',#20,#21,#22);
#20=CARTESIAN_POINT('',(0.0,0.0,0.0));
#21=DIRECTION('',(0.0,0.0,1.0));
#22=DIRECTION('',(1.0,0.0,0.0));
#25=MECHANICAL_DESIGN_GEOMETRIC_PRESENTATION_REPRESENTATION($,(#190,#239,#288,#337,#386,#435,#484,#533,#582,#631,#680,#729,#778,#827,#876,#925,#974,#1023,#1072,#1121,#1170,#1219,#1268,#1317,#1366,#1415,#1464,#1513,#1562,#1611,#1660,#1709,#1758,#1807,#1856,#1905,#1954,#2003,#2052,#2101,#2150,#2199,#2248,#2297,#2346,#2395,#2444,#2493,#2542,#2591,#2640,#2689,#2738,#2787,#2836,#2885,#2934,#2983,#3032,#3081,#3130,#3179,#3228,#3277,#3326,#3375,#3424,#3473,#3522,#3571,#3620,#3669,#3718,#3767,#3816,#3865,#3914,#3963,#4012,#4061,#4110,#4159,#4208,#4257,#4306,#4355,#4404,#4453,#4502,#4551,#4600,#4649,#4698,#4747,#4796,#4845,#4894,#4943,#4992,#5041,#5090,#5139,#5188,#5237,#5286,#5335,#5384,#5433,#5482,#5531,#5580,#5629,#5678,#5727,#5776,#5825,#5874,#5923,#5972,#6021,#6070,#6119,#6168,#6217,#6266,#6315,#6364,#6413,#6462,#6511,#6560,#6609,#6658,#6707,#6756,#6805,#6854,#6903,#6952,#7001,#7050,#7099,#7148,#7197,#7246,#7295,#7344,#7393,#7442,#7491,#7540,#7589,#7638,#7687,#7736,#7785,#7834,#7883,#7932,#7981,#8030,#8079,#8128,#8177,#8226,#8275,#8324,#8373,#8422,#8471,#8520,#8569,#8618,#8667,#8716,#8765,#8814,#8863,#8912,#8961,#9010,#9059,#9108,#9157,#9206,#9255,#9304,#9353,#9402,#9451,#9500,#9549,#9598,#9647,#9701,#9750,#9799,#9848,#9897,#9946,#9995,#10044,#10093,#10142,#10191,#10240,#10289,#10338,#10387,#10436,#10485,#10534,#10583,#10632,#10685,#10734,#10783,#10832,#10881,#10930,#10979,#11028,#11077,#11126,#11175,#11224,#11273,#11322,#11371,#11420,#11469,#11518,#11567,#11616,#11669,#11718,#11767,#11816,#11865,#11914,#11963,#12012,#12061,#12110,#12159,#12208,#12257,#12306,#12355,#12404,#12453,#12502,#12551,#12600,#12653,#12702,#12751,#12800,#12849,#12898,#12947,#12996,#13045,#13094,#13143,#13192,#13241,#13290,#13339,#13388,#13437,#13486,#13535,#13584,#13637,#13686,#13735,#13784,#13833,#13882,#13931,#13980,#14029,#14078,#14127,#14176,#14225,#14274,#14323,#14372,#14421,#14470,#14519,#14568,#14621,#14670,#14719,#14768,#14817,#14866,#14915,#14964,#15013,#15062,#15111,#15160,#15209,#15258,#15307,#15356,#15405,#15454,#15503,#15552,#15605,#15654,#15703,#15752,#15801,#15850,#15899,#15948,#15997,#16046,#16095,#16144,#16193,#16242,#16291,#16340,#16389,#16438,#16487,#16536,#16589,#16638,#16687,#16736,#16785,#16834,#16883,#16932,#16981,#17030,#17079,#17128,#17177,#17226,#17275,#17324,#17373,#17422,#17471,#17520,#17573,#17622,#17671,#17720,#17769,#17818,#17867,#17916,#17965,#18014,#18063,#18112,#18161,#18210,#18259,#18308,#18357,#18406,#18455,#18504,#18557,#18606,#18655,#18704,#18753,#18802,#18851,#18900,#18949,#18998,#19047,#19096,#19145,#19194,#19243,#19292,#19341,#19390,#19439,#19488,#19541,#19590,#19639,#19688,#19737,#19786,#19835,#19884,#19933,#19982,#20031,#20080,#20129,#20178,#20227,#20276,#20325,#20374,#20423,#20472,#20525,#20574,#20623,#20672,#20721,#20770,#20819,#20868,#20917,#20966,#21015,#21064,#21113,#21162,#21211,#21260,#21309,#21358,#21407,#21456,#21509,#21558,#21607,#21656,#21705,#21754,#21803,#21852,#21901,#21950,#21999,#22048,#22097,#22146,#22195,#22244,#22293,#22342,#22391,#22440,#22493,#22542,#22591,#22640,#22689,#22738,#22787,#22836,#22885,#22934,#22983,#23032,#23081,#23130,#23179,#23228,#23277,#23326,#23375,#23424,#23477,#23526,#23575,#23624,#23673,#23722,#23771,#23820,#23869,#23918,#23967,#24016,#24065,#24114,#24163,#24212,#24261,#24310,#24359,#24408,#24461,#24510,#24559,#24608,#24657,#24706,#24755,#24804,#24853,#24902,#24951,#25000,#25049,#25098,#25147,#25196,#25245,#25294,#25343,#25392),#11);
#26=PRODUCT_CATEGORY_RELATIONSHIP('','',#27,#28);
#27=PRODUCT_CATEGORY('part','');
#28=PRODUCT_RELATED_PRODUCT_CATEGORY('','',(#8));
#34=PRESENTATION_STYLE_ASSIGNMENT((#35,#40));
#35=SURFACE_STYLE_USAGE(.BOTH.,#36);
#36=SURFACE_SIDE_STYLE('',(#37));
#37=SURFACE_STYLE_FILL_AREA(#38);
#38=FILL_AREA_STYLE('',(#39));
#39=FILL_AREA_STYLE_COLOUR('',#41);
#40=CURVE_STYLE('',#42,POSITIVE_LENGTH_MEASURE(0.1),#41);
#41=COLOUR_RGB('Gold',0.843,0.686,0.0);
#42=DRAUGHTING_PRE_DEFINED_CURVE_FONT('continuous');
#43=PRESENTATION_STYLE_ASSIGNMENT((#44,#49));
#44=SURFACE_STYLE_USAGE(.BOTH.,#45);
#45=SURFACE_SIDE_STYLE('',(#46));
#46=SURFACE_STYLE_FILL_AREA(#47);
#47=FILL_AREA_STYLE('',(#48));
#48=FILL_AREA_STYLE_COLOUR('',#50);
#49=CURVE_STYLE('',#51,POSITIVE_LENGTH_MEASURE(0.1),#50);
#50=COLOUR_RGB('Black',0.196,0.196,0.196);
#51=DRAUGHTING_PRE_DEFINED_CURVE_FONT('continuous');
#52=PRESENTATION_STYLE_ASSIGNMENT((#53,#58));
#53=SURFACE_STYLE_USAGE(.BOTH.,#54);
#54=SURFACE_SIDE_STYLE('',(#55));
#55=SURFACE_STYLE_FILL_AREA(#56);
#56=FILL_AREA_STYLE('',(#57));
#57=FILL_AREA_STYLE_COLOUR('',#59);
#58=CURVE_STYLE('',#60,POSITIVE_LENGTH_MEASURE(0.1),#59);
#59=COLOUR_RGB('Pin1',0.588,0.588,0.588);
#60=DRAUGHTING_PRE_DEFINED_CURVE_FONT('continuous');
#61=PRESENTATION_STYLE_ASSIGNMENT((#62,#67));
#62=SURFACE_STYLE_USAGE(.BOTH.,#63);
#63=SURFACE_SIDE_STYLE('',(#64));
#64=SURFACE_STYLE_FILL_AREA(#65);
#65=FILL_AREA_STYLE('',(#66));
#66=FILL_AREA_STYLE_COLOUR('',#68);
#67=CURVE_STYLE('',#69,POSITIVE_LENGTH_MEASURE(0.1),#68);
#68=COLOUR_RGB('HeatTab',0.588,0.588,0.588);
#69=DRAUGHTING_PRE_DEFINED_CURVE_FONT('continuous');
#70=PRESENTATION_STYLE_ASSIGNMENT((#71,#76));
#71=SURFACE_STYLE_USAGE(.BOTH.,#72);
#72=SURFACE_SIDE_STYLE('',(#73));
#73=SURFACE_STYLE_FILL_AREA(#74);
#74=FILL_AREA_STYLE('',(#75));
#75=FILL_AREA_STYLE_COLOUR('',#77);
#76=CURVE_STYLE('',#78,POSITIVE_LENGTH_MEASURE(0.1),#77);
#77=COLOUR_RGB('Aluminum',0.725,0.725,0.725);
#78=DRAUGHTING_PRE_DEFINED_CURVE_FONT('continuous');
#79=PRESENTATION_STYLE_ASSIGNMENT((#80,#85));
#80=SURFACE_STYLE_USAGE(.BOTH.,#81);
#81=SURFACE_SIDE_STYLE('',(#82));
#82=SURFACE_STYLE_FILL_AREA(#83);
#83=FILL_AREA_STYLE('',(#84));
#84=FILL_AREA_STYLE_COLOUR('',#86);
#85=CURVE_STYLE('',#87,POSITIVE_LENGTH_MEASURE(0.1),#86);
#86=COLOUR_RGB('Brown',0.459,0.345,0.176);
#87=DRAUGHTING_PRE_DEFINED_CURVE_FONT('continuous');
#88=PRESENTATION_STYLE_ASSIGNMENT((#89,#94));
#89=SURFACE_STYLE_USAGE(.BOTH.,#90);
#90=SURFACE_SIDE_STYLE('',(#91));
#91=SURFACE_STYLE_FILL_AREA(#92);
#92=FILL_AREA_STYLE('',(#93));
#93=FILL_AREA_STYLE_COLOUR('',#95);
#94=CURVE_STYLE('',#96,POSITIVE_LENGTH_MEASURE(0.1),#95);
#95=COLOUR_RGB('Tan',0.784,0.686,0.51);
#96=DRAUGHTING_PRE_DEFINED_CURVE_FONT('continuous');
#97=PRESENTATION_STYLE_ASSIGNMENT((#98,#103));
#98=SURFACE_STYLE_USAGE(.BOTH.,#99);
#99=SURFACE_SIDE_STYLE('',(#100));
#100=SURFACE_STYLE_FILL_AREA(#101);
#101=FILL_AREA_STYLE('',(#102));
#102=FILL_AREA_STYLE_COLOUR('',#104);
#103=CURVE_STYLE('',#105,POSITIVE_LENGTH_MEASURE(0.1),#104);
#104=COLOUR_RGB('Gray',0.431,0.431,0.431);
#105=DRAUGHTING_PRE_DEFINED_CURVE_FONT('continuous');
#106=PRESENTATION_STYLE_ASSIGNMENT((#107,#112));
#107=SURFACE_STYLE_USAGE(.BOTH.,#108);
#108=SURFACE_SIDE_STYLE('',(#109));
#109=SURFACE_STYLE_FILL_AREA(#110);
#110=FILL_AREA_STYLE('',(#111));
#111=FILL_AREA_STYLE_COLOUR('',#113);
#112=CURVE_STYLE('',#114,POSITIVE_LENGTH_MEASURE(0.1),#113);
#113=COLOUR_RGB('Red',0.6,0.0,0.0);
#114=DRAUGHTING_PRE_DEFINED_CURVE_FONT('continuous');
#115=PRESENTATION_STYLE_ASSIGNMENT((#116,#121));
#116=SURFACE_STYLE_USAGE(.BOTH.,#117);
#117=SURFACE_SIDE_STYLE('',(#118));
#118=SURFACE_STYLE_FILL_AREA(#119);
#119=FILL_AREA_STYLE('',(#120));
#120=FILL_AREA_STYLE_COLOUR('',#122);
#121=CURVE_STYLE('',#123,POSITIVE_LENGTH_MEASURE(0.1),#122);
#122=COLOUR_RGB('Blue',0.157,0.157,0.588);
#123=DRAUGHTING_PRE_DEFINED_CURVE_FONT('continuous');
#124=PRESENTATION_STYLE_ASSIGNMENT((#125,#130));
#125=SURFACE_STYLE_USAGE(.BOTH.,#126);
#126=SURFACE_SIDE_STYLE('',(#127));
#127=SURFACE_STYLE_FILL_AREA(#128);
#128=FILL_AREA_STYLE('',(#129));
#129=FILL_AREA_STYLE_COLOUR('',#131);
#130=CURVE_STYLE('',#132,POSITIVE_LENGTH_MEASURE(0.1),#131);
#131=COLOUR_RGB('Maroon',0.294,0.0,0.0);
#132=DRAUGHTING_PRE_DEFINED_CURVE_FONT('continuous');
#133=PRESENTATION_STYLE_ASSIGNMENT((#134,#139));
#134=SURFACE_STYLE_USAGE(.BOTH.,#135);
#135=SURFACE_SIDE_STYLE('',(#136));
#136=SURFACE_STYLE_FILL_AREA(#137);
#137=FILL_AREA_STYLE('',(#138));
#138=FILL_AREA_STYLE_COLOUR('',#140);
#139=CURVE_STYLE('',#141,POSITIVE_LENGTH_MEASURE(0.1),#140);
#140=COLOUR_RGB('Green',0.0,0.294,0.0);
#141=DRAUGHTING_PRE_DEFINED_CURVE_FONT('continuous');
#142=PRESENTATION_STYLE_ASSIGNMENT((#143,#148));
#143=SURFACE_STYLE_USAGE(.BOTH.,#144);
#144=SURFACE_SIDE_STYLE('',(#145));
#145=SURFACE_STYLE_FILL_AREA(#146);
#146=FILL_AREA_STYLE('',(#147));
#147=FILL_AREA_STYLE_COLOUR('',#149);
#148=CURVE_STYLE('',#150,POSITIVE_LENGTH_MEASURE(0.1),#149);
#149=COLOUR_RGB('Pin1Wrap',0.98,0.706,0.176);
#150=DRAUGHTING_PRE_DEFINED_CURVE_FONT('continuous');
#151=PRESENTATION_STYLE_ASSIGNMENT((#152,#157));
#152=SURFACE_STYLE_USAGE(.BOTH.,#153);
#153=SURFACE_SIDE_STYLE('',(#154));
#154=SURFACE_STYLE_FILL_AREA(#155);
#155=FILL_AREA_STYLE('',(#156));
#156=FILL_AREA_STYLE_COLOUR('',#158);
#157=CURVE_STYLE('',#159,POSITIVE_LENGTH_MEASURE(0.1),#158);
#158=COLOUR_RGB('Pin1Rad',0.588,0.588,0.588);
#159=DRAUGHTING_PRE_DEFINED_CURVE_FONT('continuous');
#160=PRESENTATION_STYLE_ASSIGNMENT((#161,#166));
#161=SURFACE_STYLE_USAGE(.BOTH.,#162);
#162=SURFACE_SIDE_STYLE('',(#163));
#163=SURFACE_STYLE_FILL_AREA(#164);
#164=FILL_AREA_STYLE('',(#165));
#165=FILL_AREA_STYLE_COLOUR('',#167);
#166=CURVE_STYLE('',#168,POSITIVE_LENGTH_MEASURE(0.1),#167);
#167=COLOUR_RGB('Pin1Axial',0.98,0.706,0.176);
#168=DRAUGHTING_PRE_DEFINED_CURVE_FONT('continuous');
#169=PRESENTATION_STYLE_ASSIGNMENT((#170,#175));
#170=SURFACE_STYLE_USAGE(.BOTH.,#171);
#171=SURFACE_SIDE_STYLE('',(#172));
#172=SURFACE_STYLE_FILL_AREA(#173);
#173=FILL_AREA_STYLE('',(#174));
#174=FILL_AREA_STYLE_COLOUR('',#176);
#175=CURVE_STYLE('',#177,POSITIVE_LENGTH_MEASURE(0.1),#176);
#176=COLOUR_RGB('Pin1Tant',0.459,0.345,0.176);
#177=DRAUGHTING_PRE_DEFINED_CURVE_FONT('continuous');
#178=PRESENTATION_STYLE_ASSIGNMENT((#179,#184));
#179=SURFACE_STYLE_USAGE(.BOTH.,#180);
#180=SURFACE_SIDE_STYLE('',(#181));
#181=SURFACE_STYLE_FILL_AREA(#182);
#182=FILL_AREA_STYLE('',(#183));
#183=FILL_AREA_STYLE_COLOUR('',#185);
#184=CURVE_STYLE('',#186,POSITIVE_LENGTH_MEASURE(0.1),#185);
#185=COLOUR_RGB('Shroud',0.235,0.235,0.235);
#186=DRAUGHTING_PRE_DEFINED_CURVE_FONT('continuous');
#188=MANIFOLD_SOLID_BREP($,#189);
#189=CLOSED_SHELL('',(#191,#240,#289,#338,#387,#436,#485,#534,#583,#632,#681,#730,#779,#828,#877,#926,#975,#1024,#1073,#1122,#1171,#1220,#1269,#1318,#1367,#1416,#1465,#1514,#1563,#1612,#1661,#1710,#1759,#1808,#1857,#1906,#1955,#2004,#2053,#2102,#2151,#2200,#2249,#2298,#2347,#2396,#2445,#2494,#2543,#2592,#2641,#2690,#2739,#2788,#2837,#2886,#2935,#2984,#3033,#3082,#3131,#3180,#3229,#3278,#3327,#3376,#3425,#3474,#3523,#3572,#3621,#3670,#3719,#3768,#3817,#3866,#3915,#3964,#4013,#4062,#4111,#4160,#4209,#4258,#4307,#4356,#4405,#4454,#4503,#4552,#4601,#4650,#4699,#4748,#4797,#4846,#4895,#4944,#4993,#5042,#5091,#5140,#5189,#5238,#5287,#5336,#5385,#5434,#5483,#5532,#5581,#5630,#5679,#5728,#5777,#5826,#5875,#5924,#5973,#6022,#6071,#6120,#6169,#6218,#6267,#6316,#6365,#6414,#6463,#6512,#6561,#6610,#6659,#6708,#6757,#6806,#6855,#6904,#6953,#7002,#7051,#7100,#7149,#7198,#7247,#7296,#7345,#7394,#7443,#7492,#7541,#7590,#7639,#7688,#7737,#7786,#7835,#7884,#7933,#7982,#8031,#8080,#8129,#8178,#8227,#8276,#8325,#8374,#8423,#8472,#8521,#8570,#8619,#8668,#8717,#8766,#8815,#8864,#8913,#8962,#9011,#9060,#9109,#9158,#9207,#9256,#9305,#9354,#9403,#9452,#9501,#9550,#9599,#9648));
#190=STYLED_ITEM('',(#43),#191);
#191=ADVANCED_FACE('',(#197),#192,.T.);
#192=PLANE('',#193);
#193=AXIS2_PLACEMENT_3D('',#194,#195,#196);
#194=CARTESIAN_POINT('',(39.37,-1.08,2.576));
#195=DIRECTION('',(0.541,0.0,0.841));
#196=DIRECTION('',(0.,0.,1.));
#197=FACE_OUTER_BOUND('',#198,.T.);
#198=EDGE_LOOP('',(#199,#209,#219,#229));
#202=CARTESIAN_POINT('',(39.37,1.08,2.576));
#201=VERTEX_POINT('',#202);
#204=CARTESIAN_POINT('',(39.37,-1.08,2.576));
#203=VERTEX_POINT('',#204);
#200=EDGE_CURVE('',#201,#203,#205,.T.);
#205=LINE('',#202,#207);
#207=VECTOR('',#208,2.159127);
#208=DIRECTION('',(0.0,-1.0,0.0));
#199=ORIENTED_EDGE('',*,*,#200,.F.);
#212=CARTESIAN_POINT('',(38.925,1.27,2.862));
#211=VERTEX_POINT('',#212);
#210=EDGE_CURVE('',#211,#201,#215,.T.);
#215=LINE('',#212,#217);
#217=VECTOR('',#218,0.561958876596269);
#218=DIRECTION('',(0.791,-0.339,-0.509));
#209=ORIENTED_EDGE('',*,*,#210,.F.);
#222=CARTESIAN_POINT('',(38.925,-1.27,2.862));
#221=VERTEX_POINT('',#222);
#220=EDGE_CURVE('',#221,#211,#225,.T.);
#225=LINE('',#222,#227);
#227=VECTOR('',#228,2.54);
#228=DIRECTION('',(0.0,1.0,0.0));
#219=ORIENTED_EDGE('',*,*,#220,.F.);
#230=EDGE_CURVE('',#203,#221,#235,.T.);
#235=LINE('',#204,#237);
#237=VECTOR('',#238,0.561958876596269);
#238=DIRECTION('',(-0.791,-0.339,0.509));
#229=ORIENTED_EDGE('',*,*,#230,.F.);
#239=STYLED_ITEM('',(#43),#240);
#240=ADVANCED_FACE('',(#246),#241,.T.);
#241=PLANE('',#242);
#242=AXIS2_PLACEMENT_3D('',#243,#244,#245);
#243=CARTESIAN_POINT('',(37.275,-1.27,2.862));
#244=DIRECTION('',(0.0,0.0,1.0));
#245=DIRECTION('',(0.,1.,0.));
#246=FACE_OUTER_BOUND('',#247,.T.);
#247=EDGE_LOOP('',(#248,#258,#268,#278));
#253=CARTESIAN_POINT('',(37.275,-1.27,2.862));
#252=VERTEX_POINT('',#253);
#249=EDGE_CURVE('',#221,#252,#254,.T.);
#254=LINE('',#222,#256);
#256=VECTOR('',#257,1.650873);
#257=DIRECTION('',(-1.0,0.0,0.0));
#248=ORIENTED_EDGE('',*,*,#249,.F.);
#258=ORIENTED_EDGE('',*,*,#220,.T.);
#271=CARTESIAN_POINT('',(37.275,1.27,2.862));
#270=VERTEX_POINT('',#271);
#269=EDGE_CURVE('',#270,#211,#274,.T.);
#274=LINE('',#271,#276);
#276=VECTOR('',#277,1.650873);
#277=DIRECTION('',(1.0,0.0,0.0));
#268=ORIENTED_EDGE('',*,*,#269,.F.);
#279=EDGE_CURVE('',#252,#270,#284,.T.);
#284=LINE('',#253,#286);
#286=VECTOR('',#287,2.54);
#287=DIRECTION('',(0.0,1.0,0.0));
#278=ORIENTED_EDGE('',*,*,#279,.F.);
#288=STYLED_ITEM('',(#43),#289);
#289=ADVANCED_FACE('',(#295),#290,.T.);
#290=PLANE('',#291);
#291=AXIS2_PLACEMENT_3D('',#292,#293,#294);
#292=CARTESIAN_POINT('',(36.83,-1.08,2.576));
#293=DIRECTION('',(-0.541,0.0,0.841));
#294=DIRECTION('',(0.,0.,1.));
#295=FACE_OUTER_BOUND('',#296,.T.);
#296=EDGE_LOOP('',(#297,#307,#317,#327));
#302=CARTESIAN_POINT('',(36.83,-1.08,2.576));
#301=VERTEX_POINT('',#302);
#298=EDGE_CURVE('',#252,#301,#303,.T.);
#303=LINE('',#253,#305);
#305=VECTOR('',#306,0.561958876596269);
#306=DIRECTION('',(-0.791,0.339,-0.509));
#297=ORIENTED_EDGE('',*,*,#298,.F.);
#307=ORIENTED_EDGE('',*,*,#279,.T.);
#320=CARTESIAN_POINT('',(36.83,1.08,2.576));
#319=VERTEX_POINT('',#320);
#318=EDGE_CURVE('',#319,#270,#323,.T.);
#323=LINE('',#320,#325);
#325=VECTOR('',#326,0.561958876596269);
#326=DIRECTION('',(0.791,0.339,0.509));
#317=ORIENTED_EDGE('',*,*,#318,.F.);
#328=EDGE_CURVE('',#301,#319,#333,.T.);
#333=LINE('',#302,#335);
#335=VECTOR('',#336,2.159127);
#336=DIRECTION('',(0.0,1.0,0.0));
#327=ORIENTED_EDGE('',*,*,#328,.F.);
#337=STYLED_ITEM('',(#43),#338);
#338=ADVANCED_FACE('',(#344),#339,.T.);
#339=PLANE('',#340);
#340=AXIS2_PLACEMENT_3D('',#341,#342,#343);
#341=CARTESIAN_POINT('',(39.37,-1.08,0.715));
#342=DIRECTION('',(1.0,0.0,0.0));
#343=DIRECTION('',(0.,0.,1.));
#344=FACE_OUTER_BOUND('',#345,.T.);
#345=EDGE_LOOP('',(#346,#356,#366,#376));
#349=CARTESIAN_POINT('',(39.37,1.08,0.715));
#348=VERTEX_POINT('',#349);
#351=CARTESIAN_POINT('',(39.37,-1.08,0.715));
#350=VERTEX_POINT('',#351);
#347=EDGE_CURVE('',#348,#350,#352,.T.);
#352=LINE('',#349,#354);
#354=VECTOR('',#355,2.159127);
#355=DIRECTION('',(0.0,-1.0,0.0));
#346=ORIENTED_EDGE('',*,*,#347,.F.);
#357=EDGE_CURVE('',#201,#348,#362,.T.);
#362=LINE('',#202,#364);
#364=VECTOR('',#365,1.86012480654);
#365=DIRECTION('',(0.0,0.0,-1.0));
#356=ORIENTED_EDGE('',*,*,#357,.F.);
#366=ORIENTED_EDGE('',*,*,#200,.T.);
#377=EDGE_CURVE('',#350,#203,#382,.T.);
#382=LINE('',#351,#384);
#384=VECTOR('',#385,1.86012480654);
#385=DIRECTION('',(0.0,0.0,1.0));
#376=ORIENTED_EDGE('',*,*,#377,.F.);
#386=STYLED_ITEM('',(#43),#387);
#387=ADVANCED_FACE('',(#393),#388,.T.);
#388=PLANE('',#389);
#389=AXIS2_PLACEMENT_3D('',#390,#391,#392);
#390=CARTESIAN_POINT('',(39.37,1.08,0.715));
#391=DIRECTION('',(0.394,0.919,0.0));
#392=DIRECTION('',(0.,0.,1.));
#393=FACE_OUTER_BOUND('',#394,.T.);
#394=EDGE_LOOP('',(#395,#405,#415,#425));
#398=CARTESIAN_POINT('',(38.925,1.27,0.0));
#397=VERTEX_POINT('',#398);
#396=EDGE_CURVE('',#397,#348,#401,.T.);
#401=LINE('',#398,#403);
#403=VECTOR('',#404,0.863566208706518);
#404=DIRECTION('',(0.515,-0.221,0.828));
#395=ORIENTED_EDGE('',*,*,#396,.F.);
#406=EDGE_CURVE('',#211,#397,#411,.T.);
#411=LINE('',#212,#413);
#413=VECTOR('',#414,2.8617304716);
#414=DIRECTION('',(0.0,0.0,-1.0));
#405=ORIENTED_EDGE('',*,*,#406,.F.);
#415=ORIENTED_EDGE('',*,*,#210,.T.);
#425=ORIENTED_EDGE('',*,*,#357,.T.);
#435=STYLED_ITEM('',(#43),#436);
#436=ADVANCED_FACE('',(#442),#437,.T.);
#437=PLANE('',#438);
#438=AXIS2_PLACEMENT_3D('',#439,#440,#441);
#439=CARTESIAN_POINT('',(38.925,1.27,0.0));
#440=DIRECTION('',(0.0,1.0,0.0));
#441=DIRECTION('',(0.,0.,1.));
#442=FACE_OUTER_BOUND('',#443,.T.);
#443=EDGE_LOOP('',(#444,#454,#464,#474));
#447=CARTESIAN_POINT('',(37.275,1.27,0.0));
#446=VERTEX_POINT('',#447);
#445=EDGE_CURVE('',#446,#397,#450,.T.);
#450=LINE('',#447,#452);
#452=VECTOR('',#453,1.650873);
#453=DIRECTION('',(1.0,0.0,0.0));
#444=ORIENTED_EDGE('',*,*,#445,.F.);
#455=EDGE_CURVE('',#270,#446,#460,.T.);
#460=LINE('',#271,#462);
#462=VECTOR('',#463,2.8617304716);
#463=DIRECTION('',(0.0,0.0,-1.0));
#454=ORIENTED_EDGE('',*,*,#455,.F.);
#464=ORIENTED_EDGE('',*,*,#269,.T.);
#474=ORIENTED_EDGE('',*,*,#406,.T.);
#484=STYLED_ITEM('',(#43),#485);
#485=ADVANCED_FACE('',(#491),#486,.T.);
#486=PLANE('',#487);
#487=AXIS2_PLACEMENT_3D('',#488,#489,#490);
#488=CARTESIAN_POINT('',(37.275,1.27,0.0));
#489=DIRECTION('',(-0.394,0.919,0.0));
#490=DIRECTION('',(0.,0.,1.));
#491=FACE_OUTER_BOUND('',#492,.T.);
#492=EDGE_LOOP('',(#493,#503,#513,#523));
#496=CARTESIAN_POINT('',(36.83,1.08,0.715));
#495=VERTEX_POINT('',#496);
#494=EDGE_CURVE('',#495,#446,#499,.T.);
#499=LINE('',#496,#501);
#501=VECTOR('',#502,0.863566208706518);
#502=DIRECTION('',(0.515,0.221,-0.828));
#493=ORIENTED_EDGE('',*,*,#494,.F.);
#504=EDGE_CURVE('',#319,#495,#509,.T.);
#509=LINE('',#320,#511);
#511=VECTOR('',#512,1.86012480654);
#512=DIRECTION('',(0.0,0.0,-1.0));
#503=ORIENTED_EDGE('',*,*,#504,.F.);
#513=ORIENTED_EDGE('',*,*,#318,.T.);
#523=ORIENTED_EDGE('',*,*,#455,.T.);
#533=STYLED_ITEM('',(#43),#534);
#534=ADVANCED_FACE('',(#540),#535,.T.);
#535=PLANE('',#536);
#536=AXIS2_PLACEMENT_3D('',#537,#538,#539);
#537=CARTESIAN_POINT('',(36.83,-1.08,0.715));
#538=DIRECTION('',(-0.394,-0.919,0.0));
#539=DIRECTION('',(0.,0.,1.));
#540=FACE_OUTER_BOUND('',#541,.T.);
#541=EDGE_LOOP('',(#542,#552,#562,#572));
#545=CARTESIAN_POINT('',(37.275,-1.27,0.0));
#544=VERTEX_POINT('',#545);
#547=CARTESIAN_POINT('',(36.83,-1.08,0.715));
#546=VERTEX_POINT('',#547);
#543=EDGE_CURVE('',#544,#546,#548,.T.);
#548=LINE('',#545,#550);
#550=VECTOR('',#551,0.863566208706518);
#551=DIRECTION('',(-0.515,0.221,0.828));
#542=ORIENTED_EDGE('',*,*,#543,.F.);
#553=EDGE_CURVE('',#252,#544,#558,.T.);
#558=LINE('',#253,#560);
#560=VECTOR('',#561,2.8617304716);
#561=DIRECTION('',(0.0,0.0,-1.0));
#552=ORIENTED_EDGE('',*,*,#553,.F.);
#562=ORIENTED_EDGE('',*,*,#298,.T.);
#573=EDGE_CURVE('',#546,#301,#578,.T.);
#578=LINE('',#547,#580);
#580=VECTOR('',#581,1.86012480654);
#581=DIRECTION('',(0.0,0.0,1.0));
#572=ORIENTED_EDGE('',*,*,#573,.F.);
#582=STYLED_ITEM('',(#43),#583);
#583=ADVANCED_FACE('',(#589),#584,.T.);
#584=PLANE('',#585);
#585=AXIS2_PLACEMENT_3D('',#586,#587,#588);
#586=CARTESIAN_POINT('',(37.275,-1.27,0.0));
#587=DIRECTION('',(0.0,-1.0,0.0));
#588=DIRECTION('',(0.,0.,1.));
#589=FACE_OUTER_BOUND('',#590,.T.);
#590=EDGE_LOOP('',(#591,#601,#611,#621));
#594=CARTESIAN_POINT('',(38.925,-1.27,0.0));
#593=VERTEX_POINT('',#594);
#592=EDGE_CURVE('',#593,#544,#597,.T.);
#597=LINE('',#594,#599);
#599=VECTOR('',#600,1.650873);
#600=DIRECTION('',(-1.0,0.0,0.0));
#591=ORIENTED_EDGE('',*,*,#592,.F.);
#602=EDGE_CURVE('',#221,#593,#607,.T.);
#607=LINE('',#222,#609);
#609=VECTOR('',#610,2.8617304716);
#610=DIRECTION('',(0.0,0.0,-1.0));
#601=ORIENTED_EDGE('',*,*,#602,.F.);
#611=ORIENTED_EDGE('',*,*,#249,.T.);
#621=ORIENTED_EDGE('',*,*,#553,.T.);
#631=STYLED_ITEM('',(#43),#632);
#632=ADVANCED_FACE('',(#638),#633,.T.);
#633=PLANE('',#634);
#634=AXIS2_PLACEMENT_3D('',#635,#636,#637);
#635=CARTESIAN_POINT('',(38.925,-1.27,0.0));
#636=DIRECTION('',(0.394,-0.919,0.0));
#637=DIRECTION('',(0.,0.,1.));
#638=FACE_OUTER_BOUND('',#639,.T.);
#639=EDGE_LOOP('',(#640,#650,#660,#670));
#641=EDGE_CURVE('',#350,#593,#646,.T.);
#646=LINE('',#351,#648);
#648=VECTOR('',#649,0.863566208706518);
#649=DIRECTION('',(-0.515,-0.221,-0.828));
#640=ORIENTED_EDGE('',*,*,#641,.F.);
#650=ORIENTED_EDGE('',*,*,#377,.T.);
#660=ORIENTED_EDGE('',*,*,#230,.T.);
#670=ORIENTED_EDGE('',*,*,#602,.T.);
#680=STYLED_ITEM('',(#43),#681);
#681=ADVANCED_FACE('',(#687),#682,.T.);
#682=PLANE('',#683);
#683=AXIS2_PLACEMENT_3D('',#684,#685,#686);
#684=CARTESIAN_POINT('',(38.925,-1.27,0.0));
#685=DIRECTION('',(0.849,0.0,-0.528));
#686=DIRECTION('',(0.,0.,1.));
#687=FACE_OUTER_BOUND('',#688,.T.);
#688=EDGE_LOOP('',(#689,#699,#709,#719));
#690=EDGE_CURVE('',#397,#593,#695,.T.);
#695=LINE('',#398,#697);
#697=VECTOR('',#698,2.54);
#698=DIRECTION('',(0.0,-1.0,0.0));
#689=ORIENTED_EDGE('',*,*,#690,.F.);
#699=ORIENTED_EDGE('',*,*,#396,.T.);
#709=ORIENTED_EDGE('',*,*,#347,.T.);
#719=ORIENTED_EDGE('',*,*,#641,.T.);
#729=STYLED_ITEM('',(#43),#730);
#730=ADVANCED_FACE('',(#736),#731,.T.);
#731=PLANE('',#732);
#732=AXIS2_PLACEMENT_3D('',#733,#734,#735);
#733=CARTESIAN_POINT('',(37.275,1.27,0.0));
#734=DIRECTION('',(0.0,0.0,-1.0));
#735=DIRECTION('',(0.,1.,0.));
#736=FACE_OUTER_BOUND('',#737,.T.);
#737=EDGE_LOOP('',(#738,#748,#758,#768));
#738=ORIENTED_EDGE('',*,*,#445,.T.);
#748=ORIENTED_EDGE('',*,*,#690,.T.);
#758=ORIENTED_EDGE('',*,*,#592,.T.);
#769=EDGE_CURVE('',#446,#544,#774,.T.);
#774=LINE('',#447,#776);
#776=VECTOR('',#777,2.54);
#777=DIRECTION('',(0.0,-1.0,0.0));
#768=ORIENTED_EDGE('',*,*,#769,.F.);
#778=STYLED_ITEM('',(#43),#779);
#779=ADVANCED_FACE('',(#785),#780,.T.);
#780=PLANE('',#781);
#781=AXIS2_PLACEMENT_3D('',#782,#783,#784);
#782=CARTESIAN_POINT('',(37.275,1.27,0.0));
#783=DIRECTION('',(-0.849,0.0,-0.528));
#784=DIRECTION('',(0.,0.,1.));
#785=FACE_OUTER_BOUND('',#786,.T.);
#786=EDGE_LOOP('',(#787,#797,#807,#817));
#787=ORIENTED_EDGE('',*,*,#769,.T.);
#797=ORIENTED_EDGE('',*,*,#543,.T.);
#808=EDGE_CURVE('',#495,#546,#813,.T.);
#813=LINE('',#496,#815);
#815=VECTOR('',#816,2.159127);
#816=DIRECTION('',(0.0,-1.0,0.0));
#807=ORIENTED_EDGE('',*,*,#808,.F.);
#817=ORIENTED_EDGE('',*,*,#494,.T.);
#827=STYLED_ITEM('',(#43),#828);
#828=ADVANCED_FACE('',(#834),#829,.T.);
#829=PLANE('',#830);
#830=AXIS2_PLACEMENT_3D('',#831,#832,#833);
#831=CARTESIAN_POINT('',(36.83,-1.08,2.576));
#832=DIRECTION('',(0.541,0.0,0.841));
#833=DIRECTION('',(0.,0.,1.));
#834=FACE_OUTER_BOUND('',#835,.T.);
#835=EDGE_LOOP('',(#836,#846,#856,#866));
#836=ORIENTED_EDGE('',*,*,#328,.T.);
#849=CARTESIAN_POINT('',(36.385,1.27,2.862));
#848=VERTEX_POINT('',#849);
#847=EDGE_CURVE('',#848,#319,#852,.T.);
#852=LINE('',#849,#854);
#854=VECTOR('',#855,0.561958876596269);
#855=DIRECTION('',(0.791,-0.339,-0.509));
#846=ORIENTED_EDGE('',*,*,#847,.F.);
#859=CARTESIAN_POINT('',(36.385,-1.27,2.862));
#858=VERTEX_POINT('',#859);
#857=EDGE_CURVE('',#858,#848,#862,.T.);
#862=LINE('',#859,#864);
#864=VECTOR('',#865,2.54);
#865=DIRECTION('',(0.0,1.0,0.0));
#856=ORIENTED_EDGE('',*,*,#857,.F.);
#867=EDGE_CURVE('',#301,#858,#872,.T.);
#872=LINE('',#302,#874);
#874=VECTOR('',#875,0.561958876596269);
#875=DIRECTION('',(-0.791,-0.339,0.509));
#866=ORIENTED_EDGE('',*,*,#867,.F.);
#876=STYLED_ITEM('',(#43),#877);
#877=ADVANCED_FACE('',(#883),#878,.T.);
#878=PLANE('',#879);
#879=AXIS2_PLACEMENT_3D('',#880,#881,#882);
#880=CARTESIAN_POINT('',(34.735,-1.27,2.862));
#881=DIRECTION('',(0.0,0.0,1.0));
#882=DIRECTION('',(0.,1.,0.));
#883=FACE_OUTER_BOUND('',#884,.T.);
#884=EDGE_LOOP('',(#885,#895,#905,#915));
#890=CARTESIAN_POINT('',(34.735,-1.27,2.862));
#889=VERTEX_POINT('',#890);
#886=EDGE_CURVE('',#858,#889,#891,.T.);
#891=LINE('',#859,#893);
#893=VECTOR('',#894,1.650873);
#894=DIRECTION('',(-1.0,0.0,0.0));
#885=ORIENTED_EDGE('',*,*,#886,.F.);
#895=ORIENTED_EDGE('',*,*,#857,.T.);
#908=CARTESIAN_POINT('',(34.735,1.27,2.862));
#907=VERTEX_POINT('',#908);
#906=EDGE_CURVE('',#907,#848,#911,.T.);
#911=LINE('',#908,#913);
#913=VECTOR('',#914,1.650873);
#914=DIRECTION('',(1.0,0.0,0.0));
#905=ORIENTED_EDGE('',*,*,#906,.F.);
#916=EDGE_CURVE('',#889,#907,#921,.T.);
#921=LINE('',#890,#923);
#923=VECTOR('',#924,2.54);
#924=DIRECTION('',(0.0,1.0,0.0));
#915=ORIENTED_EDGE('',*,*,#916,.F.);
#925=STYLED_ITEM('',(#43),#926);
#926=ADVANCED_FACE('',(#932),#927,.T.);
#927=PLANE('',#928);
#928=AXIS2_PLACEMENT_3D('',#929,#930,#931);
#929=CARTESIAN_POINT('',(34.29,-1.08,2.576));
#930=DIRECTION('',(-0.541,0.0,0.841));
#931=DIRECTION('',(0.,0.,1.));
#932=FACE_OUTER_BOUND('',#933,.T.);
#933=EDGE_LOOP('',(#934,#944,#954,#964));
#939=CARTESIAN_POINT('',(34.29,-1.08,2.576));
#938=VERTEX_POINT('',#939);
#935=EDGE_CURVE('',#889,#938,#940,.T.);
#940=LINE('',#890,#942);
#942=VECTOR('',#943,0.561958876596269);
#943=DIRECTION('',(-0.791,0.339,-0.509));
#934=ORIENTED_EDGE('',*,*,#935,.F.);
#944=ORIENTED_EDGE('',*,*,#916,.T.);
#957=CARTESIAN_POINT('',(34.29,1.08,2.576));
#956=VERTEX_POINT('',#957);
#955=EDGE_CURVE('',#956,#907,#960,.T.);
#960=LINE('',#957,#962);
#962=VECTOR('',#963,0.561958876596269);
#963=DIRECTION('',(0.791,0.339,0.509));
#954=ORIENTED_EDGE('',*,*,#955,.F.);
#965=EDGE_CURVE('',#938,#956,#970,.T.);
#970=LINE('',#939,#972);
#972=VECTOR('',#973,2.159127);
#973=DIRECTION('',(0.0,1.0,0.0));
#964=ORIENTED_EDGE('',*,*,#965,.F.);
#974=STYLED_ITEM('',(#43),#975);
#975=ADVANCED_FACE('',(#981),#976,.T.);
#976=PLANE('',#977);
#977=AXIS2_PLACEMENT_3D('',#978,#979,#980);
#978=CARTESIAN_POINT('',(36.83,1.08,0.715));
#979=DIRECTION('',(0.394,0.919,0.0));
#980=DIRECTION('',(0.,0.,1.));
#981=FACE_OUTER_BOUND('',#982,.T.);
#982=EDGE_LOOP('',(#983,#993,#1003,#1013));
#986=CARTESIAN_POINT('',(36.385,1.27,0.0));
#985=VERTEX_POINT('',#986);
#984=EDGE_CURVE('',#985,#495,#989,.T.);
#989=LINE('',#986,#991);
#991=VECTOR('',#992,0.863566208706518);
#992=DIRECTION('',(0.515,-0.221,0.828));
#983=ORIENTED_EDGE('',*,*,#984,.F.);
#994=EDGE_CURVE('',#848,#985,#999,.T.);
#999=LINE('',#849,#1001);
#1001=VECTOR('',#1002,2.8617304716);
#1002=DIRECTION('',(0.0,0.0,-1.0));
#993=ORIENTED_EDGE('',*,*,#994,.F.);
#1003=ORIENTED_EDGE('',*,*,#847,.T.);
#1013=ORIENTED_EDGE('',*,*,#504,.T.);
#1023=STYLED_ITEM('',(#43),#1024);
#1024=ADVANCED_FACE('',(#1030),#1025,.T.);
#1025=PLANE('',#1026);
#1026=AXIS2_PLACEMENT_3D('',#1027,#1028,#1029);
#1027=CARTESIAN_POINT('',(36.385,1.27,0.0));
#1028=DIRECTION('',(0.0,1.0,0.0));
#1029=DIRECTION('',(0.,0.,1.));
#1030=FACE_OUTER_BOUND('',#1031,.T.);
#1031=EDGE_LOOP('',(#1032,#1042,#1052,#1062));
#1035=CARTESIAN_POINT('',(34.735,1.27,0.0));
#1034=VERTEX_POINT('',#1035);
#1033=EDGE_CURVE('',#1034,#985,#1038,.T.);
#1038=LINE('',#1035,#1040);
#1040=VECTOR('',#1041,1.650873);
#1041=DIRECTION('',(1.0,0.0,0.0));
#1032=ORIENTED_EDGE('',*,*,#1033,.F.);
#1043=EDGE_CURVE('',#907,#1034,#1048,.T.);
#1048=LINE('',#908,#1050);
#1050=VECTOR('',#1051,2.8617304716);
#1051=DIRECTION('',(0.0,0.0,-1.0));
#1042=ORIENTED_EDGE('',*,*,#1043,.F.);
#1052=ORIENTED_EDGE('',*,*,#906,.T.);
#1062=ORIENTED_EDGE('',*,*,#994,.T.);
#1072=STYLED_ITEM('',(#43),#1073);
#1073=ADVANCED_FACE('',(#1079),#1074,.T.);
#1074=PLANE('',#1075);
#1075=AXIS2_PLACEMENT_3D('',#1076,#1077,#1078);
#1076=CARTESIAN_POINT('',(34.735,1.27,0.0));
#1077=DIRECTION('',(-0.394,0.919,0.0));
#1078=DIRECTION('',(0.,0.,1.));
#1079=FACE_OUTER_BOUND('',#1080,.T.);
#1080=EDGE_LOOP('',(#1081,#1091,#1101,#1111));
#1084=CARTESIAN_POINT('',(34.29,1.08,0.715));
#1083=VERTEX_POINT('',#1084);
#1082=EDGE_CURVE('',#1083,#1034,#1087,.T.);
#1087=LINE('',#1084,#1089);
#1089=VECTOR('',#1090,0.863566208706518);
#1090=DIRECTION('',(0.515,0.221,-0.828));
#1081=ORIENTED_EDGE('',*,*,#1082,.F.);
#1092=EDGE_CURVE('',#956,#1083,#1097,.T.);
#1097=LINE('',#957,#1099);
#1099=VECTOR('',#1100,1.86012480654);
#1100=DIRECTION('',(0.0,0.0,-1.0));
#1091=ORIENTED_EDGE('',*,*,#1092,.F.);
#1101=ORIENTED_EDGE('',*,*,#955,.T.);
#1111=ORIENTED_EDGE('',*,*,#1043,.T.);
#1121=STYLED_ITEM('',(#43),#1122);
#1122=ADVANCED_FACE('',(#1128),#1123,.T.);
#1123=PLANE('',#1124);
#1124=AXIS2_PLACEMENT_3D('',#1125,#1126,#1127);
#1125=CARTESIAN_POINT('',(34.29,-1.08,0.715));
#1126=DIRECTION('',(-0.394,-0.919,0.0));
#1127=DIRECTION('',(0.,0.,1.));
#1128=FACE_OUTER_BOUND('',#1129,.T.);
#1129=EDGE_LOOP('',(#1130,#1140,#1150,#1160));
#1133=CARTESIAN_POINT('',(34.735,-1.27,0.0));
#1132=VERTEX_POINT('',#1133);
#1135=CARTESIAN_POINT('',(34.29,-1.08,0.715));
#1134=VERTEX_POINT('',#1135);
#1131=EDGE_CURVE('',#1132,#1134,#1136,.T.);
#1136=LINE('',#1133,#1138);
#1138=VECTOR('',#1139,0.863566208706518);
#1139=DIRECTION('',(-0.515,0.221,0.828));
#1130=ORIENTED_EDGE('',*,*,#1131,.F.);
#1141=EDGE_CURVE('',#889,#1132,#1146,.T.);
#1146=LINE('',#890,#1148);
#1148=VECTOR('',#1149,2.8617304716);
#1149=DIRECTION('',(0.0,0.0,-1.0));
#1140=ORIENTED_EDGE('',*,*,#1141,.F.);
#1150=ORIENTED_EDGE('',*,*,#935,.T.);
#1161=EDGE_CURVE('',#1134,#938,#1166,.T.);
#1166=LINE('',#1135,#1168);
#1168=VECTOR('',#1169,1.86012480654);
#1169=DIRECTION('',(0.0,0.0,1.0));
#1160=ORIENTED_EDGE('',*,*,#1161,.F.);
#1170=STYLED_ITEM('',(#43),#1171);
#1171=ADVANCED_FACE('',(#1177),#1172,.T.);
#1172=PLANE('',#1173);
#1173=AXIS2_PLACEMENT_3D('',#1174,#1175,#1176);
#1174=CARTESIAN_POINT('',(34.735,-1.27,0.0));
#1175=DIRECTION('',(0.0,-1.0,0.0));
#1176=DIRECTION('',(0.,0.,1.));
#1177=FACE_OUTER_BOUND('',#1178,.T.);
#1178=EDGE_LOOP('',(#1179,#1189,#1199,#1209));
#1182=CARTESIAN_POINT('',(36.385,-1.27,0.0));
#1181=VERTEX_POINT('',#1182);
#1180=EDGE_CURVE('',#1181,#1132,#1185,.T.);
#1185=LINE('',#1182,#1187);
#1187=VECTOR('',#1188,1.650873);
#1188=DIRECTION('',(-1.0,0.0,0.0));
#1179=ORIENTED_EDGE('',*,*,#1180,.F.);
#1190=EDGE_CURVE('',#858,#1181,#1195,.T.);
#1195=LINE('',#859,#1197);
#1197=VECTOR('',#1198,2.8617304716);
#1198=DIRECTION('',(0.0,0.0,-1.0));
#1189=ORIENTED_EDGE('',*,*,#1190,.F.);
#1199=ORIENTED_EDGE('',*,*,#886,.T.);
#1209=ORIENTED_EDGE('',*,*,#1141,.T.);
#1219=STYLED_ITEM('',(#43),#1220);
#1220=ADVANCED_FACE('',(#1226),#1221,.T.);
#1221=PLANE('',#1222);
#1222=AXIS2_PLACEMENT_3D('',#1223,#1224,#1225);
#1223=CARTESIAN_POINT('',(36.385,-1.27,0.0));
#1224=DIRECTION('',(0.394,-0.919,0.0));
#1225=DIRECTION('',(0.,0.,1.));
#1226=FACE_OUTER_BOUND('',#1227,.T.);
#1227=EDGE_LOOP('',(#1228,#1238,#1248,#1258));
#1229=EDGE_CURVE('',#546,#1181,#1234,.T.);
#1234=LINE('',#547,#1236);
#1236=VECTOR('',#1237,0.863566208706518);
#1237=DIRECTION('',(-0.515,-0.221,-0.828));
#1228=ORIENTED_EDGE('',*,*,#1229,.F.);
#1238=ORIENTED_EDGE('',*,*,#573,.T.);
#1248=ORIENTED_EDGE('',*,*,#867,.T.);
#1258=ORIENTED_EDGE('',*,*,#1190,.T.);
#1268=STYLED_ITEM('',(#43),#1269);
#1269=ADVANCED_FACE('',(#1275),#1270,.T.);
#1270=PLANE('',#1271);
#1271=AXIS2_PLACEMENT_3D('',#1272,#1273,#1274);
#1272=CARTESIAN_POINT('',(36.385,-1.27,0.0));
#1273=DIRECTION('',(0.849,0.0,-0.528));
#1274=DIRECTION('',(0.,0.,1.));
#1275=FACE_OUTER_BOUND('',#1276,.T.);
#1276=EDGE_LOOP('',(#1277,#1287,#1297,#1307));
#1278=EDGE_CURVE('',#985,#1181,#1283,.T.);
#1283=LINE('',#986,#1285);
#1285=VECTOR('',#1286,2.54);
#1286=DIRECTION('',(0.0,-1.0,0.0));
#1277=ORIENTED_EDGE('',*,*,#1278,.F.);
#1287=ORIENTED_EDGE('',*,*,#984,.T.);
#1297=ORIENTED_EDGE('',*,*,#808,.T.);
#1307=ORIENTED_EDGE('',*,*,#1229,.T.);
#1317=STYLED_ITEM('',(#43),#1318);
#1318=ADVANCED_FACE('',(#1324),#1319,.T.);
#1319=PLANE('',#1320);
#1320=AXIS2_PLACEMENT_3D('',#1321,#1322,#1323);
#1321=CARTESIAN_POINT('',(34.735,-1.27,0.0));
#1322=DIRECTION('',(0.0,0.0,-1.0));
#1323=DIRECTION('',(0.,1.,0.));
#1324=FACE_OUTER_BOUND('',#1325,.T.);
#1325=EDGE_LOOP('',(#1326,#1336,#1346,#1356));
#1327=EDGE_CURVE('',#1034,#1132,#1332,.T.);
#1332=LINE('',#1035,#1334);
#1334=VECTOR('',#1335,2.54);
#1335=DIRECTION('',(0.0,-1.0,0.0));
#1326=ORIENTED_EDGE('',*,*,#1327,.F.);
#1336=ORIENTED_EDGE('',*,*,#1033,.T.);
#1346=ORIENTED_EDGE('',*,*,#1278,.T.);
#1356=ORIENTED_EDGE('',*,*,#1180,.T.);
#1366=STYLED_ITEM('',(#43),#1367);
#1367=ADVANCED_FACE('',(#1373),#1368,.T.);
#1368=PLANE('',#1369);
#1369=AXIS2_PLACEMENT_3D('',#1370,#1371,#1372);
#1370=CARTESIAN_POINT('',(34.29,-1.08,0.715));
#1371=DIRECTION('',(-0.849,0.0,-0.528));
#1372=DIRECTION('',(0.,0.,1.));
#1373=FACE_OUTER_BOUND('',#1374,.T.);
#1374=EDGE_LOOP('',(#1375,#1385,#1395,#1405));
#1376=EDGE_CURVE('',#1083,#1134,#1381,.T.);
#1381=LINE('',#1084,#1383);
#1383=VECTOR('',#1384,2.159127);
#1384=DIRECTION('',(0.0,-1.0,0.0));
#1375=ORIENTED_EDGE('',*,*,#1376,.F.);
#1385=ORIENTED_EDGE('',*,*,#1082,.T.);
#1395=ORIENTED_EDGE('',*,*,#1327,.T.);
#1405=ORIENTED_EDGE('',*,*,#1131,.T.);
#1415=STYLED_ITEM('',(#43),#1416);
#1416=ADVANCED_FACE('',(#1422),#1417,.T.);
#1417=PLANE('',#1418);
#1418=AXIS2_PLACEMENT_3D('',#1419,#1420,#1421);
#1419=CARTESIAN_POINT('',(34.29,-1.08,2.576));
#1420=DIRECTION('',(0.541,0.0,0.841));
#1421=DIRECTION('',(0.,0.,1.));
#1422=FACE_OUTER_BOUND('',#1423,.T.);
#1423=EDGE_LOOP('',(#1424,#1434,#1444,#1454));
#1424=ORIENTED_EDGE('',*,*,#965,.T.);
#1437=CARTESIAN_POINT('',(33.845,1.27,2.862));
#1436=VERTEX_POINT('',#1437);
#1435=EDGE_CURVE('',#1436,#956,#1440,.T.);
#1440=LINE('',#1437,#1442);
#1442=VECTOR('',#1443,0.561958876596269);
#1443=DIRECTION('',(0.791,-0.339,-0.509));
#1434=ORIENTED_EDGE('',*,*,#1435,.F.);
#1447=CARTESIAN_POINT('',(33.845,-1.27,2.862));
#1446=VERTEX_POINT('',#1447);
#1445=EDGE_CURVE('',#1446,#1436,#1450,.T.);
#1450=LINE('',#1447,#1452);
#1452=VECTOR('',#1453,2.54);
#1453=DIRECTION('',(0.0,1.0,0.0));
#1444=ORIENTED_EDGE('',*,*,#1445,.F.);
#1455=EDGE_CURVE('',#938,#1446,#1460,.T.);
#1460=LINE('',#939,#1462);
#1462=VECTOR('',#1463,0.561958876596269);
#1463=DIRECTION('',(-0.791,-0.339,0.509));
#1454=ORIENTED_EDGE('',*,*,#1455,.F.);
#1464=STYLED_ITEM('',(#43),#1465);
#1465=ADVANCED_FACE('',(#1471),#1466,.T.);
#1466=PLANE('',#1467);
#1467=AXIS2_PLACEMENT_3D('',#1468,#1469,#1470);
#1468=CARTESIAN_POINT('',(32.195,-1.27,2.862));
#1469=DIRECTION('',(0.0,0.0,1.0));
#1470=DIRECTION('',(0.,1.,0.));
#1471=FACE_OUTER_BOUND('',#1472,.T.);
#1472=EDGE_LOOP('',(#1473,#1483,#1493,#1503));
#1478=CARTESIAN_POINT('',(32.195,-1.27,2.862));
#1477=VERTEX_POINT('',#1478);
#1474=EDGE_CURVE('',#1446,#1477,#1479,.T.);
#1479=LINE('',#1447,#1481);
#1481=VECTOR('',#1482,1.650873);
#1482=DIRECTION('',(-1.0,0.0,0.0));
#1473=ORIENTED_EDGE('',*,*,#1474,.F.);
#1483=ORIENTED_EDGE('',*,*,#1445,.T.);
#1496=CARTESIAN_POINT('',(32.195,1.27,2.862));
#1495=VERTEX_POINT('',#1496);
#1494=EDGE_CURVE('',#1495,#1436,#1499,.T.);
#1499=LINE('',#1496,#1501);
#1501=VECTOR('',#1502,1.650873);
#1502=DIRECTION('',(1.0,0.0,0.0));
#1493=ORIENTED_EDGE('',*,*,#1494,.F.);
#1504=EDGE_CURVE('',#1477,#1495,#1509,.T.);
#1509=LINE('',#1478,#1511);
#1511=VECTOR('',#1512,2.54);
#1512=DIRECTION('',(0.0,1.0,0.0));
#1503=ORIENTED_EDGE('',*,*,#1504,.F.);
#1513=STYLED_ITEM('',(#43),#1514);
#1514=ADVANCED_FACE('',(#1520),#1515,.T.);
#1515=PLANE('',#1516);
#1516=AXIS2_PLACEMENT_3D('',#1517,#1518,#1519);
#1517=CARTESIAN_POINT('',(31.75,-1.08,2.576));
#1518=DIRECTION('',(-0.541,0.0,0.841));
#1519=DIRECTION('',(0.,0.,1.));
#1520=FACE_OUTER_BOUND('',#1521,.T.);
#1521=EDGE_LOOP('',(#1522,#1532,#1542,#1552));
#1527=CARTESIAN_POINT('',(31.75,-1.08,2.576));
#1526=VERTEX_POINT('',#1527);
#1523=EDGE_CURVE('',#1477,#1526,#1528,.T.);
#1528=LINE('',#1478,#1530);
#1530=VECTOR('',#1531,0.561958876596269);
#1531=DIRECTION('',(-0.791,0.339,-0.509));
#1522=ORIENTED_EDGE('',*,*,#1523,.F.);
#1532=ORIENTED_EDGE('',*,*,#1504,.T.);
#1545=CARTESIAN_POINT('',(31.75,1.08,2.576));
#1544=VERTEX_POINT('',#1545);
#1543=EDGE_CURVE('',#1544,#1495,#1548,.T.);
#1548=LINE('',#1545,#1550);
#1550=VECTOR('',#1551,0.561958876596269);
#1551=DIRECTION('',(0.791,0.339,0.509));
#1542=ORIENTED_EDGE('',*,*,#1543,.F.);
#1553=EDGE_CURVE('',#1526,#1544,#1558,.T.);
#1558=LINE('',#1527,#1560);
#1560=VECTOR('',#1561,2.159127);
#1561=DIRECTION('',(0.0,1.0,0.0));
#1552=ORIENTED_EDGE('',*,*,#1553,.F.);
#1562=STYLED_ITEM('',(#43),#1563);
#1563=ADVANCED_FACE('',(#1569),#1564,.T.);
#1564=PLANE('',#1565);
#1565=AXIS2_PLACEMENT_3D('',#1566,#1567,#1568);
#1566=CARTESIAN_POINT('',(34.29,1.08,0.715));
#1567=DIRECTION('',(0.394,0.919,0.0));
#1568=DIRECTION('',(0.,0.,1.));
#1569=FACE_OUTER_BOUND('',#1570,.T.);
#1570=EDGE_LOOP('',(#1571,#1581,#1591,#1601));
#1574=CARTESIAN_POINT('',(33.845,1.27,0.0));
#1573=VERTEX_POINT('',#1574);
#1572=EDGE_CURVE('',#1573,#1083,#1577,.T.);
#1577=LINE('',#1574,#1579);
#1579=VECTOR('',#1580,0.863566208706518);
#1580=DIRECTION('',(0.515,-0.221,0.828));
#1571=ORIENTED_EDGE('',*,*,#1572,.F.);
#1582=EDGE_CURVE('',#1436,#1573,#1587,.T.);
#1587=LINE('',#1437,#1589);
#1589=VECTOR('',#1590,2.8617304716);
#1590=DIRECTION('',(0.0,0.0,-1.0));
#1581=ORIENTED_EDGE('',*,*,#1582,.F.);
#1591=ORIENTED_EDGE('',*,*,#1435,.T.);
#1601=ORIENTED_EDGE('',*,*,#1092,.T.);
#1611=STYLED_ITEM('',(#43),#1612);
#1612=ADVANCED_FACE('',(#1618),#1613,.T.);
#1613=PLANE('',#1614);
#1614=AXIS2_PLACEMENT_3D('',#1615,#1616,#1617);
#1615=CARTESIAN_POINT('',(33.845,1.27,0.0));
#1616=DIRECTION('',(0.0,1.0,0.0));
#1617=DIRECTION('',(0.,0.,1.));
#1618=FACE_OUTER_BOUND('',#1619,.T.);
#1619=EDGE_LOOP('',(#1620,#1630,#1640,#1650));
#1623=CARTESIAN_POINT('',(32.195,1.27,0.0));
#1622=VERTEX_POINT('',#1623);
#1621=EDGE_CURVE('',#1622,#1573,#1626,.T.);
#1626=LINE('',#1623,#1628);
#1628=VECTOR('',#1629,1.650873);
#1629=DIRECTION('',(1.0,0.0,0.0));
#1620=ORIENTED_EDGE('',*,*,#1621,.F.);
#1631=EDGE_CURVE('',#1495,#1622,#1636,.T.);
#1636=LINE('',#1496,#1638);
#1638=VECTOR('',#1639,2.8617304716);
#1639=DIRECTION('',(0.0,0.0,-1.0));
#1630=ORIENTED_EDGE('',*,*,#1631,.F.);
#1640=ORIENTED_EDGE('',*,*,#1494,.T.);
#1650=ORIENTED_EDGE('',*,*,#1582,.T.);
#1660=STYLED_ITEM('',(#43),#1661);
#1661=ADVANCED_FACE('',(#1667),#1662,.T.);
#1662=PLANE('',#1663);
#1663=AXIS2_PLACEMENT_3D('',#1664,#1665,#1666);
#1664=CARTESIAN_POINT('',(32.195,1.27,0.0));
#1665=DIRECTION('',(-0.394,0.919,0.0));
#1666=DIRECTION('',(0.,0.,1.));
#1667=FACE_OUTER_BOUND('',#1668,.T.);
#1668=EDGE_LOOP('',(#1669,#1679,#1689,#1699));
#1672=CARTESIAN_POINT('',(31.75,1.08,0.715));
#1671=VERTEX_POINT('',#1672);
#1670=EDGE_CURVE('',#1671,#1622,#1675,.T.);
#1675=LINE('',#1672,#1677);
#1677=VECTOR('',#1678,0.863566208706518);
#1678=DIRECTION('',(0.515,0.221,-0.828));
#1669=ORIENTED_EDGE('',*,*,#1670,.F.);
#1680=EDGE_CURVE('',#1544,#1671,#1685,.T.);
#1685=LINE('',#1545,#1687);
#1687=VECTOR('',#1688,1.86012480654);
#1688=DIRECTION('',(0.0,0.0,-1.0));
#1679=ORIENTED_EDGE('',*,*,#1680,.F.);
#1689=ORIENTED_EDGE('',*,*,#1543,.T.);
#1699=ORIENTED_EDGE('',*,*,#1631,.T.);
#1709=STYLED_ITEM('',(#43),#1710);
#1710=ADVANCED_FACE('',(#1716),#1711,.T.);
#1711=PLANE('',#1712);
#1712=AXIS2_PLACEMENT_3D('',#1713,#1714,#1715);
#1713=CARTESIAN_POINT('',(31.75,-1.08,0.715));
#1714=DIRECTION('',(-0.394,-0.919,0.0));
#1715=DIRECTION('',(0.,0.,1.));
#1716=FACE_OUTER_BOUND('',#1717,.T.);
#1717=EDGE_LOOP('',(#1718,#1728,#1738,#1748));
#1721=CARTESIAN_POINT('',(32.195,-1.27,0.0));
#1720=VERTEX_POINT('',#1721);
#1723=CARTESIAN_POINT('',(31.75,-1.08,0.715));
#1722=VERTEX_POINT('',#1723);
#1719=EDGE_CURVE('',#1720,#1722,#1724,.T.);
#1724=LINE('',#1721,#1726);
#1726=VECTOR('',#1727,0.863566208706518);
#1727=DIRECTION('',(-0.515,0.221,0.828));
#1718=ORIENTED_EDGE('',*,*,#1719,.F.);
#1729=EDGE_CURVE('',#1477,#1720,#1734,.T.);
#1734=LINE('',#1478,#1736);
#1736=VECTOR('',#1737,2.8617304716);
#1737=DIRECTION('',(0.0,0.0,-1.0));
#1728=ORIENTED_EDGE('',*,*,#1729,.F.);
#1738=ORIENTED_EDGE('',*,*,#1523,.T.);
#1749=EDGE_CURVE('',#1722,#1526,#1754,.T.);
#1754=LINE('',#1723,#1756);
#1756=VECTOR('',#1757,1.86012480654);
#1757=DIRECTION('',(0.0,0.0,1.0));
#1748=ORIENTED_EDGE('',*,*,#1749,.F.);
#1758=STYLED_ITEM('',(#43),#1759);
#1759=ADVANCED_FACE('',(#1765),#1760,.T.);
#1760=PLANE('',#1761);
#1761=AXIS2_PLACEMENT_3D('',#1762,#1763,#1764);
#1762=CARTESIAN_POINT('',(32.195,-1.27,0.0));
#1763=DIRECTION('',(0.0,-1.0,0.0));
#1764=DIRECTION('',(0.,0.,1.));
#1765=FACE_OUTER_BOUND('',#1766,.T.);
#1766=EDGE_LOOP('',(#1767,#1777,#1787,#1797));
#1770=CARTESIAN_POINT('',(33.845,-1.27,0.0));
#1769=VERTEX_POINT('',#1770);
#1768=EDGE_CURVE('',#1769,#1720,#1773,.T.);
#1773=LINE('',#1770,#1775);
#1775=VECTOR('',#1776,1.650873);
#1776=DIRECTION('',(-1.0,0.0,0.0));
#1767=ORIENTED_EDGE('',*,*,#1768,.F.);
#1778=EDGE_CURVE('',#1446,#1769,#1783,.T.);
#1783=LINE('',#1447,#1785);
#1785=VECTOR('',#1786,2.8617304716);
#1786=DIRECTION('',(0.0,0.0,-1.0));
#1777=ORIENTED_EDGE('',*,*,#1778,.F.);
#1787=ORIENTED_EDGE('',*,*,#1474,.T.);
#1797=ORIENTED_EDGE('',*,*,#1729,.T.);
#1807=STYLED_ITEM('',(#43),#1808);
#1808=ADVANCED_FACE('',(#1814),#1809,.T.);
#1809=PLANE('',#1810);
#1810=AXIS2_PLACEMENT_3D('',#1811,#1812,#1813);
#1811=CARTESIAN_POINT('',(33.845,-1.27,0.0));
#1812=DIRECTION('',(0.394,-0.919,0.0));
#1813=DIRECTION('',(0.,0.,1.));
#1814=FACE_OUTER_BOUND('',#1815,.T.);
#1815=EDGE_LOOP('',(#1816,#1826,#1836,#1846));
#1817=EDGE_CURVE('',#1134,#1769,#1822,.T.);
#1822=LINE('',#1135,#1824);
#1824=VECTOR('',#1825,0.863566208706518);
#1825=DIRECTION('',(-0.515,-0.221,-0.828));
#1816=ORIENTED_EDGE('',*,*,#1817,.F.);
#1826=ORIENTED_EDGE('',*,*,#1161,.T.);
#1836=ORIENTED_EDGE('',*,*,#1455,.T.);
#1846=ORIENTED_EDGE('',*,*,#1778,.T.);
#1856=STYLED_ITEM('',(#43),#1857);
#1857=ADVANCED_FACE('',(#1863),#1858,.T.);
#1858=PLANE('',#1859);
#1859=AXIS2_PLACEMENT_3D('',#1860,#1861,#1862);
#1860=CARTESIAN_POINT('',(33.845,-1.27,0.0));
#1861=DIRECTION('',(0.849,0.0,-0.528));
#1862=DIRECTION('',(0.,0.,1.));
#1863=FACE_OUTER_BOUND('',#1864,.T.);
#1864=EDGE_LOOP('',(#1865,#1875,#1885,#1895));
#1866=EDGE_CURVE('',#1573,#1769,#1871,.T.);
#1871=LINE('',#1574,#1873);
#1873=VECTOR('',#1874,2.54);
#1874=DIRECTION('',(0.0,-1.0,0.0));
#1865=ORIENTED_EDGE('',*,*,#1866,.F.);
#1875=ORIENTED_EDGE('',*,*,#1572,.T.);
#1885=ORIENTED_EDGE('',*,*,#1376,.T.);
#1895=ORIENTED_EDGE('',*,*,#1817,.T.);
#1905=STYLED_ITEM('',(#43),#1906);
#1906=ADVANCED_FACE('',(#1912),#1907,.T.);
#1907=PLANE('',#1908);
#1908=AXIS2_PLACEMENT_3D('',#1909,#1910,#1911);
#1909=CARTESIAN_POINT('',(32.195,1.27,0.0));
#1910=DIRECTION('',(0.0,0.0,-1.0));
#1911=DIRECTION('',(0.,1.,0.));
#1912=FACE_OUTER_BOUND('',#1913,.T.);
#1913=EDGE_LOOP('',(#1914,#1924,#1934,#1944));
#1914=ORIENTED_EDGE('',*,*,#1621,.T.);
#1924=ORIENTED_EDGE('',*,*,#1866,.T.);
#1934=ORIENTED_EDGE('',*,*,#1768,.T.);
#1945=EDGE_CURVE('',#1622,#1720,#1950,.T.);
#1950=LINE('',#1623,#1952);
#1952=VECTOR('',#1953,2.54);
#1953=DIRECTION('',(0.0,-1.0,0.0));
#1944=ORIENTED_EDGE('',*,*,#1945,.F.);
#1954=STYLED_ITEM('',(#43),#1955);
#1955=ADVANCED_FACE('',(#1961),#1956,.T.);
#1956=PLANE('',#1957);
#1957=AXIS2_PLACEMENT_3D('',#1958,#1959,#1960);
#1958=CARTESIAN_POINT('',(32.195,1.27,0.0));
#1959=DIRECTION('',(-0.849,0.0,-0.528));
#1960=DIRECTION('',(0.,0.,1.));
#1961=FACE_OUTER_BOUND('',#1962,.T.);
#1962=EDGE_LOOP('',(#1963,#1973,#1983,#1993));
#1963=ORIENTED_EDGE('',*,*,#1945,.T.);
#1973=ORIENTED_EDGE('',*,*,#1719,.T.);
#1984=EDGE_CURVE('',#1671,#1722,#1989,.T.);
#1989=LINE('',#1672,#1991);
#1991=VECTOR('',#1992,2.159127);
#1992=DIRECTION('',(0.0,-1.0,0.0));
#1983=ORIENTED_EDGE('',*,*,#1984,.F.);
#1993=ORIENTED_EDGE('',*,*,#1670,.T.);
#2003=STYLED_ITEM('',(#43),#2004);
#2004=ADVANCED_FACE('',(#2010),#2005,.T.);
#2005=PLANE('',#2006);
#2006=AXIS2_PLACEMENT_3D('',#2007,#2008,#2009);
#2007=CARTESIAN_POINT('',(31.75,-1.08,2.576));
#2008=DIRECTION('',(0.541,0.0,0.841));
#2009=DIRECTION('',(0.,0.,1.));
#2010=FACE_OUTER_BOUND('',#2011,.T.);
#2011=EDGE_LOOP('',(#2012,#2022,#2032,#2042));
#2012=ORIENTED_EDGE('',*,*,#1553,.T.);
#2025=CARTESIAN_POINT('',(31.305,1.27,2.862));
#2024=VERTEX_POINT('',#2025);
#2023=EDGE_CURVE('',#2024,#1544,#2028,.T.);
#2028=LINE('',#2025,#2030);
#2030=VECTOR('',#2031,0.561958876596269);
#2031=DIRECTION('',(0.791,-0.339,-0.509));
#2022=ORIENTED_EDGE('',*,*,#2023,.F.);
#2035=CARTESIAN_POINT('',(31.305,-1.27,2.862));
#2034=VERTEX_POINT('',#2035);
#2033=EDGE_CURVE('',#2034,#2024,#2038,.T.);
#2038=LINE('',#2035,#2040);
#2040=VECTOR('',#2041,2.54);
#2041=DIRECTION('',(0.0,1.0,0.0));
#2032=ORIENTED_EDGE('',*,*,#2033,.F.);
#2043=EDGE_CURVE('',#1526,#2034,#2048,.T.);
#2048=LINE('',#1527,#2050);
#2050=VECTOR('',#2051,0.561958876596269);
#2051=DIRECTION('',(-0.791,-0.339,0.509));
#2042=ORIENTED_EDGE('',*,*,#2043,.F.);
#2052=STYLED_ITEM('',(#43),#2053);
#2053=ADVANCED_FACE('',(#2059),#2054,.T.);
#2054=PLANE('',#2055);
#2055=AXIS2_PLACEMENT_3D('',#2056,#2057,#2058);
#2056=CARTESIAN_POINT('',(29.655,-1.27,2.862));
#2057=DIRECTION('',(0.0,0.0,1.0));
#2058=DIRECTION('',(0.,1.,0.));
#2059=FACE_OUTER_BOUND('',#2060,.T.);
#2060=EDGE_LOOP('',(#2061,#2071,#2081,#2091));
#2066=CARTESIAN_POINT('',(29.655,-1.27,2.862));
#2065=VERTEX_POINT('',#2066);
#2062=EDGE_CURVE('',#2034,#2065,#2067,.T.);
#2067=LINE('',#2035,#2069);
#2069=VECTOR('',#2070,1.650873);
#2070=DIRECTION('',(-1.0,0.0,0.0));
#2061=ORIENTED_EDGE('',*,*,#2062,.F.);
#2071=ORIENTED_EDGE('',*,*,#2033,.T.);
#2084=CARTESIAN_POINT('',(29.655,1.27,2.862));
#2083=VERTEX_POINT('',#2084);
#2082=EDGE_CURVE('',#2083,#2024,#2087,.T.);
#2087=LINE('',#2084,#2089);
#2089=VECTOR('',#2090,1.650873);
#2090=DIRECTION('',(1.0,0.0,0.0));
#2081=ORIENTED_EDGE('',*,*,#2082,.F.);
#2092=EDGE_CURVE('',#2065,#2083,#2097,.T.);
#2097=LINE('',#2066,#2099);
#2099=VECTOR('',#2100,2.54);
#2100=DIRECTION('',(0.0,1.0,0.0));
#2091=ORIENTED_EDGE('',*,*,#2092,.F.);
#2101=STYLED_ITEM('',(#43),#2102);
#2102=ADVANCED_FACE('',(#2108),#2103,.T.);
#2103=PLANE('',#2104);
#2104=AXIS2_PLACEMENT_3D('',#2105,#2106,#2107);
#2105=CARTESIAN_POINT('',(29.21,-1.08,2.576));
#2106=DIRECTION('',(-0.541,0.0,0.841));
#2107=DIRECTION('',(0.,0.,1.));
#2108=FACE_OUTER_BOUND('',#2109,.T.);
#2109=EDGE_LOOP('',(#2110,#2120,#2130,#2140));
#2115=CARTESIAN_POINT('',(29.21,-1.08,2.576));
#2114=VERTEX_POINT('',#2115);
#2111=EDGE_CURVE('',#2065,#2114,#2116,.T.);
#2116=LINE('',#2066,#2118);
#2118=VECTOR('',#2119,0.561958876596269);
#2119=DIRECTION('',(-0.791,0.339,-0.509));
#2110=ORIENTED_EDGE('',*,*,#2111,.F.);
#2120=ORIENTED_EDGE('',*,*,#2092,.T.);
#2133=CARTESIAN_POINT('',(29.21,1.08,2.576));
#2132=VERTEX_POINT('',#2133);
#2131=EDGE_CURVE('',#2132,#2083,#2136,.T.);
#2136=LINE('',#2133,#2138);
#2138=VECTOR('',#2139,0.561958876596269);
#2139=DIRECTION('',(0.791,0.339,0.509));
#2130=ORIENTED_EDGE('',*,*,#2131,.F.);
#2141=EDGE_CURVE('',#2114,#2132,#2146,.T.);
#2146=LINE('',#2115,#2148);
#2148=VECTOR('',#2149,2.159127);
#2149=DIRECTION('',(0.0,1.0,0.0));
#2140=ORIENTED_EDGE('',*,*,#2141,.F.);
#2150=STYLED_ITEM('',(#43),#2151);
#2151=ADVANCED_FACE('',(#2157),#2152,.T.);
#2152=PLANE('',#2153);
#2153=AXIS2_PLACEMENT_3D('',#2154,#2155,#2156);
#2154=CARTESIAN_POINT('',(31.75,1.08,0.715));
#2155=DIRECTION('',(0.394,0.919,0.0));
#2156=DIRECTION('',(0.,0.,1.));
#2157=FACE_OUTER_BOUND('',#2158,.T.);
#2158=EDGE_LOOP('',(#2159,#2169,#2179,#2189));
#2162=CARTESIAN_POINT('',(31.305,1.27,0.0));
#2161=VERTEX_POINT('',#2162);
#2160=EDGE_CURVE('',#2161,#1671,#2165,.T.);
#2165=LINE('',#2162,#2167);
#2167=VECTOR('',#2168,0.863566208706518);
#2168=DIRECTION('',(0.515,-0.221,0.828));
#2159=ORIENTED_EDGE('',*,*,#2160,.F.);
#2170=EDGE_CURVE('',#2024,#2161,#2175,.T.);
#2175=LINE('',#2025,#2177);
#2177=VECTOR('',#2178,2.8617304716);
#2178=DIRECTION('',(0.0,0.0,-1.0));
#2169=ORIENTED_EDGE('',*,*,#2170,.F.);
#2179=ORIENTED_EDGE('',*,*,#2023,.T.);
#2189=ORIENTED_EDGE('',*,*,#1680,.T.);
#2199=STYLED_ITEM('',(#43),#2200);
#2200=ADVANCED_FACE('',(#2206),#2201,.T.);
#2201=PLANE('',#2202);
#2202=AXIS2_PLACEMENT_3D('',#2203,#2204,#2205);
#2203=CARTESIAN_POINT('',(31.305,1.27,0.0));
#2204=DIRECTION('',(0.0,1.0,0.0));
#2205=DIRECTION('',(0.,0.,1.));
#2206=FACE_OUTER_BOUND('',#2207,.T.);
#2207=EDGE_LOOP('',(#2208,#2218,#2228,#2238));
#2211=CARTESIAN_POINT('',(29.655,1.27,0.0));
#2210=VERTEX_POINT('',#2211);
#2209=EDGE_CURVE('',#2210,#2161,#2214,.T.);
#2214=LINE('',#2211,#2216);
#2216=VECTOR('',#2217,1.650873);
#2217=DIRECTION('',(1.0,0.0,0.0));
#2208=ORIENTED_EDGE('',*,*,#2209,.F.);
#2219=EDGE_CURVE('',#2083,#2210,#2224,.T.);
#2224=LINE('',#2084,#2226);
#2226=VECTOR('',#2227,2.8617304716);
#2227=DIRECTION('',(0.0,0.0,-1.0));
#2218=ORIENTED_EDGE('',*,*,#2219,.F.);
#2228=ORIENTED_EDGE('',*,*,#2082,.T.);
#2238=ORIENTED_EDGE('',*,*,#2170,.T.);
#2248=STYLED_ITEM('',(#43),#2249);
#2249=ADVANCED_FACE('',(#2255),#2250,.T.);
#2250=PLANE('',#2251);
#2251=AXIS2_PLACEMENT_3D('',#2252,#2253,#2254);
#2252=CARTESIAN_POINT('',(29.655,1.27,0.0));
#2253=DIRECTION('',(-0.394,0.919,0.0));
#2254=DIRECTION('',(0.,0.,1.));
#2255=FACE_OUTER_BOUND('',#2256,.T.);
#2256=EDGE_LOOP('',(#2257,#2267,#2277,#2287));
#2260=CARTESIAN_POINT('',(29.21,1.08,0.715));
#2259=VERTEX_POINT('',#2260);
#2258=EDGE_CURVE('',#2259,#2210,#2263,.T.);
#2263=LINE('',#2260,#2265);
#2265=VECTOR('',#2266,0.863566208706518);
#2266=DIRECTION('',(0.515,0.221,-0.828));
#2257=ORIENTED_EDGE('',*,*,#2258,.F.);
#2268=EDGE_CURVE('',#2132,#2259,#2273,.T.);
#2273=LINE('',#2133,#2275);
#2275=VECTOR('',#2276,1.86012480654);
#2276=DIRECTION('',(0.0,0.0,-1.0));
#2267=ORIENTED_EDGE('',*,*,#2268,.F.);
#2277=ORIENTED_EDGE('',*,*,#2131,.T.);
#2287=ORIENTED_EDGE('',*,*,#2219,.T.);
#2297=STYLED_ITEM('',(#43),#2298);
#2298=ADVANCED_FACE('',(#2304),#2299,.T.);
#2299=PLANE('',#2300);
#2300=AXIS2_PLACEMENT_3D('',#2301,#2302,#2303);
#2301=CARTESIAN_POINT('',(29.21,-1.08,0.715));
#2302=DIRECTION('',(-0.394,-0.919,0.0));
#2303=DIRECTION('',(0.,0.,1.));
#2304=FACE_OUTER_BOUND('',#2305,.T.);
#2305=EDGE_LOOP('',(#2306,#2316,#2326,#2336));
#2309=CARTESIAN_POINT('',(29.655,-1.27,0.0));
#2308=VERTEX_POINT('',#2309);
#2311=CARTESIAN_POINT('',(29.21,-1.08,0.715));
#2310=VERTEX_POINT('',#2311);
#2307=EDGE_CURVE('',#2308,#2310,#2312,.T.);
#2312=LINE('',#2309,#2314);
#2314=VECTOR('',#2315,0.863566208706518);
#2315=DIRECTION('',(-0.515,0.221,0.828));
#2306=ORIENTED_EDGE('',*,*,#2307,.F.);
#2317=EDGE_CURVE('',#2065,#2308,#2322,.T.);
#2322=LINE('',#2066,#2324);
#2324=VECTOR('',#2325,2.8617304716);
#2325=DIRECTION('',(0.0,0.0,-1.0));
#2316=ORIENTED_EDGE('',*,*,#2317,.F.);
#2326=ORIENTED_EDGE('',*,*,#2111,.T.);
#2337=EDGE_CURVE('',#2310,#2114,#2342,.T.);
#2342=LINE('',#2311,#2344);
#2344=VECTOR('',#2345,1.86012480654);
#2345=DIRECTION('',(0.0,0.0,1.0));
#2336=ORIENTED_EDGE('',*,*,#2337,.F.);
#2346=STYLED_ITEM('',(#43),#2347);
#2347=ADVANCED_FACE('',(#2353),#2348,.T.);
#2348=PLANE('',#2349);
#2349=AXIS2_PLACEMENT_3D('',#2350,#2351,#2352);
#2350=CARTESIAN_POINT('',(29.655,-1.27,0.0));
#2351=DIRECTION('',(0.0,-1.0,0.0));
#2352=DIRECTION('',(0.,0.,1.));
#2353=FACE_OUTER_BOUND('',#2354,.T.);
#2354=EDGE_LOOP('',(#2355,#2365,#2375,#2385));
#2358=CARTESIAN_POINT('',(31.305,-1.27,0.0));
#2357=VERTEX_POINT('',#2358);
#2356=EDGE_CURVE('',#2357,#2308,#2361,.T.);
#2361=LINE('',#2358,#2363);
#2363=VECTOR('',#2364,1.650873);
#2364=DIRECTION('',(-1.0,0.0,0.0));
#2355=ORIENTED_EDGE('',*,*,#2356,.F.);
#2366=EDGE_CURVE('',#2034,#2357,#2371,.T.);
#2371=LINE('',#2035,#2373);
#2373=VECTOR('',#2374,2.8617304716);
#2374=DIRECTION('',(0.0,0.0,-1.0));
#2365=ORIENTED_EDGE('',*,*,#2366,.F.);
#2375=ORIENTED_EDGE('',*,*,#2062,.T.);
#2385=ORIENTED_EDGE('',*,*,#2317,.T.);
#2395=STYLED_ITEM('',(#43),#2396);
#2396=ADVANCED_FACE('',(#2402),#2397,.T.);
#2397=PLANE('',#2398);
#2398=AXIS2_PLACEMENT_3D('',#2399,#2400,#2401);
#2399=CARTESIAN_POINT('',(31.305,-1.27,0.0));
#2400=DIRECTION('',(0.394,-0.919,0.0));
#2401=DIRECTION('',(0.,0.,1.));
#2402=FACE_OUTER_BOUND('',#2403,.T.);
#2403=EDGE_LOOP('',(#2404,#2414,#2424,#2434));
#2405=EDGE_CURVE('',#1722,#2357,#2410,.T.);
#2410=LINE('',#1723,#2412);
#2412=VECTOR('',#2413,0.863566208706518);
#2413=DIRECTION('',(-0.515,-0.221,-0.828));
#2404=ORIENTED_EDGE('',*,*,#2405,.F.);
#2414=ORIENTED_EDGE('',*,*,#1749,.T.);
#2424=ORIENTED_EDGE('',*,*,#2043,.T.);
#2434=ORIENTED_EDGE('',*,*,#2366,.T.);
#2444=STYLED_ITEM('',(#43),#2445);
#2445=ADVANCED_FACE('',(#2451),#2446,.T.);
#2446=PLANE('',#2447);
#2447=AXIS2_PLACEMENT_3D('',#2448,#2449,#2450);
#2448=CARTESIAN_POINT('',(31.305,-1.27,0.0));
#2449=DIRECTION('',(0.849,0.0,-0.528));
#2450=DIRECTION('',(0.,0.,1.));
#2451=FACE_OUTER_BOUND('',#2452,.T.);
#2452=EDGE_LOOP('',(#2453,#2463,#2473,#2483));
#2454=EDGE_CURVE('',#2161,#2357,#2459,.T.);
#2459=LINE('',#2162,#2461);
#2461=VECTOR('',#2462,2.54);
#2462=DIRECTION('',(0.0,-1.0,0.0));
#2453=ORIENTED_EDGE('',*,*,#2454,.F.);
#2463=ORIENTED_EDGE('',*,*,#2160,.T.);
#2473=ORIENTED_EDGE('',*,*,#1984,.T.);
#2483=ORIENTED_EDGE('',*,*,#2405,.T.);
#2493=STYLED_ITEM('',(#43),#2494);
#2494=ADVANCED_FACE('',(#2500),#2495,.T.);
#2495=PLANE('',#2496);
#2496=AXIS2_PLACEMENT_3D('',#2497,#2498,#2499);
#2497=CARTESIAN_POINT('',(29.655,1.27,0.0));
#2498=DIRECTION('',(0.0,0.0,-1.0));
#2499=DIRECTION('',(0.,1.,0.));
#2500=FACE_OUTER_BOUND('',#2501,.T.);
#2501=EDGE_LOOP('',(#2502,#2512,#2522,#2532));
#2502=ORIENTED_EDGE('',*,*,#2209,.T.);
#2512=ORIENTED_EDGE('',*,*,#2454,.T.);
#2522=ORIENTED_EDGE('',*,*,#2356,.T.);
#2533=EDGE_CURVE('',#2210,#2308,#2538,.T.);
#2538=LINE('',#2211,#2540);
#2540=VECTOR('',#2541,2.54);
#2541=DIRECTION('',(0.0,-1.0,0.0));
#2532=ORIENTED_EDGE('',*,*,#2533,.F.);
#2542=STYLED_ITEM('',(#43),#2543);
#2543=ADVANCED_FACE('',(#2549),#2544,.T.);
#2544=PLANE('',#2545);
#2545=AXIS2_PLACEMENT_3D('',#2546,#2547,#2548);
#2546=CARTESIAN_POINT('',(29.655,1.27,0.0));
#2547=DIRECTION('',(-0.849,0.0,-0.528));
#2548=DIRECTION('',(0.,0.,1.));
#2549=FACE_OUTER_BOUND('',#2550,.T.);
#2550=EDGE_LOOP('',(#2551,#2561,#2571,#2581));
#2551=ORIENTED_EDGE('',*,*,#2533,.T.);
#2561=ORIENTED_EDGE('',*,*,#2307,.T.);
#2572=EDGE_CURVE('',#2259,#2310,#2577,.T.);
#2577=LINE('',#2260,#2579);
#2579=VECTOR('',#2580,2.159127);
#2580=DIRECTION('',(0.0,-1.0,0.0));
#2571=ORIENTED_EDGE('',*,*,#2572,.F.);
#2581=ORIENTED_EDGE('',*,*,#2258,.T.);
#2591=STYLED_ITEM('',(#43),#2592);
#2592=ADVANCED_FACE('',(#2598),#2593,.T.);
#2593=PLANE('',#2594);
#2594=AXIS2_PLACEMENT_3D('',#2595,#2596,#2597);
#2595=CARTESIAN_POINT('',(29.21,-1.08,2.576));
#2596=DIRECTION('',(0.541,0.0,0.841));
#2597=DIRECTION('',(0.,0.,1.));
#2598=FACE_OUTER_BOUND('',#2599,.T.);
#2599=EDGE_LOOP('',(#2600,#2610,#2620,#2630));
#2600=ORIENTED_EDGE('',*,*,#2141,.T.);
#2613=CARTESIAN_POINT('',(28.765,1.27,2.862));
#2612=VERTEX_POINT('',#2613);
#2611=EDGE_CURVE('',#2612,#2132,#2616,.T.);
#2616=LINE('',#2613,#2618);
#2618=VECTOR('',#2619,0.561958876596269);
#2619=DIRECTION('',(0.791,-0.339,-0.509));
#2610=ORIENTED_EDGE('',*,*,#2611,.F.);
#2623=CARTESIAN_POINT('',(28.765,-1.27,2.862));
#2622=VERTEX_POINT('',#2623);
#2621=EDGE_CURVE('',#2622,#2612,#2626,.T.);
#2626=LINE('',#2623,#2628);
#2628=VECTOR('',#2629,2.54);
#2629=DIRECTION('',(0.0,1.0,0.0));
#2620=ORIENTED_EDGE('',*,*,#2621,.F.);
#2631=EDGE_CURVE('',#2114,#2622,#2636,.T.);
#2636=LINE('',#2115,#2638);
#2638=VECTOR('',#2639,0.561958876596269);
#2639=DIRECTION('',(-0.791,-0.339,0.509));
#2630=ORIENTED_EDGE('',*,*,#2631,.F.);
#2640=STYLED_ITEM('',(#43),#2641);
#2641=ADVANCED_FACE('',(#2647),#2642,.T.);
#2642=PLANE('',#2643);
#2643=AXIS2_PLACEMENT_3D('',#2644,#2645,#2646);
#2644=CARTESIAN_POINT('',(27.115,-1.27,2.862));
#2645=DIRECTION('',(0.0,0.0,1.0));
#2646=DIRECTION('',(0.,1.,0.));
#2647=FACE_OUTER_BOUND('',#2648,.T.);
#2648=EDGE_LOOP('',(#2649,#2659,#2669,#2679));
#2654=CARTESIAN_POINT('',(27.115,-1.27,2.862));
#2653=VERTEX_POINT('',#2654);
#2650=EDGE_CURVE('',#2622,#2653,#2655,.T.);
#2655=LINE('',#2623,#2657);
#2657=VECTOR('',#2658,1.650873);
#2658=DIRECTION('',(-1.0,0.0,0.0));
#2649=ORIENTED_EDGE('',*,*,#2650,.F.);
#2659=ORIENTED_EDGE('',*,*,#2621,.T.);
#2672=CARTESIAN_POINT('',(27.115,1.27,2.862));
#2671=VERTEX_POINT('',#2672);
#2670=EDGE_CURVE('',#2671,#2612,#2675,.T.);
#2675=LINE('',#2672,#2677);
#2677=VECTOR('',#2678,1.650873);
#2678=DIRECTION('',(1.0,0.0,0.0));
#2669=ORIENTED_EDGE('',*,*,#2670,.F.);
#2680=EDGE_CURVE('',#2653,#2671,#2685,.T.);
#2685=LINE('',#2654,#2687);
#2687=VECTOR('',#2688,2.54);
#2688=DIRECTION('',(0.0,1.0,0.0));
#2679=ORIENTED_EDGE('',*,*,#2680,.F.);
#2689=STYLED_ITEM('',(#43),#2690);
#2690=ADVANCED_FACE('',(#2696),#2691,.T.);
#2691=PLANE('',#2692);
#2692=AXIS2_PLACEMENT_3D('',#2693,#2694,#2695);
#2693=CARTESIAN_POINT('',(26.67,-1.08,2.576));
#2694=DIRECTION('',(-0.541,0.0,0.841));
#2695=DIRECTION('',(0.,0.,1.));
#2696=FACE_OUTER_BOUND('',#2697,.T.);
#2697=EDGE_LOOP('',(#2698,#2708,#2718,#2728));
#2703=CARTESIAN_POINT('',(26.67,-1.08,2.576));
#2702=VERTEX_POINT('',#2703);
#2699=EDGE_CURVE('',#2653,#2702,#2704,.T.);
#2704=LINE('',#2654,#2706);
#2706=VECTOR('',#2707,0.561958876596269);
#2707=DIRECTION('',(-0.791,0.339,-0.509));
#2698=ORIENTED_EDGE('',*,*,#2699,.F.);
#2708=ORIENTED_EDGE('',*,*,#2680,.T.);
#2721=CARTESIAN_POINT('',(26.67,1.08,2.576));
#2720=VERTEX_POINT('',#2721);
#2719=EDGE_CURVE('',#2720,#2671,#2724,.T.);
#2724=LINE('',#2721,#2726);
#2726=VECTOR('',#2727,0.561958876596269);
#2727=DIRECTION('',(0.791,0.339,0.509));
#2718=ORIENTED_EDGE('',*,*,#2719,.F.);
#2729=EDGE_CURVE('',#2702,#2720,#2734,.T.);
#2734=LINE('',#2703,#2736);
#2736=VECTOR('',#2737,2.159127);
#2737=DIRECTION('',(0.0,1.0,0.0));
#2728=ORIENTED_EDGE('',*,*,#2729,.F.);
#2738=STYLED_ITEM('',(#43),#2739);
#2739=ADVANCED_FACE('',(#2745),#2740,.T.);
#2740=PLANE('',#2741);
#2741=AXIS2_PLACEMENT_3D('',#2742,#2743,#2744);
#2742=CARTESIAN_POINT('',(29.21,1.08,0.715));
#2743=DIRECTION('',(0.394,0.919,0.0));
#2744=DIRECTION('',(0.,0.,1.));
#2745=FACE_OUTER_BOUND('',#2746,.T.);
#2746=EDGE_LOOP('',(#2747,#2757,#2767,#2777));
#2750=CARTESIAN_POINT('',(28.765,1.27,0.0));
#2749=VERTEX_POINT('',#2750);
#2748=EDGE_CURVE('',#2749,#2259,#2753,.T.);
#2753=LINE('',#2750,#2755);
#2755=VECTOR('',#2756,0.863566208706518);
#2756=DIRECTION('',(0.515,-0.221,0.828));
#2747=ORIENTED_EDGE('',*,*,#2748,.F.);
#2758=EDGE_CURVE('',#2612,#2749,#2763,.T.);
#2763=LINE('',#2613,#2765);
#2765=VECTOR('',#2766,2.8617304716);
#2766=DIRECTION('',(0.0,0.0,-1.0));
#2757=ORIENTED_EDGE('',*,*,#2758,.F.);
#2767=ORIENTED_EDGE('',*,*,#2611,.T.);
#2777=ORIENTED_EDGE('',*,*,#2268,.T.);
#2787=STYLED_ITEM('',(#43),#2788);
#2788=ADVANCED_FACE('',(#2794),#2789,.T.);
#2789=PLANE('',#2790);
#2790=AXIS2_PLACEMENT_3D('',#2791,#2792,#2793);
#2791=CARTESIAN_POINT('',(28.765,1.27,0.0));
#2792=DIRECTION('',(0.0,1.0,0.0));
#2793=DIRECTION('',(0.,0.,1.));
#2794=FACE_OUTER_BOUND('',#2795,.T.);
#2795=EDGE_LOOP('',(#2796,#2806,#2816,#2826));
#2799=CARTESIAN_POINT('',(27.115,1.27,0.0));
#2798=VERTEX_POINT('',#2799);
#2797=EDGE_CURVE('',#2798,#2749,#2802,.T.);
#2802=LINE('',#2799,#2804);
#2804=VECTOR('',#2805,1.650873);
#2805=DIRECTION('',(1.0,0.0,0.0));
#2796=ORIENTED_EDGE('',*,*,#2797,.F.);
#2807=EDGE_CURVE('',#2671,#2798,#2812,.T.);
#2812=LINE('',#2672,#2814);
#2814=VECTOR('',#2815,2.8617304716);
#2815=DIRECTION('',(0.0,0.0,-1.0));
#2806=ORIENTED_EDGE('',*,*,#2807,.F.);
#2816=ORIENTED_EDGE('',*,*,#2670,.T.);
#2826=ORIENTED_EDGE('',*,*,#2758,.T.);
#2836=STYLED_ITEM('',(#43),#2837);
#2837=ADVANCED_FACE('',(#2843),#2838,.T.);
#2838=PLANE('',#2839);
#2839=AXIS2_PLACEMENT_3D('',#2840,#2841,#2842);
#2840=CARTESIAN_POINT('',(27.115,1.27,0.0));
#2841=DIRECTION('',(-0.394,0.919,0.0));
#2842=DIRECTION('',(0.,0.,1.));
#2843=FACE_OUTER_BOUND('',#2844,.T.);
#2844=EDGE_LOOP('',(#2845,#2855,#2865,#2875));
#2848=CARTESIAN_POINT('',(26.67,1.08,0.715));
#2847=VERTEX_POINT('',#2848);
#2846=EDGE_CURVE('',#2847,#2798,#2851,.T.);
#2851=LINE('',#2848,#2853);
#2853=VECTOR('',#2854,0.863566208706518);
#2854=DIRECTION('',(0.515,0.221,-0.828));
#2845=ORIENTED_EDGE('',*,*,#2846,.F.);
#2856=EDGE_CURVE('',#2720,#2847,#2861,.T.);
#2861=LINE('',#2721,#2863);
#2863=VECTOR('',#2864,1.86012480654);
#2864=DIRECTION('',(0.0,0.0,-1.0));
#2855=ORIENTED_EDGE('',*,*,#2856,.F.);
#2865=ORIENTED_EDGE('',*,*,#2719,.T.);
#2875=ORIENTED_EDGE('',*,*,#2807,.T.);
#2885=STYLED_ITEM('',(#43),#2886);
#2886=ADVANCED_FACE('',(#2892),#2887,.T.);
#2887=PLANE('',#2888);
#2888=AXIS2_PLACEMENT_3D('',#2889,#2890,#2891);
#2889=CARTESIAN_POINT('',(26.67,-1.08,0.715));
#2890=DIRECTION('',(-0.394,-0.919,0.0));
#2891=DIRECTION('',(0.,0.,1.));
#2892=FACE_OUTER_BOUND('',#2893,.T.);
#2893=EDGE_LOOP('',(#2894,#2904,#2914,#2924));
#2897=CARTESIAN_POINT('',(27.115,-1.27,0.0));
#2896=VERTEX_POINT('',#2897);
#2899=CARTESIAN_POINT('',(26.67,-1.08,0.715));
#2898=VERTEX_POINT('',#2899);
#2895=EDGE_CURVE('',#2896,#2898,#2900,.T.);
#2900=LINE('',#2897,#2902);
#2902=VECTOR('',#2903,0.863566208706518);
#2903=DIRECTION('',(-0.515,0.221,0.828));
#2894=ORIENTED_EDGE('',*,*,#2895,.F.);
#2905=EDGE_CURVE('',#2653,#2896,#2910,.T.);
#2910=LINE('',#2654,#2912);
#2912=VECTOR('',#2913,2.8617304716);
#2913=DIRECTION('',(0.0,0.0,-1.0));
#2904=ORIENTED_EDGE('',*,*,#2905,.F.);
#2914=ORIENTED_EDGE('',*,*,#2699,.T.);
#2925=EDGE_CURVE('',#2898,#2702,#2930,.T.);
#2930=LINE('',#2899,#2932);
#2932=VECTOR('',#2933,1.86012480654);
#2933=DIRECTION('',(0.0,0.0,1.0));
#2924=ORIENTED_EDGE('',*,*,#2925,.F.);
#2934=STYLED_ITEM('',(#43),#2935);
#2935=ADVANCED_FACE('',(#2941),#2936,.T.);
#2936=PLANE('',#2937);
#2937=AXIS2_PLACEMENT_3D('',#2938,#2939,#2940);
#2938=CARTESIAN_POINT('',(27.115,-1.27,0.0));
#2939=DIRECTION('',(0.0,-1.0,0.0));
#2940=DIRECTION('',(0.,0.,1.));
#2941=FACE_OUTER_BOUND('',#2942,.T.);
#2942=EDGE_LOOP('',(#2943,#2953,#2963,#2973));
#2946=CARTESIAN_POINT('',(28.765,-1.27,0.0));
#2945=VERTEX_POINT('',#2946);
#2944=EDGE_CURVE('',#2945,#2896,#2949,.T.);
#2949=LINE('',#2946,#2951);
#2951=VECTOR('',#2952,1.650873);
#2952=DIRECTION('',(-1.0,0.0,0.0));
#2943=ORIENTED_EDGE('',*,*,#2944,.F.);
#2954=EDGE_CURVE('',#2622,#2945,#2959,.T.);
#2959=LINE('',#2623,#2961);
#2961=VECTOR('',#2962,2.8617304716);
#2962=DIRECTION('',(0.0,0.0,-1.0));
#2953=ORIENTED_EDGE('',*,*,#2954,.F.);
#2963=ORIENTED_EDGE('',*,*,#2650,.T.);
#2973=ORIENTED_EDGE('',*,*,#2905,.T.);
#2983=STYLED_ITEM('',(#43),#2984);
#2984=ADVANCED_FACE('',(#2990),#2985,.T.);
#2985=PLANE('',#2986);
#2986=AXIS2_PLACEMENT_3D('',#2987,#2988,#2989);
#2987=CARTESIAN_POINT('',(28.765,-1.27,0.0));
#2988=DIRECTION('',(0.394,-0.919,0.0));
#2989=DIRECTION('',(0.,0.,1.));
#2990=FACE_OUTER_BOUND('',#2991,.T.);
#2991=EDGE_LOOP('',(#2992,#3002,#3012,#3022));
#2993=EDGE_CURVE('',#2310,#2945,#2998,.T.);
#2998=LINE('',#2311,#3000);
#3000=VECTOR('',#3001,0.863566208706518);
#3001=DIRECTION('',(-0.515,-0.221,-0.828));
#2992=ORIENTED_EDGE('',*,*,#2993,.F.);
#3002=ORIENTED_EDGE('',*,*,#2337,.T.);
#3012=ORIENTED_EDGE('',*,*,#2631,.T.);
#3022=ORIENTED_EDGE('',*,*,#2954,.T.);
#3032=STYLED_ITEM('',(#43),#3033);
#3033=ADVANCED_FACE('',(#3039),#3034,.T.);
#3034=PLANE('',#3035);
#3035=AXIS2_PLACEMENT_3D('',#3036,#3037,#3038);
#3036=CARTESIAN_POINT('',(28.765,-1.27,0.0));
#3037=DIRECTION('',(0.849,0.0,-0.528));
#3038=DIRECTION('',(0.,0.,1.));
#3039=FACE_OUTER_BOUND('',#3040,.T.);
#3040=EDGE_LOOP('',(#3041,#3051,#3061,#3071));
#3042=EDGE_CURVE('',#2749,#2945,#3047,.T.);
#3047=LINE('',#2750,#3049);
#3049=VECTOR('',#3050,2.54);
#3050=DIRECTION('',(0.0,-1.0,0.0));
#3041=ORIENTED_EDGE('',*,*,#3042,.F.);
#3051=ORIENTED_EDGE('',*,*,#2748,.T.);
#3061=ORIENTED_EDGE('',*,*,#2572,.T.);
#3071=ORIENTED_EDGE('',*,*,#2993,.T.);
#3081=STYLED_ITEM('',(#43),#3082);
#3082=ADVANCED_FACE('',(#3088),#3083,.T.);
#3083=PLANE('',#3084);
#3084=AXIS2_PLACEMENT_3D('',#3085,#3086,#3087);
#3085=CARTESIAN_POINT('',(27.115,1.27,0.0));
#3086=DIRECTION('',(0.0,0.0,-1.0));
#3087=DIRECTION('',(0.,1.,0.));
#3088=FACE_OUTER_BOUND('',#3089,.T.);
#3089=EDGE_LOOP('',(#3090,#3100,#3110,#3120));
#3090=ORIENTED_EDGE('',*,*,#2797,.T.);
#3100=ORIENTED_EDGE('',*,*,#3042,.T.);
#3110=ORIENTED_EDGE('',*,*,#2944,.T.);
#3121=EDGE_CURVE('',#2798,#2896,#3126,.T.);
#3126=LINE('',#2799,#3128);
#3128=VECTOR('',#3129,2.54);
#3129=DIRECTION('',(0.0,-1.0,0.0));
#3120=ORIENTED_EDGE('',*,*,#3121,.F.);
#3130=STYLED_ITEM('',(#43),#3131);
#3131=ADVANCED_FACE('',(#3137),#3132,.T.);
#3132=PLANE('',#3133);
#3133=AXIS2_PLACEMENT_3D('',#3134,#3135,#3136);
#3134=CARTESIAN_POINT('',(27.115,1.27,0.0));
#3135=DIRECTION('',(-0.849,0.0,-0.528));
#3136=DIRECTION('',(0.,0.,1.));
#3137=FACE_OUTER_BOUND('',#3138,.T.);
#3138=EDGE_LOOP('',(#3139,#3149,#3159,#3169));
#3139=ORIENTED_EDGE('',*,*,#3121,.T.);
#3149=ORIENTED_EDGE('',*,*,#2895,.T.);
#3160=EDGE_CURVE('',#2847,#2898,#3165,.T.);
#3165=LINE('',#2848,#3167);
#3167=VECTOR('',#3168,2.159127);
#3168=DIRECTION('',(0.0,-1.0,0.0));
#3159=ORIENTED_EDGE('',*,*,#3160,.F.);
#3169=ORIENTED_EDGE('',*,*,#2846,.T.);
#3179=STYLED_ITEM('',(#43),#3180);
#3180=ADVANCED_FACE('',(#3186),#3181,.T.);
#3181=PLANE('',#3182);
#3182=AXIS2_PLACEMENT_3D('',#3183,#3184,#3185);
#3183=CARTESIAN_POINT('',(26.67,-1.08,2.576));
#3184=DIRECTION('',(0.541,0.0,0.841));
#3185=DIRECTION('',(0.,0.,1.));
#3186=FACE_OUTER_BOUND('',#3187,.T.);
#3187=EDGE_LOOP('',(#3188,#3198,#3208,#3218));
#3188=ORIENTED_EDGE('',*,*,#2729,.T.);
#3201=CARTESIAN_POINT('',(26.225,1.27,2.862));
#3200=VERTEX_POINT('',#3201);
#3199=EDGE_CURVE('',#3200,#2720,#3204,.T.);
#3204=LINE('',#3201,#3206);
#3206=VECTOR('',#3207,0.561958876596269);
#3207=DIRECTION('',(0.791,-0.339,-0.509));
#3198=ORIENTED_EDGE('',*,*,#3199,.F.);
#3211=CARTESIAN_POINT('',(26.225,-1.27,2.862));
#3210=VERTEX_POINT('',#3211);
#3209=EDGE_CURVE('',#3210,#3200,#3214,.T.);
#3214=LINE('',#3211,#3216);
#3216=VECTOR('',#3217,2.54);
#3217=DIRECTION('',(0.0,1.0,0.0));
#3208=ORIENTED_EDGE('',*,*,#3209,.F.);
#3219=EDGE_CURVE('',#2702,#3210,#3224,.T.);
#3224=LINE('',#2703,#3226);
#3226=VECTOR('',#3227,0.561958876596269);
#3227=DIRECTION('',(-0.791,-0.339,0.509));
#3218=ORIENTED_EDGE('',*,*,#3219,.F.);
#3228=STYLED_ITEM('',(#43),#3229);
#3229=ADVANCED_FACE('',(#3235),#3230,.T.);
#3230=PLANE('',#3231);
#3231=AXIS2_PLACEMENT_3D('',#3232,#3233,#3234);
#3232=CARTESIAN_POINT('',(24.575,-1.27,2.862));
#3233=DIRECTION('',(0.0,0.0,1.0));
#3234=DIRECTION('',(0.,1.,0.));
#3235=FACE_OUTER_BOUND('',#3236,.T.);
#3236=EDGE_LOOP('',(#3237,#3247,#3257,#3267));
#3242=CARTESIAN_POINT('',(24.575,-1.27,2.862));
#3241=VERTEX_POINT('',#3242);
#3238=EDGE_CURVE('',#3210,#3241,#3243,.T.);
#3243=LINE('',#3211,#3245);
#3245=VECTOR('',#3246,1.650873);
#3246=DIRECTION('',(-1.0,0.0,0.0));
#3237=ORIENTED_EDGE('',*,*,#3238,.F.);
#3247=ORIENTED_EDGE('',*,*,#3209,.T.);
#3260=CARTESIAN_POINT('',(24.575,1.27,2.862));
#3259=VERTEX_POINT('',#3260);
#3258=EDGE_CURVE('',#3259,#3200,#3263,.T.);
#3263=LINE('',#3260,#3265);
#3265=VECTOR('',#3266,1.650873);
#3266=DIRECTION('',(1.0,0.0,0.0));
#3257=ORIENTED_EDGE('',*,*,#3258,.F.);
#3268=EDGE_CURVE('',#3241,#3259,#3273,.T.);
#3273=LINE('',#3242,#3275);
#3275=VECTOR('',#3276,2.54);
#3276=DIRECTION('',(0.0,1.0,0.0));
#3267=ORIENTED_EDGE('',*,*,#3268,.F.);
#3277=STYLED_ITEM('',(#43),#3278);
#3278=ADVANCED_FACE('',(#3284),#3279,.T.);
#3279=PLANE('',#3280);
#3280=AXIS2_PLACEMENT_3D('',#3281,#3282,#3283);
#3281=CARTESIAN_POINT('',(24.13,-1.08,2.576));
#3282=DIRECTION('',(-0.541,0.0,0.841));
#3283=DIRECTION('',(0.,0.,1.));
#3284=FACE_OUTER_BOUND('',#3285,.T.);
#3285=EDGE_LOOP('',(#3286,#3296,#3306,#3316));
#3291=CARTESIAN_POINT('',(24.13,-1.08,2.576));
#3290=VERTEX_POINT('',#3291);
#3287=EDGE_CURVE('',#3241,#3290,#3292,.T.);
#3292=LINE('',#3242,#3294);
#3294=VECTOR('',#3295,0.561958876596269);
#3295=DIRECTION('',(-0.791,0.339,-0.509));
#3286=ORIENTED_EDGE('',*,*,#3287,.F.);
#3296=ORIENTED_EDGE('',*,*,#3268,.T.);
#3309=CARTESIAN_POINT('',(24.13,1.08,2.576));
#3308=VERTEX_POINT('',#3309);
#3307=EDGE_CURVE('',#3308,#3259,#3312,.T.);
#3312=LINE('',#3309,#3314);
#3314=VECTOR('',#3315,0.561958876596269);
#3315=DIRECTION('',(0.791,0.339,0.509));
#3306=ORIENTED_EDGE('',*,*,#3307,.F.);
#3317=EDGE_CURVE('',#3290,#3308,#3322,.T.);
#3322=LINE('',#3291,#3324);
#3324=VECTOR('',#3325,2.159127);
#3325=DIRECTION('',(0.0,1.0,0.0));
#3316=ORIENTED_EDGE('',*,*,#3317,.F.);
#3326=STYLED_ITEM('',(#43),#3327);
#3327=ADVANCED_FACE('',(#3333),#3328,.T.);
#3328=PLANE('',#3329);
#3329=AXIS2_PLACEMENT_3D('',#3330,#3331,#3332);
#3330=CARTESIAN_POINT('',(26.67,1.08,0.715));
#3331=DIRECTION('',(0.394,0.919,0.0));
#3332=DIRECTION('',(0.,0.,1.));
#3333=FACE_OUTER_BOUND('',#3334,.T.);
#3334=EDGE_LOOP('',(#3335,#3345,#3355,#3365));
#3338=CARTESIAN_POINT('',(26.225,1.27,0.0));
#3337=VERTEX_POINT('',#3338);
#3336=EDGE_CURVE('',#3337,#2847,#3341,.T.);
#3341=LINE('',#3338,#3343);
#3343=VECTOR('',#3344,0.863566208706518);
#3344=DIRECTION('',(0.515,-0.221,0.828));
#3335=ORIENTED_EDGE('',*,*,#3336,.F.);
#3346=EDGE_CURVE('',#3200,#3337,#3351,.T.);
#3351=LINE('',#3201,#3353);
#3353=VECTOR('',#3354,2.8617304716);
#3354=DIRECTION('',(0.0,0.0,-1.0));
#3345=ORIENTED_EDGE('',*,*,#3346,.F.);
#3355=ORIENTED_EDGE('',*,*,#3199,.T.);
#3365=ORIENTED_EDGE('',*,*,#2856,.T.);
#3375=STYLED_ITEM('',(#43),#3376);
#3376=ADVANCED_FACE('',(#3382),#3377,.T.);
#3377=PLANE('',#3378);
#3378=AXIS2_PLACEMENT_3D('',#3379,#3380,#3381);
#3379=CARTESIAN_POINT('',(26.225,1.27,0.0));
#3380=DIRECTION('',(0.0,1.0,0.0));
#3381=DIRECTION('',(0.,0.,1.));
#3382=FACE_OUTER_BOUND('',#3383,.T.);
#3383=EDGE_LOOP('',(#3384,#3394,#3404,#3414));
#3387=CARTESIAN_POINT('',(24.575,1.27,0.0));
#3386=VERTEX_POINT('',#3387);
#3385=EDGE_CURVE('',#3386,#3337,#3390,.T.);
#3390=LINE('',#3387,#3392);
#3392=VECTOR('',#3393,1.650873);
#3393=DIRECTION('',(1.0,0.0,0.0));
#3384=ORIENTED_EDGE('',*,*,#3385,.F.);
#3395=EDGE_CURVE('',#3259,#3386,#3400,.T.);
#3400=LINE('',#3260,#3402);
#3402=VECTOR('',#3403,2.8617304716);
#3403=DIRECTION('',(0.0,0.0,-1.0));
#3394=ORIENTED_EDGE('',*,*,#3395,.F.);
#3404=ORIENTED_EDGE('',*,*,#3258,.T.);
#3414=ORIENTED_EDGE('',*,*,#3346,.T.);
#3424=STYLED_ITEM('',(#43),#3425);
#3425=ADVANCED_FACE('',(#3431),#3426,.T.);
#3426=PLANE('',#3427);
#3427=AXIS2_PLACEMENT_3D('',#3428,#3429,#3430);
#3428=CARTESIAN_POINT('',(24.575,1.27,0.0));
#3429=DIRECTION('',(-0.394,0.919,0.0));
#3430=DIRECTION('',(0.,0.,1.));
#3431=FACE_OUTER_BOUND('',#3432,.T.);
#3432=EDGE_LOOP('',(#3433,#3443,#3453,#3463));
#3436=CARTESIAN_POINT('',(24.13,1.08,0.715));
#3435=VERTEX_POINT('',#3436);
#3434=EDGE_CURVE('',#3435,#3386,#3439,.T.);
#3439=LINE('',#3436,#3441);
#3441=VECTOR('',#3442,0.863566208706518);
#3442=DIRECTION('',(0.515,0.221,-0.828));
#3433=ORIENTED_EDGE('',*,*,#3434,.F.);
#3444=EDGE_CURVE('',#3308,#3435,#3449,.T.);
#3449=LINE('',#3309,#3451);
#3451=VECTOR('',#3452,1.86012480654);
#3452=DIRECTION('',(0.0,0.0,-1.0));
#3443=ORIENTED_EDGE('',*,*,#3444,.F.);
#3453=ORIENTED_EDGE('',*,*,#3307,.T.);
#3463=ORIENTED_EDGE('',*,*,#3395,.T.);
#3473=STYLED_ITEM('',(#43),#3474);
#3474=ADVANCED_FACE('',(#3480),#3475,.T.);
#3475=PLANE('',#3476);
#3476=AXIS2_PLACEMENT_3D('',#3477,#3478,#3479);
#3477=CARTESIAN_POINT('',(24.13,-1.08,0.715));
#3478=DIRECTION('',(-0.394,-0.919,0.0));
#3479=DIRECTION('',(0.,0.,1.));
#3480=FACE_OUTER_BOUND('',#3481,.T.);
#3481=EDGE_LOOP('',(#3482,#3492,#3502,#3512));
#3485=CARTESIAN_POINT('',(24.575,-1.27,0.0));
#3484=VERTEX_POINT('',#3485);
#3487=CARTESIAN_POINT('',(24.13,-1.08,0.715));
#3486=VERTEX_POINT('',#3487);
#3483=EDGE_CURVE('',#3484,#3486,#3488,.T.);
#3488=LINE('',#3485,#3490);
#3490=VECTOR('',#3491,0.863566208706518);
#3491=DIRECTION('',(-0.515,0.221,0.828));
#3482=ORIENTED_EDGE('',*,*,#3483,.F.);
#3493=EDGE_CURVE('',#3241,#3484,#3498,.T.);
#3498=LINE('',#3242,#3500);
#3500=VECTOR('',#3501,2.8617304716);
#3501=DIRECTION('',(0.0,0.0,-1.0));
#3492=ORIENTED_EDGE('',*,*,#3493,.F.);
#3502=ORIENTED_EDGE('',*,*,#3287,.T.);
#3513=EDGE_CURVE('',#3486,#3290,#3518,.T.);
#3518=LINE('',#3487,#3520);
#3520=VECTOR('',#3521,1.86012480654);
#3521=DIRECTION('',(0.0,0.0,1.0));
#3512=ORIENTED_EDGE('',*,*,#3513,.F.);
#3522=STYLED_ITEM('',(#43),#3523);
#3523=ADVANCED_FACE('',(#3529),#3524,.T.);
#3524=PLANE('',#3525);
#3525=AXIS2_PLACEMENT_3D('',#3526,#3527,#3528);
#3526=CARTESIAN_POINT('',(24.575,-1.27,0.0));
#3527=DIRECTION('',(0.0,-1.0,0.0));
#3528=DIRECTION('',(0.,0.,1.));
#3529=FACE_OUTER_BOUND('',#3530,.T.);
#3530=EDGE_LOOP('',(#3531,#3541,#3551,#3561));
#3534=CARTESIAN_POINT('',(26.225,-1.27,0.0));
#3533=VERTEX_POINT('',#3534);
#3532=EDGE_CURVE('',#3533,#3484,#3537,.T.);
#3537=LINE('',#3534,#3539);
#3539=VECTOR('',#3540,1.650873);
#3540=DIRECTION('',(-1.0,0.0,0.0));
#3531=ORIENTED_EDGE('',*,*,#3532,.F.);
#3542=EDGE_CURVE('',#3210,#3533,#3547,.T.);
#3547=LINE('',#3211,#3549);
#3549=VECTOR('',#3550,2.8617304716);
#3550=DIRECTION('',(0.0,0.0,-1.0));
#3541=ORIENTED_EDGE('',*,*,#3542,.F.);
#3551=ORIENTED_EDGE('',*,*,#3238,.T.);
#3561=ORIENTED_EDGE('',*,*,#3493,.T.);
#3571=STYLED_ITEM('',(#43),#3572);
#3572=ADVANCED_FACE('',(#3578),#3573,.T.);
#3573=PLANE('',#3574);
#3574=AXIS2_PLACEMENT_3D('',#3575,#3576,#3577);
#3575=CARTESIAN_POINT('',(26.225,-1.27,0.0));
#3576=DIRECTION('',(0.394,-0.919,0.0));
#3577=DIRECTION('',(0.,0.,1.));
#3578=FACE_OUTER_BOUND('',#3579,.T.);
#3579=EDGE_LOOP('',(#3580,#3590,#3600,#3610));
#3581=EDGE_CURVE('',#2898,#3533,#3586,.T.);
#3586=LINE('',#2899,#3588);
#3588=VECTOR('',#3589,0.863566208706518);
#3589=DIRECTION('',(-0.515,-0.221,-0.828));
#3580=ORIENTED_EDGE('',*,*,#3581,.F.);
#3590=ORIENTED_EDGE('',*,*,#2925,.T.);
#3600=ORIENTED_EDGE('',*,*,#3219,.T.);
#3610=ORIENTED_EDGE('',*,*,#3542,.T.);
#3620=STYLED_ITEM('',(#43),#3621);
#3621=ADVANCED_FACE('',(#3627),#3622,.T.);
#3622=PLANE('',#3623);
#3623=AXIS2_PLACEMENT_3D('',#3624,#3625,#3626);
#3624=CARTESIAN_POINT('',(26.225,-1.27,0.0));
#3625=DIRECTION('',(0.849,0.0,-0.528));
#3626=DIRECTION('',(0.,0.,1.));
#3627=FACE_OUTER_BOUND('',#3628,.T.);
#3628=EDGE_LOOP('',(#3629,#3639,#3649,#3659));
#3630=EDGE_CURVE('',#3337,#3533,#3635,.T.);
#3635=LINE('',#3338,#3637);
#3637=VECTOR('',#3638,2.54);
#3638=DIRECTION('',(0.0,-1.0,0.0));
#3629=ORIENTED_EDGE('',*,*,#3630,.F.);
#3639=ORIENTED_EDGE('',*,*,#3336,.T.);
#3649=ORIENTED_EDGE('',*,*,#3160,.T.);
#3659=ORIENTED_EDGE('',*,*,#3581,.T.);
#3669=STYLED_ITEM('',(#43),#3670);
#3670=ADVANCED_FACE('',(#3676),#3671,.T.);
#3671=PLANE('',#3672);
#3672=AXIS2_PLACEMENT_3D('',#3673,#3674,#3675);
#3673=CARTESIAN_POINT('',(24.575,1.27,0.0));
#3674=DIRECTION('',(0.0,0.0,-1.0));
#3675=DIRECTION('',(0.,1.,0.));
#3676=FACE_OUTER_BOUND('',#3677,.T.);
#3677=EDGE_LOOP('',(#3678,#3688,#3698,#3708));
#3678=ORIENTED_EDGE('',*,*,#3385,.T.);
#3688=ORIENTED_EDGE('',*,*,#3630,.T.);
#3698=ORIENTED_EDGE('',*,*,#3532,.T.);
#3709=EDGE_CURVE('',#3386,#3484,#3714,.T.);
#3714=LINE('',#3387,#3716);
#3716=VECTOR('',#3717,2.54);
#3717=DIRECTION('',(0.0,-1.0,0.0));
#3708=ORIENTED_EDGE('',*,*,#3709,.F.);
#3718=STYLED_ITEM('',(#43),#3719);
#3719=ADVANCED_FACE('',(#3725),#3720,.T.);
#3720=PLANE('',#3721);
#3721=AXIS2_PLACEMENT_3D('',#3722,#3723,#3724);
#3722=CARTESIAN_POINT('',(24.575,1.27,0.0));
#3723=DIRECTION('',(-0.849,0.0,-0.528));
#3724=DIRECTION('',(0.,0.,1.));
#3725=FACE_OUTER_BOUND('',#3726,.T.);
#3726=EDGE_LOOP('',(#3727,#3737,#3747,#3757));
#3727=ORIENTED_EDGE('',*,*,#3709,.T.);
#3737=ORIENTED_EDGE('',*,*,#3483,.T.);
#3748=EDGE_CURVE('',#3435,#3486,#3753,.T.);
#3753=LINE('',#3436,#3755);
#3755=VECTOR('',#3756,2.159127);
#3756=DIRECTION('',(0.0,-1.0,0.0));
#3747=ORIENTED_EDGE('',*,*,#3748,.F.);
#3757=ORIENTED_EDGE('',*,*,#3434,.T.);
#3767=STYLED_ITEM('',(#43),#3768);
#3768=ADVANCED_FACE('',(#3774),#3769,.T.);
#3769=PLANE('',#3770);
#3770=AXIS2_PLACEMENT_3D('',#3771,#3772,#3773);
#3771=CARTESIAN_POINT('',(24.13,-1.08,2.576));
#3772=DIRECTION('',(0.541,0.0,0.841));
#3773=DIRECTION('',(0.,0.,1.));
#3774=FACE_OUTER_BOUND('',#3775,.T.);
#3775=EDGE_LOOP('',(#3776,#3786,#3796,#3806));
#3776=ORIENTED_EDGE('',*,*,#3317,.T.);
#3789=CARTESIAN_POINT('',(23.685,1.27,2.862));
#3788=VERTEX_POINT('',#3789);
#3787=EDGE_CURVE('',#3788,#3308,#3792,.T.);
#3792=LINE('',#3789,#3794);
#3794=VECTOR('',#3795,0.561958876596269);
#3795=DIRECTION('',(0.791,-0.339,-0.509));
#3786=ORIENTED_EDGE('',*,*,#3787,.F.);
#3799=CARTESIAN_POINT('',(23.685,-1.27,2.862));
#3798=VERTEX_POINT('',#3799);
#3797=EDGE_CURVE('',#3798,#3788,#3802,.T.);
#3802=LINE('',#3799,#3804);
#3804=VECTOR('',#3805,2.54);
#3805=DIRECTION('',(0.0,1.0,0.0));
#3796=ORIENTED_EDGE('',*,*,#3797,.F.);
#3807=EDGE_CURVE('',#3290,#3798,#3812,.T.);
#3812=LINE('',#3291,#3814);
#3814=VECTOR('',#3815,0.561958876596269);
#3815=DIRECTION('',(-0.791,-0.339,0.509));
#3806=ORIENTED_EDGE('',*,*,#3807,.F.);
#3816=STYLED_ITEM('',(#43),#3817);
#3817=ADVANCED_FACE('',(#3823),#3818,.T.);
#3818=PLANE('',#3819);
#3819=AXIS2_PLACEMENT_3D('',#3820,#3821,#3822);
#3820=CARTESIAN_POINT('',(22.035,-1.27,2.862));
#3821=DIRECTION('',(0.0,0.0,1.0));
#3822=DIRECTION('',(0.,1.,0.));
#3823=FACE_OUTER_BOUND('',#3824,.T.);
#3824=EDGE_LOOP('',(#3825,#3835,#3845,#3855));
#3830=CARTESIAN_POINT('',(22.035,-1.27,2.862));
#3829=VERTEX_POINT('',#3830);
#3826=EDGE_CURVE('',#3798,#3829,#3831,.T.);
#3831=LINE('',#3799,#3833);
#3833=VECTOR('',#3834,1.650873);
#3834=DIRECTION('',(-1.0,0.0,0.0));
#3825=ORIENTED_EDGE('',*,*,#3826,.F.);
#3835=ORIENTED_EDGE('',*,*,#3797,.T.);
#3848=CARTESIAN_POINT('',(22.035,1.27,2.862));
#3847=VERTEX_POINT('',#3848);
#3846=EDGE_CURVE('',#3847,#3788,#3851,.T.);
#3851=LINE('',#3848,#3853);
#3853=VECTOR('',#3854,1.650873);
#3854=DIRECTION('',(1.0,0.0,0.0));
#3845=ORIENTED_EDGE('',*,*,#3846,.F.);
#3856=EDGE_CURVE('',#3829,#3847,#3861,.T.);
#3861=LINE('',#3830,#3863);
#3863=VECTOR('',#3864,2.54);
#3864=DIRECTION('',(0.0,1.0,0.0));
#3855=ORIENTED_EDGE('',*,*,#3856,.F.);
#3865=STYLED_ITEM('',(#43),#3866);
#3866=ADVANCED_FACE('',(#3872),#3867,.T.);
#3867=PLANE('',#3868);
#3868=AXIS2_PLACEMENT_3D('',#3869,#3870,#3871);
#3869=CARTESIAN_POINT('',(21.59,-1.08,2.576));
#3870=DIRECTION('',(-0.541,0.0,0.841));
#3871=DIRECTION('',(0.,0.,1.));
#3872=FACE_OUTER_BOUND('',#3873,.T.);
#3873=EDGE_LOOP('',(#3874,#3884,#3894,#3904));
#3879=CARTESIAN_POINT('',(21.59,-1.08,2.576));
#3878=VERTEX_POINT('',#3879);
#3875=EDGE_CURVE('',#3829,#3878,#3880,.T.);
#3880=LINE('',#3830,#3882);
#3882=VECTOR('',#3883,0.561958876596269);
#3883=DIRECTION('',(-0.791,0.339,-0.509));
#3874=ORIENTED_EDGE('',*,*,#3875,.F.);
#3884=ORIENTED_EDGE('',*,*,#3856,.T.);
#3897=CARTESIAN_POINT('',(21.59,1.08,2.576));
#3896=VERTEX_POINT('',#3897);
#3895=EDGE_CURVE('',#3896,#3847,#3900,.T.);
#3900=LINE('',#3897,#3902);
#3902=VECTOR('',#3903,0.561958876596269);
#3903=DIRECTION('',(0.791,0.339,0.509));
#3894=ORIENTED_EDGE('',*,*,#3895,.F.);
#3905=EDGE_CURVE('',#3878,#3896,#3910,.T.);
#3910=LINE('',#3879,#3912);
#3912=VECTOR('',#3913,2.159127);
#3913=DIRECTION('',(0.0,1.0,0.0));
#3904=ORIENTED_EDGE('',*,*,#3905,.F.);
#3914=STYLED_ITEM('',(#43),#3915);
#3915=ADVANCED_FACE('',(#3921),#3916,.T.);
#3916=PLANE('',#3917);
#3917=AXIS2_PLACEMENT_3D('',#3918,#3919,#3920);
#3918=CARTESIAN_POINT('',(24.13,1.08,0.715));
#3919=DIRECTION('',(0.394,0.919,0.0));
#3920=DIRECTION('',(0.,0.,1.));
#3921=FACE_OUTER_BOUND('',#3922,.T.);
#3922=EDGE_LOOP('',(#3923,#3933,#3943,#3953));
#3926=CARTESIAN_POINT('',(23.685,1.27,0.0));
#3925=VERTEX_POINT('',#3926);
#3924=EDGE_CURVE('',#3925,#3435,#3929,.T.);
#3929=LINE('',#3926,#3931);
#3931=VECTOR('',#3932,0.863566208706518);
#3932=DIRECTION('',(0.515,-0.221,0.828));
#3923=ORIENTED_EDGE('',*,*,#3924,.F.);
#3934=EDGE_CURVE('',#3788,#3925,#3939,.T.);
#3939=LINE('',#3789,#3941);
#3941=VECTOR('',#3942,2.8617304716);
#3942=DIRECTION('',(0.0,0.0,-1.0));
#3933=ORIENTED_EDGE('',*,*,#3934,.F.);
#3943=ORIENTED_EDGE('',*,*,#3787,.T.);
#3953=ORIENTED_EDGE('',*,*,#3444,.T.);
#3963=STYLED_ITEM('',(#43),#3964);
#3964=ADVANCED_FACE('',(#3970),#3965,.T.);
#3965=PLANE('',#3966);
#3966=AXIS2_PLACEMENT_3D('',#3967,#3968,#3969);
#3967=CARTESIAN_POINT('',(23.685,1.27,0.0));
#3968=DIRECTION('',(0.0,1.0,0.0));
#3969=DIRECTION('',(0.,0.,1.));
#3970=FACE_OUTER_BOUND('',#3971,.T.);
#3971=EDGE_LOOP('',(#3972,#3982,#3992,#4002));
#3975=CARTESIAN_POINT('',(22.035,1.27,0.0));
#3974=VERTEX_POINT('',#3975);
#3973=EDGE_CURVE('',#3974,#3925,#3978,.T.);
#3978=LINE('',#3975,#3980);
#3980=VECTOR('',#3981,1.650873);
#3981=DIRECTION('',(1.0,0.0,0.0));
#3972=ORIENTED_EDGE('',*,*,#3973,.F.);
#3983=EDGE_CURVE('',#3847,#3974,#3988,.T.);
#3988=LINE('',#3848,#3990);
#3990=VECTOR('',#3991,2.8617304716);
#3991=DIRECTION('',(0.0,0.0,-1.0));
#3982=ORIENTED_EDGE('',*,*,#3983,.F.);
#3992=ORIENTED_EDGE('',*,*,#3846,.T.);
#4002=ORIENTED_EDGE('',*,*,#3934,.T.);
#4012=STYLED_ITEM('',(#43),#4013);
#4013=ADVANCED_FACE('',(#4019),#4014,.T.);
#4014=PLANE('',#4015);
#4015=AXIS2_PLACEMENT_3D('',#4016,#4017,#4018);
#4016=CARTESIAN_POINT('',(22.035,1.27,0.0));
#4017=DIRECTION('',(-0.394,0.919,0.0));
#4018=DIRECTION('',(0.,0.,1.));
#4019=FACE_OUTER_BOUND('',#4020,.T.);
#4020=EDGE_LOOP('',(#4021,#4031,#4041,#4051));
#4024=CARTESIAN_POINT('',(21.59,1.08,0.715));
#4023=VERTEX_POINT('',#4024);
#4022=EDGE_CURVE('',#4023,#3974,#4027,.T.);
#4027=LINE('',#4024,#4029);
#4029=VECTOR('',#4030,0.863566208706518);
#4030=DIRECTION('',(0.515,0.221,-0.828));
#4021=ORIENTED_EDGE('',*,*,#4022,.F.);
#4032=EDGE_CURVE('',#3896,#4023,#4037,.T.);
#4037=LINE('',#3897,#4039);
#4039=VECTOR('',#4040,1.86012480654);
#4040=DIRECTION('',(0.0,0.0,-1.0));
#4031=ORIENTED_EDGE('',*,*,#4032,.F.);
#4041=ORIENTED_EDGE('',*,*,#3895,.T.);
#4051=ORIENTED_EDGE('',*,*,#3983,.T.);
#4061=STYLED_ITEM('',(#43),#4062);
#4062=ADVANCED_FACE('',(#4068),#4063,.T.);
#4063=PLANE('',#4064);
#4064=AXIS2_PLACEMENT_3D('',#4065,#4066,#4067);
#4065=CARTESIAN_POINT('',(21.59,-1.08,0.715));
#4066=DIRECTION('',(-0.394,-0.919,0.0));
#4067=DIRECTION('',(0.,0.,1.));
#4068=FACE_OUTER_BOUND('',#4069,.T.);
#4069=EDGE_LOOP('',(#4070,#4080,#4090,#4100));
#4073=CARTESIAN_POINT('',(22.035,-1.27,0.0));
#4072=VERTEX_POINT('',#4073);
#4075=CARTESIAN_POINT('',(21.59,-1.08,0.715));
#4074=VERTEX_POINT('',#4075);
#4071=EDGE_CURVE('',#4072,#4074,#4076,.T.);
#4076=LINE('',#4073,#4078);
#4078=VECTOR('',#4079,0.863566208706518);
#4079=DIRECTION('',(-0.515,0.221,0.828));
#4070=ORIENTED_EDGE('',*,*,#4071,.F.);
#4081=EDGE_CURVE('',#3829,#4072,#4086,.T.);
#4086=LINE('',#3830,#4088);
#4088=VECTOR('',#4089,2.8617304716);
#4089=DIRECTION('',(0.0,0.0,-1.0));
#4080=ORIENTED_EDGE('',*,*,#4081,.F.);
#4090=ORIENTED_EDGE('',*,*,#3875,.T.);
#4101=EDGE_CURVE('',#4074,#3878,#4106,.T.);
#4106=LINE('',#4075,#4108);
#4108=VECTOR('',#4109,1.86012480654);
#4109=DIRECTION('',(0.0,0.0,1.0));
#4100=ORIENTED_EDGE('',*,*,#4101,.F.);
#4110=STYLED_ITEM('',(#43),#4111);
#4111=ADVANCED_FACE('',(#4117),#4112,.T.);
#4112=PLANE('',#4113);
#4113=AXIS2_PLACEMENT_3D('',#4114,#4115,#4116);
#4114=CARTESIAN_POINT('',(22.035,-1.27,0.0));
#4115=DIRECTION('',(0.0,-1.0,0.0));
#4116=DIRECTION('',(0.,0.,1.));
#4117=FACE_OUTER_BOUND('',#4118,.T.);
#4118=EDGE_LOOP('',(#4119,#4129,#4139,#4149));
#4122=CARTESIAN_POINT('',(23.685,-1.27,0.0));
#4121=VERTEX_POINT('',#4122);
#4120=EDGE_CURVE('',#4121,#4072,#4125,.T.);
#4125=LINE('',#4122,#4127);
#4127=VECTOR('',#4128,1.650873);
#4128=DIRECTION('',(-1.0,0.0,0.0));
#4119=ORIENTED_EDGE('',*,*,#4120,.F.);
#4130=EDGE_CURVE('',#3798,#4121,#4135,.T.);
#4135=LINE('',#3799,#4137);
#4137=VECTOR('',#4138,2.8617304716);
#4138=DIRECTION('',(0.0,0.0,-1.0));
#4129=ORIENTED_EDGE('',*,*,#4130,.F.);
#4139=ORIENTED_EDGE('',*,*,#3826,.T.);
#4149=ORIENTED_EDGE('',*,*,#4081,.T.);
#4159=STYLED_ITEM('',(#43),#4160);
#4160=ADVANCED_FACE('',(#4166),#4161,.T.);
#4161=PLANE('',#4162);
#4162=AXIS2_PLACEMENT_3D('',#4163,#4164,#4165);
#4163=CARTESIAN_POINT('',(23.685,-1.27,0.0));
#4164=DIRECTION('',(0.394,-0.919,0.0));
#4165=DIRECTION('',(0.,0.,1.));
#4166=FACE_OUTER_BOUND('',#4167,.T.);
#4167=EDGE_LOOP('',(#4168,#4178,#4188,#4198));
#4169=EDGE_CURVE('',#3486,#4121,#4174,.T.);
#4174=LINE('',#3487,#4176);
#4176=VECTOR('',#4177,0.863566208706518);
#4177=DIRECTION('',(-0.515,-0.221,-0.828));
#4168=ORIENTED_EDGE('',*,*,#4169,.F.);
#4178=ORIENTED_EDGE('',*,*,#3513,.T.);
#4188=ORIENTED_EDGE('',*,*,#3807,.T.);
#4198=ORIENTED_EDGE('',*,*,#4130,.T.);
#4208=STYLED_ITEM('',(#43),#4209);
#4209=ADVANCED_FACE('',(#4215),#4210,.T.);
#4210=PLANE('',#4211);
#4211=AXIS2_PLACEMENT_3D('',#4212,#4213,#4214);
#4212=CARTESIAN_POINT('',(23.685,-1.27,0.0));
#4213=DIRECTION('',(0.849,0.0,-0.528));
#4214=DIRECTION('',(0.,0.,1.));
#4215=FACE_OUTER_BOUND('',#4216,.T.);
#4216=EDGE_LOOP('',(#4217,#4227,#4237,#4247));
#4218=EDGE_CURVE('',#3925,#4121,#4223,.T.);
#4223=LINE('',#3926,#4225);
#4225=VECTOR('',#4226,2.54);
#4226=DIRECTION('',(0.0,-1.0,0.0));
#4217=ORIENTED_EDGE('',*,*,#4218,.F.);
#4227=ORIENTED_EDGE('',*,*,#3924,.T.);
#4237=ORIENTED_EDGE('',*,*,#3748,.T.);
#4247=ORIENTED_EDGE('',*,*,#4169,.T.);
#4257=STYLED_ITEM('',(#43),#4258);
#4258=ADVANCED_FACE('',(#4264),#4259,.T.);
#4259=PLANE('',#4260);
#4260=AXIS2_PLACEMENT_3D('',#4261,#4262,#4263);
#4261=CARTESIAN_POINT('',(22.035,1.27,0.0));
#4262=DIRECTION('',(0.0,0.0,-1.0));
#4263=DIRECTION('',(0.,1.,0.));
#4264=FACE_OUTER_BOUND('',#4265,.T.);
#4265=EDGE_LOOP('',(#4266,#4276,#4286,#4296));
#4266=ORIENTED_EDGE('',*,*,#3973,.T.);
#4276=ORIENTED_EDGE('',*,*,#4218,.T.);
#4286=ORIENTED_EDGE('',*,*,#4120,.T.);
#4297=EDGE_CURVE('',#3974,#4072,#4302,.T.);
#4302=LINE('',#3975,#4304);
#4304=VECTOR('',#4305,2.54);
#4305=DIRECTION('',(0.0,-1.0,0.0));
#4296=ORIENTED_EDGE('',*,*,#4297,.F.);
#4306=STYLED_ITEM('',(#43),#4307);
#4307=ADVANCED_FACE('',(#4313),#4308,.T.);
#4308=PLANE('',#4309);
#4309=AXIS2_PLACEMENT_3D('',#4310,#4311,#4312);
#4310=CARTESIAN_POINT('',(22.035,1.27,0.0));
#4311=DIRECTION('',(-0.849,0.0,-0.528));
#4312=DIRECTION('',(0.,0.,1.));
#4313=FACE_OUTER_BOUND('',#4314,.T.);
#4314=EDGE_LOOP('',(#4315,#4325,#4335,#4345));
#4315=ORIENTED_EDGE('',*,*,#4297,.T.);
#4325=ORIENTED_EDGE('',*,*,#4071,.T.);
#4336=EDGE_CURVE('',#4023,#4074,#4341,.T.);
#4341=LINE('',#4024,#4343);
#4343=VECTOR('',#4344,2.159127);
#4344=DIRECTION('',(0.0,-1.0,0.0));
#4335=ORIENTED_EDGE('',*,*,#4336,.F.);
#4345=ORIENTED_EDGE('',*,*,#4022,.T.);
#4355=STYLED_ITEM('',(#43),#4356);
#4356=ADVANCED_FACE('',(#4362),#4357,.T.);
#4357=PLANE('',#4358);
#4358=AXIS2_PLACEMENT_3D('',#4359,#4360,#4361);
#4359=CARTESIAN_POINT('',(21.59,-1.08,2.576));
#4360=DIRECTION('',(0.541,0.0,0.841));
#4361=DIRECTION('',(0.,0.,1.));
#4362=FACE_OUTER_BOUND('',#4363,.T.);
#4363=EDGE_LOOP('',(#4364,#4374,#4384,#4394));
#4364=ORIENTED_EDGE('',*,*,#3905,.T.);
#4377=CARTESIAN_POINT('',(21.145,1.27,2.862));
#4376=VERTEX_POINT('',#4377);
#4375=EDGE_CURVE('',#4376,#3896,#4380,.T.);
#4380=LINE('',#4377,#4382);
#4382=VECTOR('',#4383,0.561958876596269);
#4383=DIRECTION('',(0.791,-0.339,-0.509));
#4374=ORIENTED_EDGE('',*,*,#4375,.F.);
#4387=CARTESIAN_POINT('',(21.145,-1.27,2.862));
#4386=VERTEX_POINT('',#4387);
#4385=EDGE_CURVE('',#4386,#4376,#4390,.T.);
#4390=LINE('',#4387,#4392);
#4392=VECTOR('',#4393,2.54);
#4393=DIRECTION('',(0.0,1.0,0.0));
#4384=ORIENTED_EDGE('',*,*,#4385,.F.);
#4395=EDGE_CURVE('',#3878,#4386,#4400,.T.);
#4400=LINE('',#3879,#4402);
#4402=VECTOR('',#4403,0.561958876596269);
#4403=DIRECTION('',(-0.791,-0.339,0.509));
#4394=ORIENTED_EDGE('',*,*,#4395,.F.);
#4404=STYLED_ITEM('',(#43),#4405);
#4405=ADVANCED_FACE('',(#4411),#4406,.T.);
#4406=PLANE('',#4407);
#4407=AXIS2_PLACEMENT_3D('',#4408,#4409,#4410);
#4408=CARTESIAN_POINT('',(19.495,-1.27,2.862));
#4409=DIRECTION('',(0.0,0.0,1.0));
#4410=DIRECTION('',(0.,1.,0.));
#4411=FACE_OUTER_BOUND('',#4412,.T.);
#4412=EDGE_LOOP('',(#4413,#4423,#4433,#4443));
#4418=CARTESIAN_POINT('',(19.495,-1.27,2.862));
#4417=VERTEX_POINT('',#4418);
#4414=EDGE_CURVE('',#4386,#4417,#4419,.T.);
#4419=LINE('',#4387,#4421);
#4421=VECTOR('',#4422,1.650873);
#4422=DIRECTION('',(-1.0,0.0,0.0));
#4413=ORIENTED_EDGE('',*,*,#4414,.F.);
#4423=ORIENTED_EDGE('',*,*,#4385,.T.);
#4436=CARTESIAN_POINT('',(19.495,1.27,2.862));
#4435=VERTEX_POINT('',#4436);
#4434=EDGE_CURVE('',#4435,#4376,#4439,.T.);
#4439=LINE('',#4436,#4441);
#4441=VECTOR('',#4442,1.650873);
#4442=DIRECTION('',(1.0,0.0,0.0));
#4433=ORIENTED_EDGE('',*,*,#4434,.F.);
#4444=EDGE_CURVE('',#4417,#4435,#4449,.T.);
#4449=LINE('',#4418,#4451);
#4451=VECTOR('',#4452,2.54);
#4452=DIRECTION('',(0.0,1.0,0.0));
#4443=ORIENTED_EDGE('',*,*,#4444,.F.);
#4453=STYLED_ITEM('',(#43),#4454);
#4454=ADVANCED_FACE('',(#4460),#4455,.T.);
#4455=PLANE('',#4456);
#4456=AXIS2_PLACEMENT_3D('',#4457,#4458,#4459);
#4457=CARTESIAN_POINT('',(19.05,-1.08,2.576));
#4458=DIRECTION('',(-0.541,0.0,0.841));
#4459=DIRECTION('',(0.,0.,1.));
#4460=FACE_OUTER_BOUND('',#4461,.T.);
#4461=EDGE_LOOP('',(#4462,#4472,#4482,#4492));
#4467=CARTESIAN_POINT('',(19.05,-1.08,2.576));
#4466=VERTEX_POINT('',#4467);
#4463=EDGE_CURVE('',#4417,#4466,#4468,.T.);
#4468=LINE('',#4418,#4470);
#4470=VECTOR('',#4471,0.561958876596269);
#4471=DIRECTION('',(-0.791,0.339,-0.509));
#4462=ORIENTED_EDGE('',*,*,#4463,.F.);
#4472=ORIENTED_EDGE('',*,*,#4444,.T.);
#4485=CARTESIAN_POINT('',(19.05,1.08,2.576));
#4484=VERTEX_POINT('',#4485);
#4483=EDGE_CURVE('',#4484,#4435,#4488,.T.);
#4488=LINE('',#4485,#4490);
#4490=VECTOR('',#4491,0.561958876596269);
#4491=DIRECTION('',(0.791,0.339,0.509));
#4482=ORIENTED_EDGE('',*,*,#4483,.F.);
#4493=EDGE_CURVE('',#4466,#4484,#4498,.T.);
#4498=LINE('',#4467,#4500);
#4500=VECTOR('',#4501,2.159127);
#4501=DIRECTION('',(0.0,1.0,0.0));
#4492=ORIENTED_EDGE('',*,*,#4493,.F.);
#4502=STYLED_ITEM('',(#43),#4503);
#4503=ADVANCED_FACE('',(#4509),#4504,.T.);
#4504=PLANE('',#4505);
#4505=AXIS2_PLACEMENT_3D('',#4506,#4507,#4508);
#4506=CARTESIAN_POINT('',(21.59,1.08,0.715));
#4507=DIRECTION('',(0.394,0.919,0.0));
#4508=DIRECTION('',(0.,0.,1.));
#4509=FACE_OUTER_BOUND('',#4510,.T.);
#4510=EDGE_LOOP('',(#4511,#4521,#4531,#4541));
#4514=CARTESIAN_POINT('',(21.145,1.27,0.0));
#4513=VERTEX_POINT('',#4514);
#4512=EDGE_CURVE('',#4513,#4023,#4517,.T.);
#4517=LINE('',#4514,#4519);
#4519=VECTOR('',#4520,0.863566208706518);
#4520=DIRECTION('',(0.515,-0.221,0.828));
#4511=ORIENTED_EDGE('',*,*,#4512,.F.);
#4522=EDGE_CURVE('',#4376,#4513,#4527,.T.);
#4527=LINE('',#4377,#4529);
#4529=VECTOR('',#4530,2.8617304716);
#4530=DIRECTION('',(0.0,0.0,-1.0));
#4521=ORIENTED_EDGE('',*,*,#4522,.F.);
#4531=ORIENTED_EDGE('',*,*,#4375,.T.);
#4541=ORIENTED_EDGE('',*,*,#4032,.T.);
#4551=STYLED_ITEM('',(#43),#4552);
#4552=ADVANCED_FACE('',(#4558),#4553,.T.);
#4553=PLANE('',#4554);
#4554=AXIS2_PLACEMENT_3D('',#4555,#4556,#4557);
#4555=CARTESIAN_POINT('',(21.145,1.27,0.0));
#4556=DIRECTION('',(0.0,1.0,0.0));
#4557=DIRECTION('',(0.,0.,1.));
#4558=FACE_OUTER_BOUND('',#4559,.T.);
#4559=EDGE_LOOP('',(#4560,#4570,#4580,#4590));
#4563=CARTESIAN_POINT('',(19.495,1.27,0.0));
#4562=VERTEX_POINT('',#4563);
#4561=EDGE_CURVE('',#4562,#4513,#4566,.T.);
#4566=LINE('',#4563,#4568);
#4568=VECTOR('',#4569,1.650873);
#4569=DIRECTION('',(1.0,0.0,0.0));
#4560=ORIENTED_EDGE('',*,*,#4561,.F.);
#4571=EDGE_CURVE('',#4435,#4562,#4576,.T.);
#4576=LINE('',#4436,#4578);
#4578=VECTOR('',#4579,2.8617304716);
#4579=DIRECTION('',(0.0,0.0,-1.0));
#4570=ORIENTED_EDGE('',*,*,#4571,.F.);
#4580=ORIENTED_EDGE('',*,*,#4434,.T.);
#4590=ORIENTED_EDGE('',*,*,#4522,.T.);
#4600=STYLED_ITEM('',(#43),#4601);
#4601=ADVANCED_FACE('',(#4607),#4602,.T.);
#4602=PLANE('',#4603);
#4603=AXIS2_PLACEMENT_3D('',#4604,#4605,#4606);
#4604=CARTESIAN_POINT('',(19.495,1.27,0.0));
#4605=DIRECTION('',(-0.394,0.919,0.0));
#4606=DIRECTION('',(0.,0.,1.));
#4607=FACE_OUTER_BOUND('',#4608,.T.);
#4608=EDGE_LOOP('',(#4609,#4619,#4629,#4639));
#4612=CARTESIAN_POINT('',(19.05,1.08,0.715));
#4611=VERTEX_POINT('',#4612);
#4610=EDGE_CURVE('',#4611,#4562,#4615,.T.);
#4615=LINE('',#4612,#4617);
#4617=VECTOR('',#4618,0.863566208706518);
#4618=DIRECTION('',(0.515,0.221,-0.828));
#4609=ORIENTED_EDGE('',*,*,#4610,.F.);
#4620=EDGE_CURVE('',#4484,#4611,#4625,.T.);
#4625=LINE('',#4485,#4627);
#4627=VECTOR('',#4628,1.86012480654);
#4628=DIRECTION('',(0.0,0.0,-1.0));
#4619=ORIENTED_EDGE('',*,*,#4620,.F.);
#4629=ORIENTED_EDGE('',*,*,#4483,.T.);
#4639=ORIENTED_EDGE('',*,*,#4571,.T.);
#4649=STYLED_ITEM('',(#43),#4650);
#4650=ADVANCED_FACE('',(#4656),#4651,.T.);
#4651=PLANE('',#4652);
#4652=AXIS2_PLACEMENT_3D('',#4653,#4654,#4655);
#4653=CARTESIAN_POINT('',(19.05,-1.08,0.715));
#4654=DIRECTION('',(-0.394,-0.919,0.0));
#4655=DIRECTION('',(0.,0.,1.));
#4656=FACE_OUTER_BOUND('',#4657,.T.);
#4657=EDGE_LOOP('',(#4658,#4668,#4678,#4688));
#4661=CARTESIAN_POINT('',(19.495,-1.27,0.0));
#4660=VERTEX_POINT('',#4661);
#4663=CARTESIAN_POINT('',(19.05,-1.08,0.715));
#4662=VERTEX_POINT('',#4663);
#4659=EDGE_CURVE('',#4660,#4662,#4664,.T.);
#4664=LINE('',#4661,#4666);
#4666=VECTOR('',#4667,0.863566208706518);
#4667=DIRECTION('',(-0.515,0.221,0.828));
#4658=ORIENTED_EDGE('',*,*,#4659,.F.);
#4669=EDGE_CURVE('',#4417,#4660,#4674,.T.);
#4674=LINE('',#4418,#4676);
#4676=VECTOR('',#4677,2.8617304716);
#4677=DIRECTION('',(0.0,0.0,-1.0));
#4668=ORIENTED_EDGE('',*,*,#4669,.F.);
#4678=ORIENTED_EDGE('',*,*,#4463,.T.);
#4689=EDGE_CURVE('',#4662,#4466,#4694,.T.);
#4694=LINE('',#4663,#4696);
#4696=VECTOR('',#4697,1.86012480654);
#4697=DIRECTION('',(0.0,0.0,1.0));
#4688=ORIENTED_EDGE('',*,*,#4689,.F.);
#4698=STYLED_ITEM('',(#43),#4699);
#4699=ADVANCED_FACE('',(#4705),#4700,.T.);
#4700=PLANE('',#4701);
#4701=AXIS2_PLACEMENT_3D('',#4702,#4703,#4704);
#4702=CARTESIAN_POINT('',(19.495,-1.27,0.0));
#4703=DIRECTION('',(0.0,-1.0,0.0));
#4704=DIRECTION('',(0.,0.,1.));
#4705=FACE_OUTER_BOUND('',#4706,.T.);
#4706=EDGE_LOOP('',(#4707,#4717,#4727,#4737));
#4710=CARTESIAN_POINT('',(21.145,-1.27,0.0));
#4709=VERTEX_POINT('',#4710);
#4708=EDGE_CURVE('',#4709,#4660,#4713,.T.);
#4713=LINE('',#4710,#4715);
#4715=VECTOR('',#4716,1.650873);
#4716=DIRECTION('',(-1.0,0.0,0.0));
#4707=ORIENTED_EDGE('',*,*,#4708,.F.);
#4718=EDGE_CURVE('',#4386,#4709,#4723,.T.);
#4723=LINE('',#4387,#4725);
#4725=VECTOR('',#4726,2.8617304716);
#4726=DIRECTION('',(0.0,0.0,-1.0));
#4717=ORIENTED_EDGE('',*,*,#4718,.F.);
#4727=ORIENTED_EDGE('',*,*,#4414,.T.);
#4737=ORIENTED_EDGE('',*,*,#4669,.T.);
#4747=STYLED_ITEM('',(#43),#4748);
#4748=ADVANCED_FACE('',(#4754),#4749,.T.);
#4749=PLANE('',#4750);
#4750=AXIS2_PLACEMENT_3D('',#4751,#4752,#4753);
#4751=CARTESIAN_POINT('',(21.145,-1.27,0.0));
#4752=DIRECTION('',(0.394,-0.919,0.0));
#4753=DIRECTION('',(0.,0.,1.));
#4754=FACE_OUTER_BOUND('',#4755,.T.);
#4755=EDGE_LOOP('',(#4756,#4766,#4776,#4786));
#4757=EDGE_CURVE('',#4074,#4709,#4762,.T.);
#4762=LINE('',#4075,#4764);
#4764=VECTOR('',#4765,0.863566208706518);
#4765=DIRECTION('',(-0.515,-0.221,-0.828));
#4756=ORIENTED_EDGE('',*,*,#4757,.F.);
#4766=ORIENTED_EDGE('',*,*,#4101,.T.);
#4776=ORIENTED_EDGE('',*,*,#4395,.T.);
#4786=ORIENTED_EDGE('',*,*,#4718,.T.);
#4796=STYLED_ITEM('',(#43),#4797);
#4797=ADVANCED_FACE('',(#4803),#4798,.T.);
#4798=PLANE('',#4799);
#4799=AXIS2_PLACEMENT_3D('',#4800,#4801,#4802);
#4800=CARTESIAN_POINT('',(21.145,-1.27,0.0));
#4801=DIRECTION('',(0.849,0.0,-0.528));
#4802=DIRECTION('',(0.,0.,1.));
#4803=FACE_OUTER_BOUND('',#4804,.T.);
#4804=EDGE_LOOP('',(#4805,#4815,#4825,#4835));
#4806=EDGE_CURVE('',#4513,#4709,#4811,.T.);
#4811=LINE('',#4514,#4813);
#4813=VECTOR('',#4814,2.54);
#4814=DIRECTION('',(0.0,-1.0,0.0));
#4805=ORIENTED_EDGE('',*,*,#4806,.F.);
#4815=ORIENTED_EDGE('',*,*,#4512,.T.);
#4825=ORIENTED_EDGE('',*,*,#4336,.T.);
#4835=ORIENTED_EDGE('',*,*,#4757,.T.);
#4845=STYLED_ITEM('',(#43),#4846);
#4846=ADVANCED_FACE('',(#4852),#4847,.T.);
#4847=PLANE('',#4848);
#4848=AXIS2_PLACEMENT_3D('',#4849,#4850,#4851);
#4849=CARTESIAN_POINT('',(19.495,1.27,0.0));
#4850=DIRECTION('',(0.0,0.0,-1.0));
#4851=DIRECTION('',(0.,1.,0.));
#4852=FACE_OUTER_BOUND('',#4853,.T.);
#4853=EDGE_LOOP('',(#4854,#4864,#4874,#4884));
#4854=ORIENTED_EDGE('',*,*,#4561,.T.);
#4864=ORIENTED_EDGE('',*,*,#4806,.T.);
#4874=ORIENTED_EDGE('',*,*,#4708,.T.);
#4885=EDGE_CURVE('',#4562,#4660,#4890,.T.);
#4890=LINE('',#4563,#4892);
#4892=VECTOR('',#4893,2.54);
#4893=DIRECTION('',(0.0,-1.0,0.0));
#4884=ORIENTED_EDGE('',*,*,#4885,.F.);
#4894=STYLED_ITEM('',(#43),#4895);
#4895=ADVANCED_FACE('',(#4901),#4896,.T.);
#4896=PLANE('',#4897);
#4897=AXIS2_PLACEMENT_3D('',#4898,#4899,#4900);
#4898=CARTESIAN_POINT('',(19.495,1.27,0.0));
#4899=DIRECTION('',(-0.849,0.0,-0.528));
#4900=DIRECTION('',(0.,0.,1.));
#4901=FACE_OUTER_BOUND('',#4902,.T.);
#4902=EDGE_LOOP('',(#4903,#4913,#4923,#4933));
#4903=ORIENTED_EDGE('',*,*,#4885,.T.);
#4913=ORIENTED_EDGE('',*,*,#4659,.T.);
#4924=EDGE_CURVE('',#4611,#4662,#4929,.T.);
#4929=LINE('',#4612,#4931);
#4931=VECTOR('',#4932,2.159127);
#4932=DIRECTION('',(0.0,-1.0,0.0));
#4923=ORIENTED_EDGE('',*,*,#4924,.F.);
#4933=ORIENTED_EDGE('',*,*,#4610,.T.);
#4943=STYLED_ITEM('',(#43),#4944);
#4944=ADVANCED_FACE('',(#4950),#4945,.T.);
#4945=PLANE('',#4946);
#4946=AXIS2_PLACEMENT_3D('',#4947,#4948,#4949);
#4947=CARTESIAN_POINT('',(19.05,-1.08,2.576));
#4948=DIRECTION('',(0.541,0.0,0.841));
#4949=DIRECTION('',(0.,0.,1.));
#4950=FACE_OUTER_BOUND('',#4951,.T.);
#4951=EDGE_LOOP('',(#4952,#4962,#4972,#4982));
#4952=ORIENTED_EDGE('',*,*,#4493,.T.);
#4965=CARTESIAN_POINT('',(18.605,1.27,2.862));
#4964=VERTEX_POINT('',#4965);
#4963=EDGE_CURVE('',#4964,#4484,#4968,.T.);
#4968=LINE('',#4965,#4970);
#4970=VECTOR('',#4971,0.561958876596269);
#4971=DIRECTION('',(0.791,-0.339,-0.509));
#4962=ORIENTED_EDGE('',*,*,#4963,.F.);
#4975=CARTESIAN_POINT('',(18.605,-1.27,2.862));
#4974=VERTEX_POINT('',#4975);
#4973=EDGE_CURVE('',#4974,#4964,#4978,.T.);
#4978=LINE('',#4975,#4980);
#4980=VECTOR('',#4981,2.54);
#4981=DIRECTION('',(0.0,1.0,0.0));
#4972=ORIENTED_EDGE('',*,*,#4973,.F.);
#4983=EDGE_CURVE('',#4466,#4974,#4988,.T.);
#4988=LINE('',#4467,#4990);
#4990=VECTOR('',#4991,0.561958876596269);
#4991=DIRECTION('',(-0.791,-0.339,0.509));
#4982=ORIENTED_EDGE('',*,*,#4983,.F.);
#4992=STYLED_ITEM('',(#43),#4993);
#4993=ADVANCED_FACE('',(#4999),#4994,.T.);
#4994=PLANE('',#4995);
#4995=AXIS2_PLACEMENT_3D('',#4996,#4997,#4998);
#4996=CARTESIAN_POINT('',(16.955,-1.27,2.862));
#4997=DIRECTION('',(0.0,0.0,1.0));
#4998=DIRECTION('',(0.,1.,0.));
#4999=FACE_OUTER_BOUND('',#5000,.T.);
#5000=EDGE_LOOP('',(#5001,#5011,#5021,#5031));
#5006=CARTESIAN_POINT('',(16.955,-1.27,2.862));
#5005=VERTEX_POINT('',#5006);
#5002=EDGE_CURVE('',#4974,#5005,#5007,.T.);
#5007=LINE('',#4975,#5009);
#5009=VECTOR('',#5010,1.650873);
#5010=DIRECTION('',(-1.0,0.0,0.0));
#5001=ORIENTED_EDGE('',*,*,#5002,.F.);
#5011=ORIENTED_EDGE('',*,*,#4973,.T.);
#5024=CARTESIAN_POINT('',(16.955,1.27,2.862));
#5023=VERTEX_POINT('',#5024);
#5022=EDGE_CURVE('',#5023,#4964,#5027,.T.);
#5027=LINE('',#5024,#5029);
#5029=VECTOR('',#5030,1.650873);
#5030=DIRECTION('',(1.0,0.0,0.0));
#5021=ORIENTED_EDGE('',*,*,#5022,.F.);
#5032=EDGE_CURVE('',#5005,#5023,#5037,.T.);
#5037=LINE('',#5006,#5039);
#5039=VECTOR('',#5040,2.54);
#5040=DIRECTION('',(0.0,1.0,0.0));
#5031=ORIENTED_EDGE('',*,*,#5032,.F.);
#5041=STYLED_ITEM('',(#43),#5042);
#5042=ADVANCED_FACE('',(#5048),#5043,.T.);
#5043=PLANE('',#5044);
#5044=AXIS2_PLACEMENT_3D('',#5045,#5046,#5047);
#5045=CARTESIAN_POINT('',(16.51,-1.08,2.576));
#5046=DIRECTION('',(-0.541,0.0,0.841));
#5047=DIRECTION('',(0.,0.,1.));
#5048=FACE_OUTER_BOUND('',#5049,.T.);
#5049=EDGE_LOOP('',(#5050,#5060,#5070,#5080));
#5055=CARTESIAN_POINT('',(16.51,-1.08,2.576));
#5054=VERTEX_POINT('',#5055);
#5051=EDGE_CURVE('',#5005,#5054,#5056,.T.);
#5056=LINE('',#5006,#5058);
#5058=VECTOR('',#5059,0.561958876596269);
#5059=DIRECTION('',(-0.791,0.339,-0.509));
#5050=ORIENTED_EDGE('',*,*,#5051,.F.);
#5060=ORIENTED_EDGE('',*,*,#5032,.T.);
#5073=CARTESIAN_POINT('',(16.51,1.08,2.576));
#5072=VERTEX_POINT('',#5073);
#5071=EDGE_CURVE('',#5072,#5023,#5076,.T.);
#5076=LINE('',#5073,#5078);
#5078=VECTOR('',#5079,0.561958876596269);
#5079=DIRECTION('',(0.791,0.339,0.509));
#5070=ORIENTED_EDGE('',*,*,#5071,.F.);
#5081=EDGE_CURVE('',#5054,#5072,#5086,.T.);
#5086=LINE('',#5055,#5088);
#5088=VECTOR('',#5089,2.159127);
#5089=DIRECTION('',(0.0,1.0,0.0));
#5080=ORIENTED_EDGE('',*,*,#5081,.F.);
#5090=STYLED_ITEM('',(#43),#5091);
#5091=ADVANCED_FACE('',(#5097),#5092,.T.);
#5092=PLANE('',#5093);
#5093=AXIS2_PLACEMENT_3D('',#5094,#5095,#5096);
#5094=CARTESIAN_POINT('',(19.05,1.08,0.715));
#5095=DIRECTION('',(0.394,0.919,0.0));
#5096=DIRECTION('',(0.,0.,1.));
#5097=FACE_OUTER_BOUND('',#5098,.T.);
#5098=EDGE_LOOP('',(#5099,#5109,#5119,#5129));
#5102=CARTESIAN_POINT('',(18.605,1.27,0.0));
#5101=VERTEX_POINT('',#5102);
#5100=EDGE_CURVE('',#5101,#4611,#5105,.T.);
#5105=LINE('',#5102,#5107);
#5107=VECTOR('',#5108,0.863566208706518);
#5108=DIRECTION('',(0.515,-0.221,0.828));
#5099=ORIENTED_EDGE('',*,*,#5100,.F.);
#5110=EDGE_CURVE('',#4964,#5101,#5115,.T.);
#5115=LINE('',#4965,#5117);
#5117=VECTOR('',#5118,2.8617304716);
#5118=DIRECTION('',(0.0,0.0,-1.0));
#5109=ORIENTED_EDGE('',*,*,#5110,.F.);
#5119=ORIENTED_EDGE('',*,*,#4963,.T.);
#5129=ORIENTED_EDGE('',*,*,#4620,.T.);
#5139=STYLED_ITEM('',(#43),#5140);
#5140=ADVANCED_FACE('',(#5146),#5141,.T.);
#5141=PLANE('',#5142);
#5142=AXIS2_PLACEMENT_3D('',#5143,#5144,#5145);
#5143=CARTESIAN_POINT('',(18.605,1.27,0.0));
#5144=DIRECTION('',(0.0,1.0,0.0));
#5145=DIRECTION('',(0.,0.,1.));
#5146=FACE_OUTER_BOUND('',#5147,.T.);
#5147=EDGE_LOOP('',(#5148,#5158,#5168,#5178));
#5151=CARTESIAN_POINT('',(16.955,1.27,0.0));
#5150=VERTEX_POINT('',#5151);
#5149=EDGE_CURVE('',#5150,#5101,#5154,.T.);
#5154=LINE('',#5151,#5156);
#5156=VECTOR('',#5157,1.650873);
#5157=DIRECTION('',(1.0,0.0,0.0));
#5148=ORIENTED_EDGE('',*,*,#5149,.F.);
#5159=EDGE_CURVE('',#5023,#5150,#5164,.T.);
#5164=LINE('',#5024,#5166);
#5166=VECTOR('',#5167,2.8617304716);
#5167=DIRECTION('',(0.0,0.0,-1.0));
#5158=ORIENTED_EDGE('',*,*,#5159,.F.);
#5168=ORIENTED_EDGE('',*,*,#5022,.T.);
#5178=ORIENTED_EDGE('',*,*,#5110,.T.);
#5188=STYLED_ITEM('',(#43),#5189);
#5189=ADVANCED_FACE('',(#5195),#5190,.T.);
#5190=PLANE('',#5191);
#5191=AXIS2_PLACEMENT_3D('',#5192,#5193,#5194);
#5192=CARTESIAN_POINT('',(16.955,1.27,0.0));
#5193=DIRECTION('',(-0.394,0.919,0.0));
#5194=DIRECTION('',(0.,0.,1.));
#5195=FACE_OUTER_BOUND('',#5196,.T.);
#5196=EDGE_LOOP('',(#5197,#5207,#5217,#5227));
#5200=CARTESIAN_POINT('',(16.51,1.08,0.715));
#5199=VERTEX_POINT('',#5200);
#5198=EDGE_CURVE('',#5199,#5150,#5203,.T.);
#5203=LINE('',#5200,#5205);
#5205=VECTOR('',#5206,0.863566208706518);
#5206=DIRECTION('',(0.515,0.221,-0.828));
#5197=ORIENTED_EDGE('',*,*,#5198,.F.);
#5208=EDGE_CURVE('',#5072,#5199,#5213,.T.);
#5213=LINE('',#5073,#5215);
#5215=VECTOR('',#5216,1.86012480654);
#5216=DIRECTION('',(0.0,0.0,-1.0));
#5207=ORIENTED_EDGE('',*,*,#5208,.F.);
#5217=ORIENTED_EDGE('',*,*,#5071,.T.);
#5227=ORIENTED_EDGE('',*,*,#5159,.T.);
#5237=STYLED_ITEM('',(#43),#5238);
#5238=ADVANCED_FACE('',(#5244),#5239,.T.);
#5239=PLANE('',#5240);
#5240=AXIS2_PLACEMENT_3D('',#5241,#5242,#5243);
#5241=CARTESIAN_POINT('',(16.51,-1.08,0.715));
#5242=DIRECTION('',(-0.394,-0.919,0.0));
#5243=DIRECTION('',(0.,0.,1.));
#5244=FACE_OUTER_BOUND('',#5245,.T.);
#5245=EDGE_LOOP('',(#5246,#5256,#5266,#5276));
#5249=CARTESIAN_POINT('',(16.955,-1.27,0.0));
#5248=VERTEX_POINT('',#5249);
#5251=CARTESIAN_POINT('',(16.51,-1.08,0.715));
#5250=VERTEX_POINT('',#5251);
#5247=EDGE_CURVE('',#5248,#5250,#5252,.T.);
#5252=LINE('',#5249,#5254);
#5254=VECTOR('',#5255,0.863566208706518);
#5255=DIRECTION('',(-0.515,0.221,0.828));
#5246=ORIENTED_EDGE('',*,*,#5247,.F.);
#5257=EDGE_CURVE('',#5005,#5248,#5262,.T.);
#5262=LINE('',#5006,#5264);
#5264=VECTOR('',#5265,2.8617304716);
#5265=DIRECTION('',(0.0,0.0,-1.0));
#5256=ORIENTED_EDGE('',*,*,#5257,.F.);
#5266=ORIENTED_EDGE('',*,*,#5051,.T.);
#5277=EDGE_CURVE('',#5250,#5054,#5282,.T.);
#5282=LINE('',#5251,#5284);
#5284=VECTOR('',#5285,1.86012480654);
#5285=DIRECTION('',(0.0,0.0,1.0));
#5276=ORIENTED_EDGE('',*,*,#5277,.F.);
#5286=STYLED_ITEM('',(#43),#5287);
#5287=ADVANCED_FACE('',(#5293),#5288,.T.);
#5288=PLANE('',#5289);
#5289=AXIS2_PLACEMENT_3D('',#5290,#5291,#5292);
#5290=CARTESIAN_POINT('',(16.955,-1.27,0.0));
#5291=DIRECTION('',(0.0,-1.0,0.0));
#5292=DIRECTION('',(0.,0.,1.));
#5293=FACE_OUTER_BOUND('',#5294,.T.);
#5294=EDGE_LOOP('',(#5295,#5305,#5315,#5325));
#5298=CARTESIAN_POINT('',(18.605,-1.27,0.0));
#5297=VERTEX_POINT('',#5298);
#5296=EDGE_CURVE('',#5297,#5248,#5301,.T.);
#5301=LINE('',#5298,#5303);
#5303=VECTOR('',#5304,1.650873);
#5304=DIRECTION('',(-1.0,0.0,0.0));
#5295=ORIENTED_EDGE('',*,*,#5296,.F.);
#5306=EDGE_CURVE('',#4974,#5297,#5311,.T.);
#5311=LINE('',#4975,#5313);
#5313=VECTOR('',#5314,2.8617304716);
#5314=DIRECTION('',(0.0,0.0,-1.0));
#5305=ORIENTED_EDGE('',*,*,#5306,.F.);
#5315=ORIENTED_EDGE('',*,*,#5002,.T.);
#5325=ORIENTED_EDGE('',*,*,#5257,.T.);
#5335=STYLED_ITEM('',(#43),#5336);
#5336=ADVANCED_FACE('',(#5342),#5337,.T.);
#5337=PLANE('',#5338);
#5338=AXIS2_PLACEMENT_3D('',#5339,#5340,#5341);
#5339=CARTESIAN_POINT('',(18.605,-1.27,0.0));
#5340=DIRECTION('',(0.394,-0.919,0.0));
#5341=DIRECTION('',(0.,0.,1.));
#5342=FACE_OUTER_BOUND('',#5343,.T.);
#5343=EDGE_LOOP('',(#5344,#5354,#5364,#5374));
#5345=EDGE_CURVE('',#4662,#5297,#5350,.T.);
#5350=LINE('',#4663,#5352);
#5352=VECTOR('',#5353,0.863566208706518);
#5353=DIRECTION('',(-0.515,-0.221,-0.828));
#5344=ORIENTED_EDGE('',*,*,#5345,.F.);
#5354=ORIENTED_EDGE('',*,*,#4689,.T.);
#5364=ORIENTED_EDGE('',*,*,#4983,.T.);
#5374=ORIENTED_EDGE('',*,*,#5306,.T.);
#5384=STYLED_ITEM('',(#43),#5385);
#5385=ADVANCED_FACE('',(#5391),#5386,.T.);
#5386=PLANE('',#5387);
#5387=AXIS2_PLACEMENT_3D('',#5388,#5389,#5390);
#5388=CARTESIAN_POINT('',(18.605,-1.27,0.0));
#5389=DIRECTION('',(0.849,0.0,-0.528));
#5390=DIRECTION('',(0.,0.,1.));
#5391=FACE_OUTER_BOUND('',#5392,.T.);
#5392=EDGE_LOOP('',(#5393,#5403,#5413,#5423));
#5394=EDGE_CURVE('',#5101,#5297,#5399,.T.);
#5399=LINE('',#5102,#5401);
#5401=VECTOR('',#5402,2.54);
#5402=DIRECTION('',(0.0,-1.0,0.0));
#5393=ORIENTED_EDGE('',*,*,#5394,.F.);
#5403=ORIENTED_EDGE('',*,*,#5100,.T.);
#5413=ORIENTED_EDGE('',*,*,#4924,.T.);
#5423=ORIENTED_EDGE('',*,*,#5345,.T.);
#5433=STYLED_ITEM('',(#43),#5434);
#5434=ADVANCED_FACE('',(#5440),#5435,.T.);
#5435=PLANE('',#5436);
#5436=AXIS2_PLACEMENT_3D('',#5437,#5438,#5439);
#5437=CARTESIAN_POINT('',(16.955,1.27,0.0));
#5438=DIRECTION('',(0.0,0.0,-1.0));
#5439=DIRECTION('',(0.,1.,0.));
#5440=FACE_OUTER_BOUND('',#5441,.T.);
#5441=EDGE_LOOP('',(#5442,#5452,#5462,#5472));
#5442=ORIENTED_EDGE('',*,*,#5149,.T.);
#5452=ORIENTED_EDGE('',*,*,#5394,.T.);
#5462=ORIENTED_EDGE('',*,*,#5296,.T.);
#5473=EDGE_CURVE('',#5150,#5248,#5478,.T.);
#5478=LINE('',#5151,#5480);
#5480=VECTOR('',#5481,2.54);
#5481=DIRECTION('',(0.0,-1.0,0.0));
#5472=ORIENTED_EDGE('',*,*,#5473,.F.);
#5482=STYLED_ITEM('',(#43),#5483);
#5483=ADVANCED_FACE('',(#5489),#5484,.T.);
#5484=PLANE('',#5485);
#5485=AXIS2_PLACEMENT_3D('',#5486,#5487,#5488);
#5486=CARTESIAN_POINT('',(16.955,1.27,0.0));
#5487=DIRECTION('',(-0.849,0.0,-0.528));
#5488=DIRECTION('',(0.,0.,1.));
#5489=FACE_OUTER_BOUND('',#5490,.T.);
#5490=EDGE_LOOP('',(#5491,#5501,#5511,#5521));
#5491=ORIENTED_EDGE('',*,*,#5473,.T.);
#5501=ORIENTED_EDGE('',*,*,#5247,.T.);
#5512=EDGE_CURVE('',#5199,#5250,#5517,.T.);
#5517=LINE('',#5200,#5519);
#5519=VECTOR('',#5520,2.159127);
#5520=DIRECTION('',(0.0,-1.0,0.0));
#5511=ORIENTED_EDGE('',*,*,#5512,.F.);
#5521=ORIENTED_EDGE('',*,*,#5198,.T.);
#5531=STYLED_ITEM('',(#43),#5532);
#5532=ADVANCED_FACE('',(#5538),#5533,.T.);
#5533=PLANE('',#5534);
#5534=AXIS2_PLACEMENT_3D('',#5535,#5536,#5537);
#5535=CARTESIAN_POINT('',(16.51,-1.08,2.576));
#5536=DIRECTION('',(0.541,0.0,0.841));
#5537=DIRECTION('',(0.,0.,1.));
#5538=FACE_OUTER_BOUND('',#5539,.T.);
#5539=EDGE_LOOP('',(#5540,#5550,#5560,#5570));
#5540=ORIENTED_EDGE('',*,*,#5081,.T.);
#5553=CARTESIAN_POINT('',(16.065,1.27,2.862));
#5552=VERTEX_POINT('',#5553);
#5551=EDGE_CURVE('',#5552,#5072,#5556,.T.);
#5556=LINE('',#5553,#5558);
#5558=VECTOR('',#5559,0.561958876596269);
#5559=DIRECTION('',(0.791,-0.339,-0.509));
#5550=ORIENTED_EDGE('',*,*,#5551,.F.);
#5563=CARTESIAN_POINT('',(16.065,-1.27,2.862));
#5562=VERTEX_POINT('',#5563);
#5561=EDGE_CURVE('',#5562,#5552,#5566,.T.);
#5566=LINE('',#5563,#5568);
#5568=VECTOR('',#5569,2.54);
#5569=DIRECTION('',(0.0,1.0,0.0));
#5560=ORIENTED_EDGE('',*,*,#5561,.F.);
#5571=EDGE_CURVE('',#5054,#5562,#5576,.T.);
#5576=LINE('',#5055,#5578);
#5578=VECTOR('',#5579,0.561958876596269);
#5579=DIRECTION('',(-0.791,-0.339,0.509));
#5570=ORIENTED_EDGE('',*,*,#5571,.F.);
#5580=STYLED_ITEM('',(#43),#5581);
#5581=ADVANCED_FACE('',(#5587),#5582,.T.);
#5582=PLANE('',#5583);
#5583=AXIS2_PLACEMENT_3D('',#5584,#5585,#5586);
#5584=CARTESIAN_POINT('',(14.415,-1.27,2.862));
#5585=DIRECTION('',(0.0,0.0,1.0));
#5586=DIRECTION('',(0.,1.,0.));
#5587=FACE_OUTER_BOUND('',#5588,.T.);
#5588=EDGE_LOOP('',(#5589,#5599,#5609,#5619));
#5594=CARTESIAN_POINT('',(14.415,-1.27,2.862));
#5593=VERTEX_POINT('',#5594);
#5590=EDGE_CURVE('',#5562,#5593,#5595,.T.);
#5595=LINE('',#5563,#5597);
#5597=VECTOR('',#5598,1.650873);
#5598=DIRECTION('',(-1.0,0.0,0.0));
#5589=ORIENTED_EDGE('',*,*,#5590,.F.);
#5599=ORIENTED_EDGE('',*,*,#5561,.T.);
#5612=CARTESIAN_POINT('',(14.415,1.27,2.862));
#5611=VERTEX_POINT('',#5612);
#5610=EDGE_CURVE('',#5611,#5552,#5615,.T.);
#5615=LINE('',#5612,#5617);
#5617=VECTOR('',#5618,1.650873);
#5618=DIRECTION('',(1.0,0.0,0.0));
#5609=ORIENTED_EDGE('',*,*,#5610,.F.);
#5620=EDGE_CURVE('',#5593,#5611,#5625,.T.);
#5625=LINE('',#5594,#5627);
#5627=VECTOR('',#5628,2.54);
#5628=DIRECTION('',(0.0,1.0,0.0));
#5619=ORIENTED_EDGE('',*,*,#5620,.F.);
#5629=STYLED_ITEM('',(#43),#5630);
#5630=ADVANCED_FACE('',(#5636),#5631,.T.);
#5631=PLANE('',#5632);
#5632=AXIS2_PLACEMENT_3D('',#5633,#5634,#5635);
#5633=CARTESIAN_POINT('',(13.97,-1.08,2.576));
#5634=DIRECTION('',(-0.541,0.0,0.841));
#5635=DIRECTION('',(0.,0.,1.));
#5636=FACE_OUTER_BOUND('',#5637,.T.);
#5637=EDGE_LOOP('',(#5638,#5648,#5658,#5668));
#5643=CARTESIAN_POINT('',(13.97,-1.08,2.576));
#5642=VERTEX_POINT('',#5643);
#5639=EDGE_CURVE('',#5593,#5642,#5644,.T.);
#5644=LINE('',#5594,#5646);
#5646=VECTOR('',#5647,0.561958876596269);
#5647=DIRECTION('',(-0.791,0.339,-0.509));
#5638=ORIENTED_EDGE('',*,*,#5639,.F.);
#5648=ORIENTED_EDGE('',*,*,#5620,.T.);
#5661=CARTESIAN_POINT('',(13.97,1.08,2.576));
#5660=VERTEX_POINT('',#5661);
#5659=EDGE_CURVE('',#5660,#5611,#5664,.T.);
#5664=LINE('',#5661,#5666);
#5666=VECTOR('',#5667,0.561958876596269);
#5667=DIRECTION('',(0.791,0.339,0.509));
#5658=ORIENTED_EDGE('',*,*,#5659,.F.);
#5669=EDGE_CURVE('',#5642,#5660,#5674,.T.);
#5674=LINE('',#5643,#5676);
#5676=VECTOR('',#5677,2.159127);
#5677=DIRECTION('',(0.0,1.0,0.0));
#5668=ORIENTED_EDGE('',*,*,#5669,.F.);
#5678=STYLED_ITEM('',(#43),#5679);
#5679=ADVANCED_FACE('',(#5685),#5680,.T.);
#5680=PLANE('',#5681);
#5681=AXIS2_PLACEMENT_3D('',#5682,#5683,#5684);
#5682=CARTESIAN_POINT('',(16.51,1.08,0.715));
#5683=DIRECTION('',(0.394,0.919,0.0));
#5684=DIRECTION('',(0.,0.,1.));
#5685=FACE_OUTER_BOUND('',#5686,.T.);
#5686=EDGE_LOOP('',(#5687,#5697,#5707,#5717));
#5690=CARTESIAN_POINT('',(16.065,1.27,0.0));
#5689=VERTEX_POINT('',#5690);
#5688=EDGE_CURVE('',#5689,#5199,#5693,.T.);
#5693=LINE('',#5690,#5695);
#5695=VECTOR('',#5696,0.863566208706518);
#5696=DIRECTION('',(0.515,-0.221,0.828));
#5687=ORIENTED_EDGE('',*,*,#5688,.F.);
#5698=EDGE_CURVE('',#5552,#5689,#5703,.T.);
#5703=LINE('',#5553,#5705);
#5705=VECTOR('',#5706,2.8617304716);
#5706=DIRECTION('',(0.0,0.0,-1.0));
#5697=ORIENTED_EDGE('',*,*,#5698,.F.);
#5707=ORIENTED_EDGE('',*,*,#5551,.T.);
#5717=ORIENTED_EDGE('',*,*,#5208,.T.);
#5727=STYLED_ITEM('',(#43),#5728);
#5728=ADVANCED_FACE('',(#5734),#5729,.T.);
#5729=PLANE('',#5730);
#5730=AXIS2_PLACEMENT_3D('',#5731,#5732,#5733);
#5731=CARTESIAN_POINT('',(16.065,1.27,0.0));
#5732=DIRECTION('',(0.0,1.0,0.0));
#5733=DIRECTION('',(0.,0.,1.));
#5734=FACE_OUTER_BOUND('',#5735,.T.);
#5735=EDGE_LOOP('',(#5736,#5746,#5756,#5766));
#5739=CARTESIAN_POINT('',(14.415,1.27,0.0));
#5738=VERTEX_POINT('',#5739);
#5737=EDGE_CURVE('',#5738,#5689,#5742,.T.);
#5742=LINE('',#5739,#5744);
#5744=VECTOR('',#5745,1.650873);
#5745=DIRECTION('',(1.0,0.0,0.0));
#5736=ORIENTED_EDGE('',*,*,#5737,.F.);
#5747=EDGE_CURVE('',#5611,#5738,#5752,.T.);
#5752=LINE('',#5612,#5754);
#5754=VECTOR('',#5755,2.8617304716);
#5755=DIRECTION('',(0.0,0.0,-1.0));
#5746=ORIENTED_EDGE('',*,*,#5747,.F.);
#5756=ORIENTED_EDGE('',*,*,#5610,.T.);
#5766=ORIENTED_EDGE('',*,*,#5698,.T.);
#5776=STYLED_ITEM('',(#43),#5777);
#5777=ADVANCED_FACE('',(#5783),#5778,.T.);
#5778=PLANE('',#5779);
#5779=AXIS2_PLACEMENT_3D('',#5780,#5781,#5782);
#5780=CARTESIAN_POINT('',(14.415,1.27,0.0));
#5781=DIRECTION('',(-0.394,0.919,0.0));
#5782=DIRECTION('',(0.,0.,1.));
#5783=FACE_OUTER_BOUND('',#5784,.T.);
#5784=EDGE_LOOP('',(#5785,#5795,#5805,#5815));
#5788=CARTESIAN_POINT('',(13.97,1.08,0.715));
#5787=VERTEX_POINT('',#5788);
#5786=EDGE_CURVE('',#5787,#5738,#5791,.T.);
#5791=LINE('',#5788,#5793);
#5793=VECTOR('',#5794,0.863566208706518);
#5794=DIRECTION('',(0.515,0.221,-0.828));
#5785=ORIENTED_EDGE('',*,*,#5786,.F.);
#5796=EDGE_CURVE('',#5660,#5787,#5801,.T.);
#5801=LINE('',#5661,#5803);
#5803=VECTOR('',#5804,1.86012480654);
#5804=DIRECTION('',(0.0,0.0,-1.0));
#5795=ORIENTED_EDGE('',*,*,#5796,.F.);
#5805=ORIENTED_EDGE('',*,*,#5659,.T.);
#5815=ORIENTED_EDGE('',*,*,#5747,.T.);
#5825=STYLED_ITEM('',(#43),#5826);
#5826=ADVANCED_FACE('',(#5832),#5827,.T.);
#5827=PLANE('',#5828);
#5828=AXIS2_PLACEMENT_3D('',#5829,#5830,#5831);
#5829=CARTESIAN_POINT('',(13.97,-1.08,0.715));
#5830=DIRECTION('',(-0.394,-0.919,0.0));
#5831=DIRECTION('',(0.,0.,1.));
#5832=FACE_OUTER_BOUND('',#5833,.T.);
#5833=EDGE_LOOP('',(#5834,#5844,#5854,#5864));
#5837=CARTESIAN_POINT('',(14.415,-1.27,0.0));
#5836=VERTEX_POINT('',#5837);
#5839=CARTESIAN_POINT('',(13.97,-1.08,0.715));
#5838=VERTEX_POINT('',#5839);
#5835=EDGE_CURVE('',#5836,#5838,#5840,.T.);
#5840=LINE('',#5837,#5842);
#5842=VECTOR('',#5843,0.863566208706518);
#5843=DIRECTION('',(-0.515,0.221,0.828));
#5834=ORIENTED_EDGE('',*,*,#5835,.F.);
#5845=EDGE_CURVE('',#5593,#5836,#5850,.T.);
#5850=LINE('',#5594,#5852);
#5852=VECTOR('',#5853,2.8617304716);
#5853=DIRECTION('',(0.0,0.0,-1.0));
#5844=ORIENTED_EDGE('',*,*,#5845,.F.);
#5854=ORIENTED_EDGE('',*,*,#5639,.T.);
#5865=EDGE_CURVE('',#5838,#5642,#5870,.T.);
#5870=LINE('',#5839,#5872);
#5872=VECTOR('',#5873,1.86012480654);
#5873=DIRECTION('',(0.0,0.0,1.0));
#5864=ORIENTED_EDGE('',*,*,#5865,.F.);
#5874=STYLED_ITEM('',(#43),#5875);
#5875=ADVANCED_FACE('',(#5881),#5876,.T.);
#5876=PLANE('',#5877);
#5877=AXIS2_PLACEMENT_3D('',#5878,#5879,#5880);
#5878=CARTESIAN_POINT('',(14.415,-1.27,0.0));
#5879=DIRECTION('',(0.0,-1.0,0.0));
#5880=DIRECTION('',(0.,0.,1.));
#5881=FACE_OUTER_BOUND('',#5882,.T.);
#5882=EDGE_LOOP('',(#5883,#5893,#5903,#5913));
#5886=CARTESIAN_POINT('',(16.065,-1.27,0.0));
#5885=VERTEX_POINT('',#5886);
#5884=EDGE_CURVE('',#5885,#5836,#5889,.T.);
#5889=LINE('',#5886,#5891);
#5891=VECTOR('',#5892,1.650873);
#5892=DIRECTION('',(-1.0,0.0,0.0));
#5883=ORIENTED_EDGE('',*,*,#5884,.F.);
#5894=EDGE_CURVE('',#5562,#5885,#5899,.T.);
#5899=LINE('',#5563,#5901);
#5901=VECTOR('',#5902,2.8617304716);
#5902=DIRECTION('',(0.0,0.0,-1.0));
#5893=ORIENTED_EDGE('',*,*,#5894,.F.);
#5903=ORIENTED_EDGE('',*,*,#5590,.T.);
#5913=ORIENTED_EDGE('',*,*,#5845,.T.);
#5923=STYLED_ITEM('',(#43),#5924);
#5924=ADVANCED_FACE('',(#5930),#5925,.T.);
#5925=PLANE('',#5926);
#5926=AXIS2_PLACEMENT_3D('',#5927,#5928,#5929);
#5927=CARTESIAN_POINT('',(16.065,-1.27,0.0));
#5928=DIRECTION('',(0.394,-0.919,0.0));
#5929=DIRECTION('',(0.,0.,1.));
#5930=FACE_OUTER_BOUND('',#5931,.T.);
#5931=EDGE_LOOP('',(#5932,#5942,#5952,#5962));
#5933=EDGE_CURVE('',#5250,#5885,#5938,.T.);
#5938=LINE('',#5251,#5940);
#5940=VECTOR('',#5941,0.863566208706518);
#5941=DIRECTION('',(-0.515,-0.221,-0.828));
#5932=ORIENTED_EDGE('',*,*,#5933,.F.);
#5942=ORIENTED_EDGE('',*,*,#5277,.T.);
#5952=ORIENTED_EDGE('',*,*,#5571,.T.);
#5962=ORIENTED_EDGE('',*,*,#5894,.T.);
#5972=STYLED_ITEM('',(#43),#5973);
#5973=ADVANCED_FACE('',(#5979),#5974,.T.);
#5974=PLANE('',#5975);
#5975=AXIS2_PLACEMENT_3D('',#5976,#5977,#5978);
#5976=CARTESIAN_POINT('',(16.065,-1.27,0.0));
#5977=DIRECTION('',(0.849,0.0,-0.528));
#5978=DIRECTION('',(0.,0.,1.));
#5979=FACE_OUTER_BOUND('',#5980,.T.);
#5980=EDGE_LOOP('',(#5981,#5991,#6001,#6011));
#5982=EDGE_CURVE('',#5689,#5885,#5987,.T.);
#5987=LINE('',#5690,#5989);
#5989=VECTOR('',#5990,2.54);
#5990=DIRECTION('',(0.0,-1.0,0.0));
#5981=ORIENTED_EDGE('',*,*,#5982,.F.);
#5991=ORIENTED_EDGE('',*,*,#5688,.T.);
#6001=ORIENTED_EDGE('',*,*,#5512,.T.);
#6011=ORIENTED_EDGE('',*,*,#5933,.T.);
#6021=STYLED_ITEM('',(#43),#6022);
#6022=ADVANCED_FACE('',(#6028),#6023,.T.);
#6023=PLANE('',#6024);
#6024=AXIS2_PLACEMENT_3D('',#6025,#6026,#6027);
#6025=CARTESIAN_POINT('',(14.415,1.27,0.0));
#6026=DIRECTION('',(0.0,0.0,-1.0));
#6027=DIRECTION('',(0.,1.,0.));
#6028=FACE_OUTER_BOUND('',#6029,.T.);
#6029=EDGE_LOOP('',(#6030,#6040,#6050,#6060));
#6030=ORIENTED_EDGE('',*,*,#5737,.T.);
#6040=ORIENTED_EDGE('',*,*,#5982,.T.);
#6050=ORIENTED_EDGE('',*,*,#5884,.T.);
#6061=EDGE_CURVE('',#5738,#5836,#6066,.T.);
#6066=LINE('',#5739,#6068);
#6068=VECTOR('',#6069,2.54);
#6069=DIRECTION('',(0.0,-1.0,0.0));
#6060=ORIENTED_EDGE('',*,*,#6061,.F.);
#6070=STYLED_ITEM('',(#43),#6071);
#6071=ADVANCED_FACE('',(#6077),#6072,.T.);
#6072=PLANE('',#6073);
#6073=AXIS2_PLACEMENT_3D('',#6074,#6075,#6076);
#6074=CARTESIAN_POINT('',(14.415,1.27,0.0));
#6075=DIRECTION('',(-0.849,0.0,-0.528));
#6076=DIRECTION('',(0.,0.,1.));
#6077=FACE_OUTER_BOUND('',#6078,.T.);
#6078=EDGE_LOOP('',(#6079,#6089,#6099,#6109));
#6079=ORIENTED_EDGE('',*,*,#6061,.T.);
#6089=ORIENTED_EDGE('',*,*,#5835,.T.);
#6100=EDGE_CURVE('',#5787,#5838,#6105,.T.);
#6105=LINE('',#5788,#6107);
#6107=VECTOR('',#6108,2.159127);
#6108=DIRECTION('',(0.0,-1.0,0.0));
#6099=ORIENTED_EDGE('',*,*,#6100,.F.);
#6109=ORIENTED_EDGE('',*,*,#5786,.T.);
#6119=STYLED_ITEM('',(#43),#6120);
#6120=ADVANCED_FACE('',(#6126),#6121,.T.);
#6121=PLANE('',#6122);
#6122=AXIS2_PLACEMENT_3D('',#6123,#6124,#6125);
#6123=CARTESIAN_POINT('',(13.97,-1.08,2.576));
#6124=DIRECTION('',(0.541,0.0,0.841));
#6125=DIRECTION('',(0.,0.,1.));
#6126=FACE_OUTER_BOUND('',#6127,.T.);
#6127=EDGE_LOOP('',(#6128,#6138,#6148,#6158));
#6128=ORIENTED_EDGE('',*,*,#5669,.T.);
#6141=CARTESIAN_POINT('',(13.525,1.27,2.862));
#6140=VERTEX_POINT('',#6141);
#6139=EDGE_CURVE('',#6140,#5660,#6144,.T.);
#6144=LINE('',#6141,#6146);
#6146=VECTOR('',#6147,0.561958876596269);
#6147=DIRECTION('',(0.791,-0.339,-0.509));
#6138=ORIENTED_EDGE('',*,*,#6139,.F.);
#6151=CARTESIAN_POINT('',(13.525,-1.27,2.862));
#6150=VERTEX_POINT('',#6151);
#6149=EDGE_CURVE('',#6150,#6140,#6154,.T.);
#6154=LINE('',#6151,#6156);
#6156=VECTOR('',#6157,2.54);
#6157=DIRECTION('',(0.0,1.0,0.0));
#6148=ORIENTED_EDGE('',*,*,#6149,.F.);
#6159=EDGE_CURVE('',#5642,#6150,#6164,.T.);
#6164=LINE('',#5643,#6166);
#6166=VECTOR('',#6167,0.561958876596269);
#6167=DIRECTION('',(-0.791,-0.339,0.509));
#6158=ORIENTED_EDGE('',*,*,#6159,.F.);
#6168=STYLED_ITEM('',(#43),#6169);
#6169=ADVANCED_FACE('',(#6175),#6170,.T.);
#6170=PLANE('',#6171);
#6171=AXIS2_PLACEMENT_3D('',#6172,#6173,#6174);
#6172=CARTESIAN_POINT('',(11.875,-1.27,2.862));
#6173=DIRECTION('',(0.0,0.0,1.0));
#6174=DIRECTION('',(0.,1.,0.));
#6175=FACE_OUTER_BOUND('',#6176,.T.);
#6176=EDGE_LOOP('',(#6177,#6187,#6197,#6207));
#6182=CARTESIAN_POINT('',(11.875,-1.27,2.862));
#6181=VERTEX_POINT('',#6182);
#6178=EDGE_CURVE('',#6150,#6181,#6183,.T.);
#6183=LINE('',#6151,#6185);
#6185=VECTOR('',#6186,1.650873);
#6186=DIRECTION('',(-1.0,0.0,0.0));
#6177=ORIENTED_EDGE('',*,*,#6178,.F.);
#6187=ORIENTED_EDGE('',*,*,#6149,.T.);
#6200=CARTESIAN_POINT('',(11.875,1.27,2.862));
#6199=VERTEX_POINT('',#6200);
#6198=EDGE_CURVE('',#6199,#6140,#6203,.T.);
#6203=LINE('',#6200,#6205);
#6205=VECTOR('',#6206,1.650873);
#6206=DIRECTION('',(1.0,0.0,0.0));
#6197=ORIENTED_EDGE('',*,*,#6198,.F.);
#6208=EDGE_CURVE('',#6181,#6199,#6213,.T.);
#6213=LINE('',#6182,#6215);
#6215=VECTOR('',#6216,2.54);
#6216=DIRECTION('',(0.0,1.0,0.0));
#6207=ORIENTED_EDGE('',*,*,#6208,.F.);
#6217=STYLED_ITEM('',(#43),#6218);
#6218=ADVANCED_FACE('',(#6224),#6219,.T.);
#6219=PLANE('',#6220);
#6220=AXIS2_PLACEMENT_3D('',#6221,#6222,#6223);
#6221=CARTESIAN_POINT('',(11.43,-1.08,2.576));
#6222=DIRECTION('',(-0.541,0.0,0.841));
#6223=DIRECTION('',(0.,0.,1.));
#6224=FACE_OUTER_BOUND('',#6225,.T.);
#6225=EDGE_LOOP('',(#6226,#6236,#6246,#6256));
#6231=CARTESIAN_POINT('',(11.43,-1.08,2.576));
#6230=VERTEX_POINT('',#6231);
#6227=EDGE_CURVE('',#6181,#6230,#6232,.T.);
#6232=LINE('',#6182,#6234);
#6234=VECTOR('',#6235,0.561958876596268);
#6235=DIRECTION('',(-0.791,0.339,-0.509));
#6226=ORIENTED_EDGE('',*,*,#6227,.F.);
#6236=ORIENTED_EDGE('',*,*,#6208,.T.);
#6249=CARTESIAN_POINT('',(11.43,1.08,2.576));
#6248=VERTEX_POINT('',#6249);
#6247=EDGE_CURVE('',#6248,#6199,#6252,.T.);
#6252=LINE('',#6249,#6254);
#6254=VECTOR('',#6255,0.561958876596268);
#6255=DIRECTION('',(0.791,0.339,0.509));
#6246=ORIENTED_EDGE('',*,*,#6247,.F.);
#6257=EDGE_CURVE('',#6230,#6248,#6262,.T.);
#6262=LINE('',#6231,#6264);
#6264=VECTOR('',#6265,2.159127);
#6265=DIRECTION('',(0.0,1.0,0.0));
#6256=ORIENTED_EDGE('',*,*,#6257,.F.);
#6266=STYLED_ITEM('',(#43),#6267);
#6267=ADVANCED_FACE('',(#6273),#6268,.T.);
#6268=PLANE('',#6269);
#6269=AXIS2_PLACEMENT_3D('',#6270,#6271,#6272);
#6270=CARTESIAN_POINT('',(13.97,1.08,0.715));
#6271=DIRECTION('',(0.394,0.919,0.0));
#6272=DIRECTION('',(0.,0.,1.));
#6273=FACE_OUTER_BOUND('',#6274,.T.);
#6274=EDGE_LOOP('',(#6275,#6285,#6295,#6305));
#6278=CARTESIAN_POINT('',(13.525,1.27,0.0));
#6277=VERTEX_POINT('',#6278);
#6276=EDGE_CURVE('',#6277,#5787,#6281,.T.);
#6281=LINE('',#6278,#6283);
#6283=VECTOR('',#6284,0.863566208706518);
#6284=DIRECTION('',(0.515,-0.221,0.828));
#6275=ORIENTED_EDGE('',*,*,#6276,.F.);
#6286=EDGE_CURVE('',#6140,#6277,#6291,.T.);
#6291=LINE('',#6141,#6293);
#6293=VECTOR('',#6294,2.8617304716);
#6294=DIRECTION('',(0.0,0.0,-1.0));
#6285=ORIENTED_EDGE('',*,*,#6286,.F.);
#6295=ORIENTED_EDGE('',*,*,#6139,.T.);
#6305=ORIENTED_EDGE('',*,*,#5796,.T.);
#6315=STYLED_ITEM('',(#43),#6316);
#6316=ADVANCED_FACE('',(#6322),#6317,.T.);
#6317=PLANE('',#6318);
#6318=AXIS2_PLACEMENT_3D('',#6319,#6320,#6321);
#6319=CARTESIAN_POINT('',(13.525,1.27,0.0));
#6320=DIRECTION('',(0.0,1.0,0.0));
#6321=DIRECTION('',(0.,0.,1.));
#6322=FACE_OUTER_BOUND('',#6323,.T.);
#6323=EDGE_LOOP('',(#6324,#6334,#6344,#6354));
#6327=CARTESIAN_POINT('',(11.875,1.27,0.0));
#6326=VERTEX_POINT('',#6327);
#6325=EDGE_CURVE('',#6326,#6277,#6330,.T.);
#6330=LINE('',#6327,#6332);
#6332=VECTOR('',#6333,1.650873);
#6333=DIRECTION('',(1.0,0.0,0.0));
#6324=ORIENTED_EDGE('',*,*,#6325,.F.);
#6335=EDGE_CURVE('',#6199,#6326,#6340,.T.);
#6340=LINE('',#6200,#6342);
#6342=VECTOR('',#6343,2.8617304716);
#6343=DIRECTION('',(0.0,0.0,-1.0));
#6334=ORIENTED_EDGE('',*,*,#6335,.F.);
#6344=ORIENTED_EDGE('',*,*,#6198,.T.);
#6354=ORIENTED_EDGE('',*,*,#6286,.T.);
#6364=STYLED_ITEM('',(#43),#6365);
#6365=ADVANCED_FACE('',(#6371),#6366,.T.);
#6366=PLANE('',#6367);
#6367=AXIS2_PLACEMENT_3D('',#6368,#6369,#6370);
#6368=CARTESIAN_POINT('',(11.875,1.27,0.0));
#6369=DIRECTION('',(-0.394,0.919,0.0));
#6370=DIRECTION('',(0.,0.,1.));
#6371=FACE_OUTER_BOUND('',#6372,.T.);
#6372=EDGE_LOOP('',(#6373,#6383,#6393,#6403));
#6376=CARTESIAN_POINT('',(11.43,1.08,0.715));
#6375=VERTEX_POINT('',#6376);
#6374=EDGE_CURVE('',#6375,#6326,#6379,.T.);
#6379=LINE('',#6376,#6381);
#6381=VECTOR('',#6382,0.863566208706517);
#6382=DIRECTION('',(0.515,0.221,-0.828));
#6373=ORIENTED_EDGE('',*,*,#6374,.F.);
#6384=EDGE_CURVE('',#6248,#6375,#6389,.T.);
#6389=LINE('',#6249,#6391);
#6391=VECTOR('',#6392,1.86012480654);
#6392=DIRECTION('',(0.0,0.0,-1.0));
#6383=ORIENTED_EDGE('',*,*,#6384,.F.);
#6393=ORIENTED_EDGE('',*,*,#6247,.T.);
#6403=ORIENTED_EDGE('',*,*,#6335,.T.);
#6413=STYLED_ITEM('',(#43),#6414);
#6414=ADVANCED_FACE('',(#6420),#6415,.T.);
#6415=PLANE('',#6416);
#6416=AXIS2_PLACEMENT_3D('',#6417,#6418,#6419);
#6417=CARTESIAN_POINT('',(11.43,-1.08,0.715));
#6418=DIRECTION('',(-0.394,-0.919,0.0));
#6419=DIRECTION('',(0.,0.,1.));
#6420=FACE_OUTER_BOUND('',#6421,.T.);
#6421=EDGE_LOOP('',(#6422,#6432,#6442,#6452));
#6425=CARTESIAN_POINT('',(11.875,-1.27,0.0));
#6424=VERTEX_POINT('',#6425);
#6427=CARTESIAN_POINT('',(11.43,-1.08,0.715));
#6426=VERTEX_POINT('',#6427);
#6423=EDGE_CURVE('',#6424,#6426,#6428,.T.);
#6428=LINE('',#6425,#6430);
#6430=VECTOR('',#6431,0.863566208706517);
#6431=DIRECTION('',(-0.515,0.221,0.828));
#6422=ORIENTED_EDGE('',*,*,#6423,.F.);
#6433=EDGE_CURVE('',#6181,#6424,#6438,.T.);
#6438=LINE('',#6182,#6440);
#6440=VECTOR('',#6441,2.8617304716);
#6441=DIRECTION('',(0.0,0.0,-1.0));
#6432=ORIENTED_EDGE('',*,*,#6433,.F.);
#6442=ORIENTED_EDGE('',*,*,#6227,.T.);
#6453=EDGE_CURVE('',#6426,#6230,#6458,.T.);
#6458=LINE('',#6427,#6460);
#6460=VECTOR('',#6461,1.86012480654);
#6461=DIRECTION('',(0.0,0.0,1.0));
#6452=ORIENTED_EDGE('',*,*,#6453,.F.);
#6462=STYLED_ITEM('',(#43),#6463);
#6463=ADVANCED_FACE('',(#6469),#6464,.T.);
#6464=PLANE('',#6465);
#6465=AXIS2_PLACEMENT_3D('',#6466,#6467,#6468);
#6466=CARTESIAN_POINT('',(11.875,-1.27,0.0));
#6467=DIRECTION('',(0.0,-1.0,0.0));
#6468=DIRECTION('',(0.,0.,1.));
#6469=FACE_OUTER_BOUND('',#6470,.T.);
#6470=EDGE_LOOP('',(#6471,#6481,#6491,#6501));
#6474=CARTESIAN_POINT('',(13.525,-1.27,0.0));
#6473=VERTEX_POINT('',#6474);
#6472=EDGE_CURVE('',#6473,#6424,#6477,.T.);
#6477=LINE('',#6474,#6479);
#6479=VECTOR('',#6480,1.650873);
#6480=DIRECTION('',(-1.0,0.0,0.0));
#6471=ORIENTED_EDGE('',*,*,#6472,.F.);
#6482=EDGE_CURVE('',#6150,#6473,#6487,.T.);
#6487=LINE('',#6151,#6489);
#6489=VECTOR('',#6490,2.8617304716);
#6490=DIRECTION('',(0.0,0.0,-1.0));
#6481=ORIENTED_EDGE('',*,*,#6482,.F.);
#6491=ORIENTED_EDGE('',*,*,#6178,.T.);
#6501=ORIENTED_EDGE('',*,*,#6433,.T.);
#6511=STYLED_ITEM('',(#43),#6512);
#6512=ADVANCED_FACE('',(#6518),#6513,.T.);
#6513=PLANE('',#6514);
#6514=AXIS2_PLACEMENT_3D('',#6515,#6516,#6517);
#6515=CARTESIAN_POINT('',(13.525,-1.27,0.0));
#6516=DIRECTION('',(0.394,-0.919,0.0));
#6517=DIRECTION('',(0.,0.,1.));
#6518=FACE_OUTER_BOUND('',#6519,.T.);
#6519=EDGE_LOOP('',(#6520,#6530,#6540,#6550));
#6521=EDGE_CURVE('',#5838,#6473,#6526,.T.);
#6526=LINE('',#5839,#6528);
#6528=VECTOR('',#6529,0.863566208706518);
#6529=DIRECTION('',(-0.515,-0.221,-0.828));
#6520=ORIENTED_EDGE('',*,*,#6521,.F.);
#6530=ORIENTED_EDGE('',*,*,#5865,.T.);
#6540=ORIENTED_EDGE('',*,*,#6159,.T.);
#6550=ORIENTED_EDGE('',*,*,#6482,.T.);
#6560=STYLED_ITEM('',(#43),#6561);
#6561=ADVANCED_FACE('',(#6567),#6562,.T.);
#6562=PLANE('',#6563);
#6563=AXIS2_PLACEMENT_3D('',#6564,#6565,#6566);
#6564=CARTESIAN_POINT('',(13.525,-1.27,0.0));
#6565=DIRECTION('',(0.849,0.0,-0.528));
#6566=DIRECTION('',(0.,0.,1.));
#6567=FACE_OUTER_BOUND('',#6568,.T.);
#6568=EDGE_LOOP('',(#6569,#6579,#6589,#6599));
#6570=EDGE_CURVE('',#6277,#6473,#6575,.T.);
#6575=LINE('',#6278,#6577);
#6577=VECTOR('',#6578,2.54);
#6578=DIRECTION('',(0.0,-1.0,0.0));
#6569=ORIENTED_EDGE('',*,*,#6570,.F.);
#6579=ORIENTED_EDGE('',*,*,#6276,.T.);
#6589=ORIENTED_EDGE('',*,*,#6100,.T.);
#6599=ORIENTED_EDGE('',*,*,#6521,.T.);
#6609=STYLED_ITEM('',(#43),#6610);
#6610=ADVANCED_FACE('',(#6616),#6611,.T.);
#6611=PLANE('',#6612);
#6612=AXIS2_PLACEMENT_3D('',#6613,#6614,#6615);
#6613=CARTESIAN_POINT('',(11.875,1.27,0.0));
#6614=DIRECTION('',(0.0,0.0,-1.0));
#6615=DIRECTION('',(0.,1.,0.));
#6616=FACE_OUTER_BOUND('',#6617,.T.);
#6617=EDGE_LOOP('',(#6618,#6628,#6638,#6648));
#6618=ORIENTED_EDGE('',*,*,#6325,.T.);
#6628=ORIENTED_EDGE('',*,*,#6570,.T.);
#6638=ORIENTED_EDGE('',*,*,#6472,.T.);
#6649=EDGE_CURVE('',#6326,#6424,#6654,.T.);
#6654=LINE('',#6327,#6656);
#6656=VECTOR('',#6657,2.54);
#6657=DIRECTION('',(0.0,-1.0,0.0));
#6648=ORIENTED_EDGE('',*,*,#6649,.F.);
#6658=STYLED_ITEM('',(#43),#6659);
#6659=ADVANCED_FACE('',(#6665),#6660,.T.);
#6660=PLANE('',#6661);
#6661=AXIS2_PLACEMENT_3D('',#6662,#6663,#6664);
#6662=CARTESIAN_POINT('',(11.875,1.27,0.0));
#6663=DIRECTION('',(-0.849,0.0,-0.528));
#6664=DIRECTION('',(0.,0.,1.));
#6665=FACE_OUTER_BOUND('',#6666,.T.);
#6666=EDGE_LOOP('',(#6667,#6677,#6687,#6697));
#6667=ORIENTED_EDGE('',*,*,#6649,.T.);
#6677=ORIENTED_EDGE('',*,*,#6423,.T.);
#6688=EDGE_CURVE('',#6375,#6426,#6693,.T.);
#6693=LINE('',#6376,#6695);
#6695=VECTOR('',#6696,2.159127);
#6696=DIRECTION('',(0.0,-1.0,0.0));
#6687=ORIENTED_EDGE('',*,*,#6688,.F.);
#6697=ORIENTED_EDGE('',*,*,#6374,.T.);
#6707=STYLED_ITEM('',(#43),#6708);
#6708=ADVANCED_FACE('',(#6714),#6709,.T.);
#6709=PLANE('',#6710);
#6710=AXIS2_PLACEMENT_3D('',#6711,#6712,#6713);
#6711=CARTESIAN_POINT('',(11.43,-1.08,2.576));
#6712=DIRECTION('',(0.541,0.0,0.841));
#6713=DIRECTION('',(0.,0.,1.));
#6714=FACE_OUTER_BOUND('',#6715,.T.);
#6715=EDGE_LOOP('',(#6716,#6726,#6736,#6746));
#6716=ORIENTED_EDGE('',*,*,#6257,.T.);
#6729=CARTESIAN_POINT('',(10.985,1.27,2.862));
#6728=VERTEX_POINT('',#6729);
#6727=EDGE_CURVE('',#6728,#6248,#6732,.T.);
#6732=LINE('',#6729,#6734);
#6734=VECTOR('',#6735,0.561958876596268);
#6735=DIRECTION('',(0.791,-0.339,-0.509));
#6726=ORIENTED_EDGE('',*,*,#6727,.F.);
#6739=CARTESIAN_POINT('',(10.985,-1.27,2.862));
#6738=VERTEX_POINT('',#6739);
#6737=EDGE_CURVE('',#6738,#6728,#6742,.T.);
#6742=LINE('',#6739,#6744);
#6744=VECTOR('',#6745,2.54);
#6745=DIRECTION('',(0.0,1.0,0.0));
#6736=ORIENTED_EDGE('',*,*,#6737,.F.);
#6747=EDGE_CURVE('',#6230,#6738,#6752,.T.);
#6752=LINE('',#6231,#6754);
#6754=VECTOR('',#6755,0.561958876596268);
#6755=DIRECTION('',(-0.791,-0.339,0.509));
#6746=ORIENTED_EDGE('',*,*,#6747,.F.);
#6756=STYLED_ITEM('',(#43),#6757);
#6757=ADVANCED_FACE('',(#6763),#6758,.T.);
#6758=PLANE('',#6759);
#6759=AXIS2_PLACEMENT_3D('',#6760,#6761,#6762);
#6760=CARTESIAN_POINT('',(9.335,-1.27,2.862));
#6761=DIRECTION('',(0.0,0.0,1.0));
#6762=DIRECTION('',(0.,1.,0.));
#6763=FACE_OUTER_BOUND('',#6764,.T.);
#6764=EDGE_LOOP('',(#6765,#6775,#6785,#6795));
#6770=CARTESIAN_POINT('',(9.335,-1.27,2.862));
#6769=VERTEX_POINT('',#6770);
#6766=EDGE_CURVE('',#6738,#6769,#6771,.T.);
#6771=LINE('',#6739,#6773);
#6773=VECTOR('',#6774,1.650873);
#6774=DIRECTION('',(-1.0,0.0,0.0));
#6765=ORIENTED_EDGE('',*,*,#6766,.F.);
#6775=ORIENTED_EDGE('',*,*,#6737,.T.);
#6788=CARTESIAN_POINT('',(9.335,1.27,2.862));
#6787=VERTEX_POINT('',#6788);
#6786=EDGE_CURVE('',#6787,#6728,#6791,.T.);
#6791=LINE('',#6788,#6793);
#6793=VECTOR('',#6794,1.650873);
#6794=DIRECTION('',(1.0,0.0,0.0));
#6785=ORIENTED_EDGE('',*,*,#6786,.F.);
#6796=EDGE_CURVE('',#6769,#6787,#6801,.T.);
#6801=LINE('',#6770,#6803);
#6803=VECTOR('',#6804,2.54);
#6804=DIRECTION('',(0.0,1.0,0.0));
#6795=ORIENTED_EDGE('',*,*,#6796,.F.);
#6805=STYLED_ITEM('',(#43),#6806);
#6806=ADVANCED_FACE('',(#6812),#6807,.T.);
#6807=PLANE('',#6808);
#6808=AXIS2_PLACEMENT_3D('',#6809,#6810,#6811);
#6809=CARTESIAN_POINT('',(8.89,-1.08,2.576));
#6810=DIRECTION('',(-0.541,0.0,0.841));
#6811=DIRECTION('',(0.,0.,1.));
#6812=FACE_OUTER_BOUND('',#6813,.T.);
#6813=EDGE_LOOP('',(#6814,#6824,#6834,#6844));
#6819=CARTESIAN_POINT('',(8.89,-1.08,2.576));
#6818=VERTEX_POINT('',#6819);
#6815=EDGE_CURVE('',#6769,#6818,#6820,.T.);
#6820=LINE('',#6770,#6822);
#6822=VECTOR('',#6823,0.561958876596268);
#6823=DIRECTION('',(-0.791,0.339,-0.509));
#6814=ORIENTED_EDGE('',*,*,#6815,.F.);
#6824=ORIENTED_EDGE('',*,*,#6796,.T.);
#6837=CARTESIAN_POINT('',(8.89,1.08,2.576));
#6836=VERTEX_POINT('',#6837);
#6835=EDGE_CURVE('',#6836,#6787,#6840,.T.);
#6840=LINE('',#6837,#6842);
#6842=VECTOR('',#6843,0.561958876596268);
#6843=DIRECTION('',(0.791,0.339,0.509));
#6834=ORIENTED_EDGE('',*,*,#6835,.F.);
#6845=EDGE_CURVE('',#6818,#6836,#6850,.T.);
#6850=LINE('',#6819,#6852);
#6852=VECTOR('',#6853,2.159127);
#6853=DIRECTION('',(0.0,1.0,0.0));
#6844=ORIENTED_EDGE('',*,*,#6845,.F.);
#6854=STYLED_ITEM('',(#43),#6855);
#6855=ADVANCED_FACE('',(#6861),#6856,.T.);
#6856=PLANE('',#6857);
#6857=AXIS2_PLACEMENT_3D('',#6858,#6859,#6860);
#6858=CARTESIAN_POINT('',(11.43,1.08,0.715));
#6859=DIRECTION('',(0.394,0.919,0.0));
#6860=DIRECTION('',(0.,0.,1.));
#6861=FACE_OUTER_BOUND('',#6862,.T.);
#6862=EDGE_LOOP('',(#6863,#6873,#6883,#6893));
#6866=CARTESIAN_POINT('',(10.985,1.27,0.0));
#6865=VERTEX_POINT('',#6866);
#6864=EDGE_CURVE('',#6865,#6375,#6869,.T.);
#6869=LINE('',#6866,#6871);
#6871=VECTOR('',#6872,0.863566208706517);
#6872=DIRECTION('',(0.515,-0.221,0.828));
#6863=ORIENTED_EDGE('',*,*,#6864,.F.);
#6874=EDGE_CURVE('',#6728,#6865,#6879,.T.);
#6879=LINE('',#6729,#6881);
#6881=VECTOR('',#6882,2.8617304716);
#6882=DIRECTION('',(0.0,0.0,-1.0));
#6873=ORIENTED_EDGE('',*,*,#6874,.F.);
#6883=ORIENTED_EDGE('',*,*,#6727,.T.);
#6893=ORIENTED_EDGE('',*,*,#6384,.T.);
#6903=STYLED_ITEM('',(#43),#6904);
#6904=ADVANCED_FACE('',(#6910),#6905,.T.);
#6905=PLANE('',#6906);
#6906=AXIS2_PLACEMENT_3D('',#6907,#6908,#6909);
#6907=CARTESIAN_POINT('',(10.985,1.27,0.0));
#6908=DIRECTION('',(0.0,1.0,0.0));
#6909=DIRECTION('',(0.,0.,1.));
#6910=FACE_OUTER_BOUND('',#6911,.T.);
#6911=EDGE_LOOP('',(#6912,#6922,#6932,#6942));
#6915=CARTESIAN_POINT('',(9.335,1.27,0.0));
#6914=VERTEX_POINT('',#6915);
#6913=EDGE_CURVE('',#6914,#6865,#6918,.T.);
#6918=LINE('',#6915,#6920);
#6920=VECTOR('',#6921,1.650873);
#6921=DIRECTION('',(1.0,0.0,0.0));
#6912=ORIENTED_EDGE('',*,*,#6913,.F.);
#6923=EDGE_CURVE('',#6787,#6914,#6928,.T.);
#6928=LINE('',#6788,#6930);
#6930=VECTOR('',#6931,2.8617304716);
#6931=DIRECTION('',(0.0,0.0,-1.0));
#6922=ORIENTED_EDGE('',*,*,#6923,.F.);
#6932=ORIENTED_EDGE('',*,*,#6786,.T.);
#6942=ORIENTED_EDGE('',*,*,#6874,.T.);
#6952=STYLED_ITEM('',(#43),#6953);
#6953=ADVANCED_FACE('',(#6959),#6954,.T.);
#6954=PLANE('',#6955);
#6955=AXIS2_PLACEMENT_3D('',#6956,#6957,#6958);
#6956=CARTESIAN_POINT('',(9.335,1.27,0.0));
#6957=DIRECTION('',(-0.394,0.919,0.0));
#6958=DIRECTION('',(0.,0.,1.));
#6959=FACE_OUTER_BOUND('',#6960,.T.);
#6960=EDGE_LOOP('',(#6961,#6971,#6981,#6991));
#6964=CARTESIAN_POINT('',(8.89,1.08,0.715));
#6963=VERTEX_POINT('',#6964);
#6962=EDGE_CURVE('',#6963,#6914,#6967,.T.);
#6967=LINE('',#6964,#6969);
#6969=VECTOR('',#6970,0.863566208706517);
#6970=DIRECTION('',(0.515,0.221,-0.828));
#6961=ORIENTED_EDGE('',*,*,#6962,.F.);
#6972=EDGE_CURVE('',#6836,#6963,#6977,.T.);
#6977=LINE('',#6837,#6979);
#6979=VECTOR('',#6980,1.86012480654);
#6980=DIRECTION('',(0.0,0.0,-1.0));
#6971=ORIENTED_EDGE('',*,*,#6972,.F.);
#6981=ORIENTED_EDGE('',*,*,#6835,.T.);
#6991=ORIENTED_EDGE('',*,*,#6923,.T.);
#7001=STYLED_ITEM('',(#43),#7002);
#7002=ADVANCED_FACE('',(#7008),#7003,.T.);
#7003=PLANE('',#7004);
#7004=AXIS2_PLACEMENT_3D('',#7005,#7006,#7007);
#7005=CARTESIAN_POINT('',(8.89,-1.08,0.715));
#7006=DIRECTION('',(-0.394,-0.919,0.0));
#7007=DIRECTION('',(0.,0.,1.));
#7008=FACE_OUTER_BOUND('',#7009,.T.);
#7009=EDGE_LOOP('',(#7010,#7020,#7030,#7040));
#7013=CARTESIAN_POINT('',(9.335,-1.27,0.0));
#7012=VERTEX_POINT('',#7013);
#7015=CARTESIAN_POINT('',(8.89,-1.08,0.715));
#7014=VERTEX_POINT('',#7015);
#7011=EDGE_CURVE('',#7012,#7014,#7016,.T.);
#7016=LINE('',#7013,#7018);
#7018=VECTOR('',#7019,0.863566208706517);
#7019=DIRECTION('',(-0.515,0.221,0.828));
#7010=ORIENTED_EDGE('',*,*,#7011,.F.);
#7021=EDGE_CURVE('',#6769,#7012,#7026,.T.);
#7026=LINE('',#6770,#7028);
#7028=VECTOR('',#7029,2.8617304716);
#7029=DIRECTION('',(0.0,0.0,-1.0));
#7020=ORIENTED_EDGE('',*,*,#7021,.F.);
#7030=ORIENTED_EDGE('',*,*,#6815,.T.);
#7041=EDGE_CURVE('',#7014,#6818,#7046,.T.);
#7046=LINE('',#7015,#7048);
#7048=VECTOR('',#7049,1.86012480654);
#7049=DIRECTION('',(0.0,0.0,1.0));
#7040=ORIENTED_EDGE('',*,*,#7041,.F.);
#7050=STYLED_ITEM('',(#43),#7051);
#7051=ADVANCED_FACE('',(#7057),#7052,.T.);
#7052=PLANE('',#7053);
#7053=AXIS2_PLACEMENT_3D('',#7054,#7055,#7056);
#7054=CARTESIAN_POINT('',(9.335,-1.27,0.0));
#7055=DIRECTION('',(0.0,-1.0,0.0));
#7056=DIRECTION('',(0.,0.,1.));
#7057=FACE_OUTER_BOUND('',#7058,.T.);
#7058=EDGE_LOOP('',(#7059,#7069,#7079,#7089));
#7062=CARTESIAN_POINT('',(10.985,-1.27,0.0));
#7061=VERTEX_POINT('',#7062);
#7060=EDGE_CURVE('',#7061,#7012,#7065,.T.);
#7065=LINE('',#7062,#7067);
#7067=VECTOR('',#7068,1.650873);
#7068=DIRECTION('',(-1.0,0.0,0.0));
#7059=ORIENTED_EDGE('',*,*,#7060,.F.);
#7070=EDGE_CURVE('',#6738,#7061,#7075,.T.);
#7075=LINE('',#6739,#7077);
#7077=VECTOR('',#7078,2.8617304716);
#7078=DIRECTION('',(0.0,0.0,-1.0));
#7069=ORIENTED_EDGE('',*,*,#7070,.F.);
#7079=ORIENTED_EDGE('',*,*,#6766,.T.);
#7089=ORIENTED_EDGE('',*,*,#7021,.T.);
#7099=STYLED_ITEM('',(#43),#7100);
#7100=ADVANCED_FACE('',(#7106),#7101,.T.);
#7101=PLANE('',#7102);
#7102=AXIS2_PLACEMENT_3D('',#7103,#7104,#7105);
#7103=CARTESIAN_POINT('',(10.985,-1.27,0.0));
#7104=DIRECTION('',(0.394,-0.919,0.0));
#7105=DIRECTION('',(0.,0.,1.));
#7106=FACE_OUTER_BOUND('',#7107,.T.);
#7107=EDGE_LOOP('',(#7108,#7118,#7128,#7138));
#7109=EDGE_CURVE('',#6426,#7061,#7114,.T.);
#7114=LINE('',#6427,#7116);
#7116=VECTOR('',#7117,0.863566208706517);
#7117=DIRECTION('',(-0.515,-0.221,-0.828));
#7108=ORIENTED_EDGE('',*,*,#7109,.F.);
#7118=ORIENTED_EDGE('',*,*,#6453,.T.);
#7128=ORIENTED_EDGE('',*,*,#6747,.T.);
#7138=ORIENTED_EDGE('',*,*,#7070,.T.);
#7148=STYLED_ITEM('',(#43),#7149);
#7149=ADVANCED_FACE('',(#7155),#7150,.T.);
#7150=PLANE('',#7151);
#7151=AXIS2_PLACEMENT_3D('',#7152,#7153,#7154);
#7152=CARTESIAN_POINT('',(10.985,-1.27,0.0));
#7153=DIRECTION('',(0.849,0.0,-0.528));
#7154=DIRECTION('',(0.,0.,1.));
#7155=FACE_OUTER_BOUND('',#7156,.T.);
#7156=EDGE_LOOP('',(#7157,#7167,#7177,#7187));
#7158=EDGE_CURVE('',#6865,#7061,#7163,.T.);
#7163=LINE('',#6866,#7165);
#7165=VECTOR('',#7166,2.54);
#7166=DIRECTION('',(0.0,-1.0,0.0));
#7157=ORIENTED_EDGE('',*,*,#7158,.F.);
#7167=ORIENTED_EDGE('',*,*,#6864,.T.);
#7177=ORIENTED_EDGE('',*,*,#6688,.T.);
#7187=ORIENTED_EDGE('',*,*,#7109,.T.);
#7197=STYLED_ITEM('',(#43),#7198);
#7198=ADVANCED_FACE('',(#7204),#7199,.T.);
#7199=PLANE('',#7200);
#7200=AXIS2_PLACEMENT_3D('',#7201,#7202,#7203);
#7201=CARTESIAN_POINT('',(9.335,1.27,0.0));
#7202=DIRECTION('',(0.0,0.0,-1.0));
#7203=DIRECTION('',(0.,1.,0.));
#7204=FACE_OUTER_BOUND('',#7205,.T.);
#7205=EDGE_LOOP('',(#7206,#7216,#7226,#7236));
#7206=ORIENTED_EDGE('',*,*,#6913,.T.);
#7216=ORIENTED_EDGE('',*,*,#7158,.T.);
#7226=ORIENTED_EDGE('',*,*,#7060,.T.);
#7237=EDGE_CURVE('',#6914,#7012,#7242,.T.);
#7242=LINE('',#6915,#7244);
#7244=VECTOR('',#7245,2.54);
#7245=DIRECTION('',(0.0,-1.0,0.0));
#7236=ORIENTED_EDGE('',*,*,#7237,.F.);
#7246=STYLED_ITEM('',(#43),#7247);
#7247=ADVANCED_FACE('',(#7253),#7248,.T.);
#7248=PLANE('',#7249);
#7249=AXIS2_PLACEMENT_3D('',#7250,#7251,#7252);
#7250=CARTESIAN_POINT('',(9.335,1.27,0.0));
#7251=DIRECTION('',(-0.849,0.0,-0.528));
#7252=DIRECTION('',(0.,0.,1.));
#7253=FACE_OUTER_BOUND('',#7254,.T.);
#7254=EDGE_LOOP('',(#7255,#7265,#7275,#7285));
#7255=ORIENTED_EDGE('',*,*,#7237,.T.);
#7265=ORIENTED_EDGE('',*,*,#7011,.T.);
#7276=EDGE_CURVE('',#6963,#7014,#7281,.T.);
#7281=LINE('',#6964,#7283);
#7283=VECTOR('',#7284,2.159127);
#7284=DIRECTION('',(0.0,-1.0,0.0));
#7275=ORIENTED_EDGE('',*,*,#7276,.F.);
#7285=ORIENTED_EDGE('',*,*,#6962,.T.);
#7295=STYLED_ITEM('',(#43),#7296);
#7296=ADVANCED_FACE('',(#7302),#7297,.T.);
#7297=PLANE('',#7298);
#7298=AXIS2_PLACEMENT_3D('',#7299,#7300,#7301);
#7299=CARTESIAN_POINT('',(8.89,-1.08,2.576));
#7300=DIRECTION('',(0.541,0.0,0.841));
#7301=DIRECTION('',(0.,0.,1.));
#7302=FACE_OUTER_BOUND('',#7303,.T.);
#7303=EDGE_LOOP('',(#7304,#7314,#7324,#7334));
#7304=ORIENTED_EDGE('',*,*,#6845,.T.);
#7317=CARTESIAN_POINT('',(8.445,1.27,2.862));
#7316=VERTEX_POINT('',#7317);
#7315=EDGE_CURVE('',#7316,#6836,#7320,.T.);
#7320=LINE('',#7317,#7322);
#7322=VECTOR('',#7323,0.561958876596268);
#7323=DIRECTION('',(0.791,-0.339,-0.509));
#7314=ORIENTED_EDGE('',*,*,#7315,.F.);
#7327=CARTESIAN_POINT('',(8.445,-1.27,2.862));
#7326=VERTEX_POINT('',#7327);
#7325=EDGE_CURVE('',#7326,#7316,#7330,.T.);
#7330=LINE('',#7327,#7332);
#7332=VECTOR('',#7333,2.54);
#7333=DIRECTION('',(0.0,1.0,0.0));
#7324=ORIENTED_EDGE('',*,*,#7325,.F.);
#7335=EDGE_CURVE('',#6818,#7326,#7340,.T.);
#7340=LINE('',#6819,#7342);
#7342=VECTOR('',#7343,0.561958876596268);
#7343=DIRECTION('',(-0.791,-0.339,0.509));
#7334=ORIENTED_EDGE('',*,*,#7335,.F.);
#7344=STYLED_ITEM('',(#43),#7345);
#7345=ADVANCED_FACE('',(#7351),#7346,.T.);
#7346=PLANE('',#7347);
#7347=AXIS2_PLACEMENT_3D('',#7348,#7349,#7350);
#7348=CARTESIAN_POINT('',(6.795,-1.27,2.862));
#7349=DIRECTION('',(0.0,0.0,1.0));
#7350=DIRECTION('',(0.,1.,0.));
#7351=FACE_OUTER_BOUND('',#7352,.T.);
#7352=EDGE_LOOP('',(#7353,#7363,#7373,#7383));
#7358=CARTESIAN_POINT('',(6.795,-1.27,2.862));
#7357=VERTEX_POINT('',#7358);
#7354=EDGE_CURVE('',#7326,#7357,#7359,.T.);
#7359=LINE('',#7327,#7361);
#7361=VECTOR('',#7362,1.650873);
#7362=DIRECTION('',(-1.0,0.0,0.0));
#7353=ORIENTED_EDGE('',*,*,#7354,.F.);
#7363=ORIENTED_EDGE('',*,*,#7325,.T.);
#7376=CARTESIAN_POINT('',(6.795,1.27,2.862));
#7375=VERTEX_POINT('',#7376);
#7374=EDGE_CURVE('',#7375,#7316,#7379,.T.);
#7379=LINE('',#7376,#7381);
#7381=VECTOR('',#7382,1.650873);
#7382=DIRECTION('',(1.0,0.0,0.0));
#7373=ORIENTED_EDGE('',*,*,#7374,.F.);
#7384=EDGE_CURVE('',#7357,#7375,#7389,.T.);
#7389=LINE('',#7358,#7391);
#7391=VECTOR('',#7392,2.54);
#7392=DIRECTION('',(0.0,1.0,0.0));
#7383=ORIENTED_EDGE('',*,*,#7384,.F.);
#7393=STYLED_ITEM('',(#43),#7394);
#7394=ADVANCED_FACE('',(#7400),#7395,.T.);
#7395=PLANE('',#7396);
#7396=AXIS2_PLACEMENT_3D('',#7397,#7398,#7399);
#7397=CARTESIAN_POINT('',(6.35,-1.08,2.576));
#7398=DIRECTION('',(-0.541,0.0,0.841));
#7399=DIRECTION('',(0.,0.,1.));
#7400=FACE_OUTER_BOUND('',#7401,.T.);
#7401=EDGE_LOOP('',(#7402,#7412,#7422,#7432));
#7407=CARTESIAN_POINT('',(6.35,-1.08,2.576));
#7406=VERTEX_POINT('',#7407);
#7403=EDGE_CURVE('',#7357,#7406,#7408,.T.);
#7408=LINE('',#7358,#7410);
#7410=VECTOR('',#7411,0.561958876596268);
#7411=DIRECTION('',(-0.791,0.339,-0.509));
#7402=ORIENTED_EDGE('',*,*,#7403,.F.);
#7412=ORIENTED_EDGE('',*,*,#7384,.T.);
#7425=CARTESIAN_POINT('',(6.35,1.08,2.576));
#7424=VERTEX_POINT('',#7425);
#7423=EDGE_CURVE('',#7424,#7375,#7428,.T.);
#7428=LINE('',#7425,#7430);
#7430=VECTOR('',#7431,0.561958876596268);
#7431=DIRECTION('',(0.791,0.339,0.509));
#7422=ORIENTED_EDGE('',*,*,#7423,.F.);
#7433=EDGE_CURVE('',#7406,#7424,#7438,.T.);
#7438=LINE('',#7407,#7440);
#7440=VECTOR('',#7441,2.159127);
#7441=DIRECTION('',(0.0,1.0,0.0));
#7432=ORIENTED_EDGE('',*,*,#7433,.F.);
#7442=STYLED_ITEM('',(#43),#7443);
#7443=ADVANCED_FACE('',(#7449),#7444,.T.);
#7444=PLANE('',#7445);
#7445=AXIS2_PLACEMENT_3D('',#7446,#7447,#7448);
#7446=CARTESIAN_POINT('',(8.89,1.08,0.715));
#7447=DIRECTION('',(0.394,0.919,0.0));
#7448=DIRECTION('',(0.,0.,1.));
#7449=FACE_OUTER_BOUND('',#7450,.T.);
#7450=EDGE_LOOP('',(#7451,#7461,#7471,#7481));
#7454=CARTESIAN_POINT('',(8.445,1.27,0.0));
#7453=VERTEX_POINT('',#7454);
#7452=EDGE_CURVE('',#7453,#6963,#7457,.T.);
#7457=LINE('',#7454,#7459);
#7459=VECTOR('',#7460,0.863566208706517);
#7460=DIRECTION('',(0.515,-0.221,0.828));
#7451=ORIENTED_EDGE('',*,*,#7452,.F.);
#7462=EDGE_CURVE('',#7316,#7453,#7467,.T.);
#7467=LINE('',#7317,#7469);
#7469=VECTOR('',#7470,2.8617304716);
#7470=DIRECTION('',(0.0,0.0,-1.0));
#7461=ORIENTED_EDGE('',*,*,#7462,.F.);
#7471=ORIENTED_EDGE('',*,*,#7315,.T.);
#7481=ORIENTED_EDGE('',*,*,#6972,.T.);
#7491=STYLED_ITEM('',(#43),#7492);
#7492=ADVANCED_FACE('',(#7498),#7493,.T.);
#7493=PLANE('',#7494);
#7494=AXIS2_PLACEMENT_3D('',#7495,#7496,#7497);
#7495=CARTESIAN_POINT('',(8.445,1.27,0.0));
#7496=DIRECTION('',(0.0,1.0,0.0));
#7497=DIRECTION('',(0.,0.,1.));
#7498=FACE_OUTER_BOUND('',#7499,.T.);
#7499=EDGE_LOOP('',(#7500,#7510,#7520,#7530));
#7503=CARTESIAN_POINT('',(6.795,1.27,0.0));
#7502=VERTEX_POINT('',#7503);
#7501=EDGE_CURVE('',#7502,#7453,#7506,.T.);
#7506=LINE('',#7503,#7508);
#7508=VECTOR('',#7509,1.650873);
#7509=DIRECTION('',(1.0,0.0,0.0));
#7500=ORIENTED_EDGE('',*,*,#7501,.F.);
#7511=EDGE_CURVE('',#7375,#7502,#7516,.T.);
#7516=LINE('',#7376,#7518);
#7518=VECTOR('',#7519,2.8617304716);
#7519=DIRECTION('',(0.0,0.0,-1.0));
#7510=ORIENTED_EDGE('',*,*,#7511,.F.);
#7520=ORIENTED_EDGE('',*,*,#7374,.T.);
#7530=ORIENTED_EDGE('',*,*,#7462,.T.);
#7540=STYLED_ITEM('',(#43),#7541);
#7541=ADVANCED_FACE('',(#7547),#7542,.T.);
#7542=PLANE('',#7543);
#7543=AXIS2_PLACEMENT_3D('',#7544,#7545,#7546);
#7544=CARTESIAN_POINT('',(6.795,1.27,0.0));
#7545=DIRECTION('',(-0.394,0.919,0.0));
#7546=DIRECTION('',(0.,0.,1.));
#7547=FACE_OUTER_BOUND('',#7548,.T.);
#7548=EDGE_LOOP('',(#7549,#7559,#7569,#7579));
#7552=CARTESIAN_POINT('',(6.35,1.08,0.715));
#7551=VERTEX_POINT('',#7552);
#7550=EDGE_CURVE('',#7551,#7502,#7555,.T.);
#7555=LINE('',#7552,#7557);
#7557=VECTOR('',#7558,0.863566208706517);
#7558=DIRECTION('',(0.515,0.221,-0.828));
#7549=ORIENTED_EDGE('',*,*,#7550,.F.);
#7560=EDGE_CURVE('',#7424,#7551,#7565,.T.);
#7565=LINE('',#7425,#7567);
#7567=VECTOR('',#7568,1.86012480654);
#7568=DIRECTION('',(0.0,0.0,-1.0));
#7559=ORIENTED_EDGE('',*,*,#7560,.F.);
#7569=ORIENTED_EDGE('',*,*,#7423,.T.);
#7579=ORIENTED_EDGE('',*,*,#7511,.T.);
#7589=STYLED_ITEM('',(#43),#7590);
#7590=ADVANCED_FACE('',(#7596),#7591,.T.);
#7591=PLANE('',#7592);
#7592=AXIS2_PLACEMENT_3D('',#7593,#7594,#7595);
#7593=CARTESIAN_POINT('',(6.35,-1.08,0.715));
#7594=DIRECTION('',(-0.394,-0.919,0.0));
#7595=DIRECTION('',(0.,0.,1.));
#7596=FACE_OUTER_BOUND('',#7597,.T.);
#7597=EDGE_LOOP('',(#7598,#7608,#7618,#7628));
#7601=CARTESIAN_POINT('',(6.795,-1.27,0.0));
#7600=VERTEX_POINT('',#7601);
#7603=CARTESIAN_POINT('',(6.35,-1.08,0.715));
#7602=VERTEX_POINT('',#7603);
#7599=EDGE_CURVE('',#7600,#7602,#7604,.T.);
#7604=LINE('',#7601,#7606);
#7606=VECTOR('',#7607,0.863566208706517);
#7607=DIRECTION('',(-0.515,0.221,0.828));
#7598=ORIENTED_EDGE('',*,*,#7599,.F.);
#7609=EDGE_CURVE('',#7357,#7600,#7614,.T.);
#7614=LINE('',#7358,#7616);
#7616=VECTOR('',#7617,2.8617304716);
#7617=DIRECTION('',(0.0,0.0,-1.0));
#7608=ORIENTED_EDGE('',*,*,#7609,.F.);
#7618=ORIENTED_EDGE('',*,*,#7403,.T.);
#7629=EDGE_CURVE('',#7602,#7406,#7634,.T.);
#7634=LINE('',#7603,#7636);
#7636=VECTOR('',#7637,1.86012480654);
#7637=DIRECTION('',(0.0,0.0,1.0));
#7628=ORIENTED_EDGE('',*,*,#7629,.F.);
#7638=STYLED_ITEM('',(#43),#7639);
#7639=ADVANCED_FACE('',(#7645),#7640,.T.);
#7640=PLANE('',#7641);
#7641=AXIS2_PLACEMENT_3D('',#7642,#7643,#7644);
#7642=CARTESIAN_POINT('',(6.795,-1.27,0.0));
#7643=DIRECTION('',(0.0,-1.0,0.0));
#7644=DIRECTION('',(0.,0.,1.));
#7645=FACE_OUTER_BOUND('',#7646,.T.);
#7646=EDGE_LOOP('',(#7647,#7657,#7667,#7677));
#7650=CARTESIAN_POINT('',(8.445,-1.27,0.0));
#7649=VERTEX_POINT('',#7650);
#7648=EDGE_CURVE('',#7649,#7600,#7653,.T.);
#7653=LINE('',#7650,#7655);
#7655=VECTOR('',#7656,1.650873);
#7656=DIRECTION('',(-1.0,0.0,0.0));
#7647=ORIENTED_EDGE('',*,*,#7648,.F.);
#7658=EDGE_CURVE('',#7326,#7649,#7663,.T.);
#7663=LINE('',#7327,#7665);
#7665=VECTOR('',#7666,2.8617304716);
#7666=DIRECTION('',(0.0,0.0,-1.0));
#7657=ORIENTED_EDGE('',*,*,#7658,.F.);
#7667=ORIENTED_EDGE('',*,*,#7354,.T.);
#7677=ORIENTED_EDGE('',*,*,#7609,.T.);
#7687=STYLED_ITEM('',(#43),#7688);
#7688=ADVANCED_FACE('',(#7694),#7689,.T.);
#7689=PLANE('',#7690);
#7690=AXIS2_PLACEMENT_3D('',#7691,#7692,#7693);
#7691=CARTESIAN_POINT('',(8.445,-1.27,0.0));
#7692=DIRECTION('',(0.394,-0.919,0.0));
#7693=DIRECTION('',(0.,0.,1.));
#7694=FACE_OUTER_BOUND('',#7695,.T.);
#7695=EDGE_LOOP('',(#7696,#7706,#7716,#7726));
#7697=EDGE_CURVE('',#7014,#7649,#7702,.T.);
#7702=LINE('',#7015,#7704);
#7704=VECTOR('',#7705,0.863566208706517);
#7705=DIRECTION('',(-0.515,-0.221,-0.828));
#7696=ORIENTED_EDGE('',*,*,#7697,.F.);
#7706=ORIENTED_EDGE('',*,*,#7041,.T.);
#7716=ORIENTED_EDGE('',*,*,#7335,.T.);
#7726=ORIENTED_EDGE('',*,*,#7658,.T.);
#7736=STYLED_ITEM('',(#43),#7737);
#7737=ADVANCED_FACE('',(#7743),#7738,.T.);
#7738=PLANE('',#7739);
#7739=AXIS2_PLACEMENT_3D('',#7740,#7741,#7742);
#7740=CARTESIAN_POINT('',(8.445,-1.27,0.0));
#7741=DIRECTION('',(0.849,0.0,-0.528));
#7742=DIRECTION('',(0.,0.,1.));
#7743=FACE_OUTER_BOUND('',#7744,.T.);
#7744=EDGE_LOOP('',(#7745,#7755,#7765,#7775));
#7746=EDGE_CURVE('',#7453,#7649,#7751,.T.);
#7751=LINE('',#7454,#7753);
#7753=VECTOR('',#7754,2.54);
#7754=DIRECTION('',(0.0,-1.0,0.0));
#7745=ORIENTED_EDGE('',*,*,#7746,.F.);
#7755=ORIENTED_EDGE('',*,*,#7452,.T.);
#7765=ORIENTED_EDGE('',*,*,#7276,.T.);
#7775=ORIENTED_EDGE('',*,*,#7697,.T.);
#7785=STYLED_ITEM('',(#43),#7786);
#7786=ADVANCED_FACE('',(#7792),#7787,.T.);
#7787=PLANE('',#7788);
#7788=AXIS2_PLACEMENT_3D('',#7789,#7790,#7791);
#7789=CARTESIAN_POINT('',(6.795,1.27,0.0));
#7790=DIRECTION('',(0.0,0.0,-1.0));
#7791=DIRECTION('',(0.,1.,0.));
#7792=FACE_OUTER_BOUND('',#7793,.T.);
#7793=EDGE_LOOP('',(#7794,#7804,#7814,#7824));
#7794=ORIENTED_EDGE('',*,*,#7501,.T.);
#7804=ORIENTED_EDGE('',*,*,#7746,.T.);
#7814=ORIENTED_EDGE('',*,*,#7648,.T.);
#7825=EDGE_CURVE('',#7502,#7600,#7830,.T.);
#7830=LINE('',#7503,#7832);
#7832=VECTOR('',#7833,2.54);
#7833=DIRECTION('',(0.0,-1.0,0.0));
#7824=ORIENTED_EDGE('',*,*,#7825,.F.);
#7834=STYLED_ITEM('',(#43),#7835);
#7835=ADVANCED_FACE('',(#7841),#7836,.T.);
#7836=PLANE('',#7837);
#7837=AXIS2_PLACEMENT_3D('',#7838,#7839,#7840);
#7838=CARTESIAN_POINT('',(6.795,1.27,0.0));
#7839=DIRECTION('',(-0.849,0.0,-0.528));
#7840=DIRECTION('',(0.,0.,1.));
#7841=FACE_OUTER_BOUND('',#7842,.T.);
#7842=EDGE_LOOP('',(#7843,#7853,#7863,#7873));
#7843=ORIENTED_EDGE('',*,*,#7825,.T.);
#7853=ORIENTED_EDGE('',*,*,#7599,.T.);
#7864=EDGE_CURVE('',#7551,#7602,#7869,.T.);
#7869=LINE('',#7552,#7871);
#7871=VECTOR('',#7872,2.159127);
#7872=DIRECTION('',(0.0,-1.0,0.0));
#7863=ORIENTED_EDGE('',*,*,#7864,.F.);
#7873=ORIENTED_EDGE('',*,*,#7550,.T.);
#7883=STYLED_ITEM('',(#43),#7884);
#7884=ADVANCED_FACE('',(#7890),#7885,.T.);
#7885=PLANE('',#7886);
#7886=AXIS2_PLACEMENT_3D('',#7887,#7888,#7889);
#7887=CARTESIAN_POINT('',(6.35,-1.08,2.576));
#7888=DIRECTION('',(0.541,0.0,0.841));
#7889=DIRECTION('',(0.,0.,1.));
#7890=FACE_OUTER_BOUND('',#7891,.T.);
#7891=EDGE_LOOP('',(#7892,#7902,#7912,#7922));
#7892=ORIENTED_EDGE('',*,*,#7433,.T.);
#7905=CARTESIAN_POINT('',(5.905,1.27,2.862));
#7904=VERTEX_POINT('',#7905);
#7903=EDGE_CURVE('',#7904,#7424,#7908,.T.);
#7908=LINE('',#7905,#7910);
#7910=VECTOR('',#7911,0.561958876596268);
#7911=DIRECTION('',(0.791,-0.339,-0.509));
#7902=ORIENTED_EDGE('',*,*,#7903,.F.);
#7915=CARTESIAN_POINT('',(5.905,-1.27,2.862));
#7914=VERTEX_POINT('',#7915);
#7913=EDGE_CURVE('',#7914,#7904,#7918,.T.);
#7918=LINE('',#7915,#7920);
#7920=VECTOR('',#7921,2.54);
#7921=DIRECTION('',(0.0,1.0,0.0));
#7912=ORIENTED_EDGE('',*,*,#7913,.F.);
#7923=EDGE_CURVE('',#7406,#7914,#7928,.T.);
#7928=LINE('',#7407,#7930);
#7930=VECTOR('',#7931,0.561958876596268);
#7931=DIRECTION('',(-0.791,-0.339,0.509));
#7922=ORIENTED_EDGE('',*,*,#7923,.F.);
#7932=STYLED_ITEM('',(#43),#7933);
#7933=ADVANCED_FACE('',(#7939),#7934,.T.);
#7934=PLANE('',#7935);
#7935=AXIS2_PLACEMENT_3D('',#7936,#7937,#7938);
#7936=CARTESIAN_POINT('',(4.255,-1.27,2.862));
#7937=DIRECTION('',(0.0,0.0,1.0));
#7938=DIRECTION('',(0.,1.,0.));
#7939=FACE_OUTER_BOUND('',#7940,.T.);
#7940=EDGE_LOOP('',(#7941,#7951,#7961,#7971));
#7946=CARTESIAN_POINT('',(4.255,-1.27,2.862));
#7945=VERTEX_POINT('',#7946);
#7942=EDGE_CURVE('',#7914,#7945,#7947,.T.);
#7947=LINE('',#7915,#7949);
#7949=VECTOR('',#7950,1.650873);
#7950=DIRECTION('',(-1.0,0.0,0.0));
#7941=ORIENTED_EDGE('',*,*,#7942,.F.);
#7951=ORIENTED_EDGE('',*,*,#7913,.T.);
#7964=CARTESIAN_POINT('',(4.255,1.27,2.862));
#7963=VERTEX_POINT('',#7964);
#7962=EDGE_CURVE('',#7963,#7904,#7967,.T.);
#7967=LINE('',#7964,#7969);
#7969=VECTOR('',#7970,1.650873);
#7970=DIRECTION('',(1.0,0.0,0.0));
#7961=ORIENTED_EDGE('',*,*,#7962,.F.);
#7972=EDGE_CURVE('',#7945,#7963,#7977,.T.);
#7977=LINE('',#7946,#7979);
#7979=VECTOR('',#7980,2.54);
#7980=DIRECTION('',(0.0,1.0,0.0));
#7971=ORIENTED_EDGE('',*,*,#7972,.F.);
#7981=STYLED_ITEM('',(#43),#7982);
#7982=ADVANCED_FACE('',(#7988),#7983,.T.);
#7983=PLANE('',#7984);
#7984=AXIS2_PLACEMENT_3D('',#7985,#7986,#7987);
#7985=CARTESIAN_POINT('',(3.81,-1.08,2.576));
#7986=DIRECTION('',(-0.541,0.0,0.841));
#7987=DIRECTION('',(0.,0.,1.));
#7988=FACE_OUTER_BOUND('',#7989,.T.);
#7989=EDGE_LOOP('',(#7990,#8000,#8010,#8020));
#7995=CARTESIAN_POINT('',(3.81,-1.08,2.576));
#7994=VERTEX_POINT('',#7995);
#7991=EDGE_CURVE('',#7945,#7994,#7996,.T.);
#7996=LINE('',#7946,#7998);
#7998=VECTOR('',#7999,0.561958876596268);
#7999=DIRECTION('',(-0.791,0.339,-0.509));
#7990=ORIENTED_EDGE('',*,*,#7991,.F.);
#8000=ORIENTED_EDGE('',*,*,#7972,.T.);
#8013=CARTESIAN_POINT('',(3.81,1.08,2.576));
#8012=VERTEX_POINT('',#8013);
#8011=EDGE_CURVE('',#8012,#7963,#8016,.T.);
#8016=LINE('',#8013,#8018);
#8018=VECTOR('',#8019,0.561958876596268);
#8019=DIRECTION('',(0.791,0.339,0.509));
#8010=ORIENTED_EDGE('',*,*,#8011,.F.);
#8021=EDGE_CURVE('',#7994,#8012,#8026,.T.);
#8026=LINE('',#7995,#8028);
#8028=VECTOR('',#8029,2.159127);
#8029=DIRECTION('',(0.0,1.0,0.0));
#8020=ORIENTED_EDGE('',*,*,#8021,.F.);
#8030=STYLED_ITEM('',(#43),#8031);
#8031=ADVANCED_FACE('',(#8037),#8032,.T.);
#8032=PLANE('',#8033);
#8033=AXIS2_PLACEMENT_3D('',#8034,#8035,#8036);
#8034=CARTESIAN_POINT('',(6.35,1.08,0.715));
#8035=DIRECTION('',(0.394,0.919,0.0));
#8036=DIRECTION('',(0.,0.,1.));
#8037=FACE_OUTER_BOUND('',#8038,.T.);
#8038=EDGE_LOOP('',(#8039,#8049,#8059,#8069));
#8042=CARTESIAN_POINT('',(5.905,1.27,0.0));
#8041=VERTEX_POINT('',#8042);
#8040=EDGE_CURVE('',#8041,#7551,#8045,.T.);
#8045=LINE('',#8042,#8047);
#8047=VECTOR('',#8048,0.863566208706517);
#8048=DIRECTION('',(0.515,-0.221,0.828));
#8039=ORIENTED_EDGE('',*,*,#8040,.F.);
#8050=EDGE_CURVE('',#7904,#8041,#8055,.T.);
#8055=LINE('',#7905,#8057);
#8057=VECTOR('',#8058,2.8617304716);
#8058=DIRECTION('',(0.0,0.0,-1.0));
#8049=ORIENTED_EDGE('',*,*,#8050,.F.);
#8059=ORIENTED_EDGE('',*,*,#7903,.T.);
#8069=ORIENTED_EDGE('',*,*,#7560,.T.);
#8079=STYLED_ITEM('',(#43),#8080);
#8080=ADVANCED_FACE('',(#8086),#8081,.T.);
#8081=PLANE('',#8082);
#8082=AXIS2_PLACEMENT_3D('',#8083,#8084,#8085);
#8083=CARTESIAN_POINT('',(5.905,1.27,0.0));
#8084=DIRECTION('',(0.0,1.0,0.0));
#8085=DIRECTION('',(0.,0.,1.));
#8086=FACE_OUTER_BOUND('',#8087,.T.);
#8087=EDGE_LOOP('',(#8088,#8098,#8108,#8118));
#8091=CARTESIAN_POINT('',(4.255,1.27,0.0));
#8090=VERTEX_POINT('',#8091);
#8089=EDGE_CURVE('',#8090,#8041,#8094,.T.);
#8094=LINE('',#8091,#8096);
#8096=VECTOR('',#8097,1.650873);
#8097=DIRECTION('',(1.0,0.0,0.0));
#8088=ORIENTED_EDGE('',*,*,#8089,.F.);
#8099=EDGE_CURVE('',#7963,#8090,#8104,.T.);
#8104=LINE('',#7964,#8106);
#8106=VECTOR('',#8107,2.8617304716);
#8107=DIRECTION('',(0.0,0.0,-1.0));
#8098=ORIENTED_EDGE('',*,*,#8099,.F.);
#8108=ORIENTED_EDGE('',*,*,#7962,.T.);
#8118=ORIENTED_EDGE('',*,*,#8050,.T.);
#8128=STYLED_ITEM('',(#43),#8129);
#8129=ADVANCED_FACE('',(#8135),#8130,.T.);
#8130=PLANE('',#8131);
#8131=AXIS2_PLACEMENT_3D('',#8132,#8133,#8134);
#8132=CARTESIAN_POINT('',(4.255,1.27,0.0));
#8133=DIRECTION('',(-0.394,0.919,0.0));
#8134=DIRECTION('',(0.,0.,1.));
#8135=FACE_OUTER_BOUND('',#8136,.T.);
#8136=EDGE_LOOP('',(#8137,#8147,#8157,#8167));
#8140=CARTESIAN_POINT('',(3.81,1.08,0.715));
#8139=VERTEX_POINT('',#8140);
#8138=EDGE_CURVE('',#8139,#8090,#8143,.T.);
#8143=LINE('',#8140,#8145);
#8145=VECTOR('',#8146,0.863566208706517);
#8146=DIRECTION('',(0.515,0.221,-0.828));
#8137=ORIENTED_EDGE('',*,*,#8138,.F.);
#8148=EDGE_CURVE('',#8012,#8139,#8153,.T.);
#8153=LINE('',#8013,#8155);
#8155=VECTOR('',#8156,1.86012480654);
#8156=DIRECTION('',(0.0,0.0,-1.0));
#8147=ORIENTED_EDGE('',*,*,#8148,.F.);
#8157=ORIENTED_EDGE('',*,*,#8011,.T.);
#8167=ORIENTED_EDGE('',*,*,#8099,.T.);
#8177=STYLED_ITEM('',(#43),#8178);
#8178=ADVANCED_FACE('',(#8184),#8179,.T.);
#8179=PLANE('',#8180);
#8180=AXIS2_PLACEMENT_3D('',#8181,#8182,#8183);
#8181=CARTESIAN_POINT('',(3.81,-1.08,0.715));
#8182=DIRECTION('',(-0.394,-0.919,0.0));
#8183=DIRECTION('',(0.,0.,1.));
#8184=FACE_OUTER_BOUND('',#8185,.T.);
#8185=EDGE_LOOP('',(#8186,#8196,#8206,#8216));
#8189=CARTESIAN_POINT('',(4.255,-1.27,0.0));
#8188=VERTEX_POINT('',#8189);
#8191=CARTESIAN_POINT('',(3.81,-1.08,0.715));
#8190=VERTEX_POINT('',#8191);
#8187=EDGE_CURVE('',#8188,#8190,#8192,.T.);
#8192=LINE('',#8189,#8194);
#8194=VECTOR('',#8195,0.863566208706517);
#8195=DIRECTION('',(-0.515,0.221,0.828));
#8186=ORIENTED_EDGE('',*,*,#8187,.F.);
#8197=EDGE_CURVE('',#7945,#8188,#8202,.T.);
#8202=LINE('',#7946,#8204);
#8204=VECTOR('',#8205,2.8617304716);
#8205=DIRECTION('',(0.0,0.0,-1.0));
#8196=ORIENTED_EDGE('',*,*,#8197,.F.);
#8206=ORIENTED_EDGE('',*,*,#7991,.T.);
#8217=EDGE_CURVE('',#8190,#7994,#8222,.T.);
#8222=LINE('',#8191,#8224);
#8224=VECTOR('',#8225,1.86012480654);
#8225=DIRECTION('',(0.0,0.0,1.0));
#8216=ORIENTED_EDGE('',*,*,#8217,.F.);
#8226=STYLED_ITEM('',(#43),#8227);
#8227=ADVANCED_FACE('',(#8233),#8228,.T.);
#8228=PLANE('',#8229);
#8229=AXIS2_PLACEMENT_3D('',#8230,#8231,#8232);
#8230=CARTESIAN_POINT('',(4.255,-1.27,0.0));
#8231=DIRECTION('',(0.0,-1.0,0.0));
#8232=DIRECTION('',(0.,0.,1.));
#8233=FACE_OUTER_BOUND('',#8234,.T.);
#8234=EDGE_LOOP('',(#8235,#8245,#8255,#8265));
#8238=CARTESIAN_POINT('',(5.905,-1.27,0.0));
#8237=VERTEX_POINT('',#8238);
#8236=EDGE_CURVE('',#8237,#8188,#8241,.T.);
#8241=LINE('',#8238,#8243);
#8243=VECTOR('',#8244,1.650873);
#8244=DIRECTION('',(-1.0,0.0,0.0));
#8235=ORIENTED_EDGE('',*,*,#8236,.F.);
#8246=EDGE_CURVE('',#7914,#8237,#8251,.T.);
#8251=LINE('',#7915,#8253);
#8253=VECTOR('',#8254,2.8617304716);
#8254=DIRECTION('',(0.0,0.0,-1.0));
#8245=ORIENTED_EDGE('',*,*,#8246,.F.);
#8255=ORIENTED_EDGE('',*,*,#7942,.T.);
#8265=ORIENTED_EDGE('',*,*,#8197,.T.);
#8275=STYLED_ITEM('',(#43),#8276);
#8276=ADVANCED_FACE('',(#8282),#8277,.T.);
#8277=PLANE('',#8278);
#8278=AXIS2_PLACEMENT_3D('',#8279,#8280,#8281);
#8279=CARTESIAN_POINT('',(5.905,-1.27,0.0));
#8280=DIRECTION('',(0.394,-0.919,0.0));
#8281=DIRECTION('',(0.,0.,1.));
#8282=FACE_OUTER_BOUND('',#8283,.T.);
#8283=EDGE_LOOP('',(#8284,#8294,#8304,#8314));
#8285=EDGE_CURVE('',#7602,#8237,#8290,.T.);
#8290=LINE('',#7603,#8292);
#8292=VECTOR('',#8293,0.863566208706517);
#8293=DIRECTION('',(-0.515,-0.221,-0.828));
#8284=ORIENTED_EDGE('',*,*,#8285,.F.);
#8294=ORIENTED_EDGE('',*,*,#7629,.T.);
#8304=ORIENTED_EDGE('',*,*,#7923,.T.);
#8314=ORIENTED_EDGE('',*,*,#8246,.T.);
#8324=STYLED_ITEM('',(#43),#8325);
#8325=ADVANCED_FACE('',(#8331),#8326,.T.);
#8326=PLANE('',#8327);
#8327=AXIS2_PLACEMENT_3D('',#8328,#8329,#8330);
#8328=CARTESIAN_POINT('',(5.905,-1.27,0.0));
#8329=DIRECTION('',(0.849,0.0,-0.528));
#8330=DIRECTION('',(0.,0.,1.));
#8331=FACE_OUTER_BOUND('',#8332,.T.);
#8332=EDGE_LOOP('',(#8333,#8343,#8353,#8363));
#8334=EDGE_CURVE('',#8041,#8237,#8339,.T.);
#8339=LINE('',#8042,#8341);
#8341=VECTOR('',#8342,2.54);
#8342=DIRECTION('',(0.0,-1.0,0.0));
#8333=ORIENTED_EDGE('',*,*,#8334,.F.);
#8343=ORIENTED_EDGE('',*,*,#8040,.T.);
#8353=ORIENTED_EDGE('',*,*,#7864,.T.);
#8363=ORIENTED_EDGE('',*,*,#8285,.T.);
#8373=STYLED_ITEM('',(#43),#8374);
#8374=ADVANCED_FACE('',(#8380),#8375,.T.);
#8375=PLANE('',#8376);
#8376=AXIS2_PLACEMENT_3D('',#8377,#8378,#8379);
#8377=CARTESIAN_POINT('',(4.255,1.27,0.0));
#8378=DIRECTION('',(0.0,0.0,-1.0));
#8379=DIRECTION('',(0.,1.,0.));
#8380=FACE_OUTER_BOUND('',#8381,.T.);
#8381=EDGE_LOOP('',(#8382,#8392,#8402,#8412));
#8382=ORIENTED_EDGE('',*,*,#8089,.T.);
#8392=ORIENTED_EDGE('',*,*,#8334,.T.);
#8402=ORIENTED_EDGE('',*,*,#8236,.T.);
#8413=EDGE_CURVE('',#8090,#8188,#8418,.T.);
#8418=LINE('',#8091,#8420);
#8420=VECTOR('',#8421,2.54);
#8421=DIRECTION('',(0.0,-1.0,0.0));
#8412=ORIENTED_EDGE('',*,*,#8413,.F.);
#8422=STYLED_ITEM('',(#43),#8423);
#8423=ADVANCED_FACE('',(#8429),#8424,.T.);
#8424=PLANE('',#8425);
#8425=AXIS2_PLACEMENT_3D('',#8426,#8427,#8428);
#8426=CARTESIAN_POINT('',(4.255,1.27,0.0));
#8427=DIRECTION('',(-0.849,0.0,-0.528));
#8428=DIRECTION('',(0.,0.,1.));
#8429=FACE_OUTER_BOUND('',#8430,.T.);
#8430=EDGE_LOOP('',(#8431,#8441,#8451,#8461));
#8431=ORIENTED_EDGE('',*,*,#8413,.T.);
#8441=ORIENTED_EDGE('',*,*,#8187,.T.);
#8452=EDGE_CURVE('',#8139,#8190,#8457,.T.);
#8457=LINE('',#8140,#8459);
#8459=VECTOR('',#8460,2.159127);
#8460=DIRECTION('',(0.0,-1.0,0.0));
#8451=ORIENTED_EDGE('',*,*,#8452,.F.);
#8461=ORIENTED_EDGE('',*,*,#8138,.T.);
#8471=STYLED_ITEM('',(#43),#8472);
#8472=ADVANCED_FACE('',(#8478),#8473,.T.);
#8473=PLANE('',#8474);
#8474=AXIS2_PLACEMENT_3D('',#8475,#8476,#8477);
#8475=CARTESIAN_POINT('',(3.81,-1.08,2.576));
#8476=DIRECTION('',(0.541,0.0,0.841));
#8477=DIRECTION('',(0.,0.,1.));
#8478=FACE_OUTER_BOUND('',#8479,.T.);
#8479=EDGE_LOOP('',(#8480,#8490,#8500,#8510));
#8480=ORIENTED_EDGE('',*,*,#8021,.T.);
#8493=CARTESIAN_POINT('',(3.365,1.27,2.862));
#8492=VERTEX_POINT('',#8493);
#8491=EDGE_CURVE('',#8492,#8012,#8496,.T.);
#8496=LINE('',#8493,#8498);
#8498=VECTOR('',#8499,0.561958876596268);
#8499=DIRECTION('',(0.791,-0.339,-0.509));
#8490=ORIENTED_EDGE('',*,*,#8491,.F.);
#8503=CARTESIAN_POINT('',(3.365,-1.27,2.862));
#8502=VERTEX_POINT('',#8503);
#8501=EDGE_CURVE('',#8502,#8492,#8506,.T.);
#8506=LINE('',#8503,#8508);
#8508=VECTOR('',#8509,2.54);
#8509=DIRECTION('',(0.0,1.0,0.0));
#8500=ORIENTED_EDGE('',*,*,#8501,.F.);
#8511=EDGE_CURVE('',#7994,#8502,#8516,.T.);
#8516=LINE('',#7995,#8518);
#8518=VECTOR('',#8519,0.561958876596268);
#8519=DIRECTION('',(-0.791,-0.339,0.509));
#8510=ORIENTED_EDGE('',*,*,#8511,.F.);
#8520=STYLED_ITEM('',(#43),#8521);
#8521=ADVANCED_FACE('',(#8527),#8522,.T.);
#8522=PLANE('',#8523);
#8523=AXIS2_PLACEMENT_3D('',#8524,#8525,#8526);
#8524=CARTESIAN_POINT('',(1.715,-1.27,2.862));
#8525=DIRECTION('',(0.0,0.0,1.0));
#8526=DIRECTION('',(0.,1.,0.));
#8527=FACE_OUTER_BOUND('',#8528,.T.);
#8528=EDGE_LOOP('',(#8529,#8539,#8549,#8559));
#8534=CARTESIAN_POINT('',(1.715,-1.27,2.862));
#8533=VERTEX_POINT('',#8534);
#8530=EDGE_CURVE('',#8502,#8533,#8535,.T.);
#8535=LINE('',#8503,#8537);
#8537=VECTOR('',#8538,1.650873);
#8538=DIRECTION('',(-1.0,0.0,0.0));
#8529=ORIENTED_EDGE('',*,*,#8530,.F.);
#8539=ORIENTED_EDGE('',*,*,#8501,.T.);
#8552=CARTESIAN_POINT('',(1.715,1.27,2.862));
#8551=VERTEX_POINT('',#8552);
#8550=EDGE_CURVE('',#8551,#8492,#8555,.T.);
#8555=LINE('',#8552,#8557);
#8557=VECTOR('',#8558,1.650873);
#8558=DIRECTION('',(1.0,0.0,0.0));
#8549=ORIENTED_EDGE('',*,*,#8550,.F.);
#8560=EDGE_CURVE('',#8533,#8551,#8565,.T.);
#8565=LINE('',#8534,#8567);
#8567=VECTOR('',#8568,2.54);
#8568=DIRECTION('',(0.0,1.0,0.0));
#8559=ORIENTED_EDGE('',*,*,#8560,.F.);
#8569=STYLED_ITEM('',(#43),#8570);
#8570=ADVANCED_FACE('',(#8576),#8571,.T.);
#8571=PLANE('',#8572);
#8572=AXIS2_PLACEMENT_3D('',#8573,#8574,#8575);
#8573=CARTESIAN_POINT('',(1.27,-1.08,2.576));
#8574=DIRECTION('',(-0.541,0.0,0.841));
#8575=DIRECTION('',(0.,0.,1.));
#8576=FACE_OUTER_BOUND('',#8577,.T.);
#8577=EDGE_LOOP('',(#8578,#8588,#8598,#8608));
#8583=CARTESIAN_POINT('',(1.27,-1.08,2.576));
#8582=VERTEX_POINT('',#8583);
#8579=EDGE_CURVE('',#8533,#8582,#8584,.T.);
#8584=LINE('',#8534,#8586);
#8586=VECTOR('',#8587,0.561958876596268);
#8587=DIRECTION('',(-0.791,0.339,-0.509));
#8578=ORIENTED_EDGE('',*,*,#8579,.F.);
#8588=ORIENTED_EDGE('',*,*,#8560,.T.);
#8601=CARTESIAN_POINT('',(1.27,1.08,2.576));
#8600=VERTEX_POINT('',#8601);
#8599=EDGE_CURVE('',#8600,#8551,#8604,.T.);
#8604=LINE('',#8601,#8606);
#8606=VECTOR('',#8607,0.561958876596268);
#8607=DIRECTION('',(0.791,0.339,0.509));
#8598=ORIENTED_EDGE('',*,*,#8599,.F.);
#8609=EDGE_CURVE('',#8582,#8600,#8614,.T.);
#8614=LINE('',#8583,#8616);
#8616=VECTOR('',#8617,2.159127);
#8617=DIRECTION('',(0.0,1.0,0.0));
#8608=ORIENTED_EDGE('',*,*,#8609,.F.);
#8618=STYLED_ITEM('',(#43),#8619);
#8619=ADVANCED_FACE('',(#8625),#8620,.T.);
#8620=PLANE('',#8621);
#8621=AXIS2_PLACEMENT_3D('',#8622,#8623,#8624);
#8622=CARTESIAN_POINT('',(3.81,1.08,0.715));
#8623=DIRECTION('',(0.394,0.919,0.0));
#8624=DIRECTION('',(0.,0.,1.));
#8625=FACE_OUTER_BOUND('',#8626,.T.);
#8626=EDGE_LOOP('',(#8627,#8637,#8647,#8657));
#8630=CARTESIAN_POINT('',(3.365,1.27,0.0));
#8629=VERTEX_POINT('',#8630);
#8628=EDGE_CURVE('',#8629,#8139,#8633,.T.);
#8633=LINE('',#8630,#8635);
#8635=VECTOR('',#8636,0.863566208706517);
#8636=DIRECTION('',(0.515,-0.221,0.828));
#8627=ORIENTED_EDGE('',*,*,#8628,.F.);
#8638=EDGE_CURVE('',#8492,#8629,#8643,.T.);
#8643=LINE('',#8493,#8645);
#8645=VECTOR('',#8646,2.8617304716);
#8646=DIRECTION('',(0.0,0.0,-1.0));
#8637=ORIENTED_EDGE('',*,*,#8638,.F.);
#8647=ORIENTED_EDGE('',*,*,#8491,.T.);
#8657=ORIENTED_EDGE('',*,*,#8148,.T.);
#8667=STYLED_ITEM('',(#43),#8668);
#8668=ADVANCED_FACE('',(#8674),#8669,.T.);
#8669=PLANE('',#8670);
#8670=AXIS2_PLACEMENT_3D('',#8671,#8672,#8673);
#8671=CARTESIAN_POINT('',(3.365,1.27,0.0));
#8672=DIRECTION('',(0.0,1.0,0.0));
#8673=DIRECTION('',(0.,0.,1.));
#8674=FACE_OUTER_BOUND('',#8675,.T.);
#8675=EDGE_LOOP('',(#8676,#8686,#8696,#8706));
#8679=CARTESIAN_POINT('',(1.715,1.27,0.0));
#8678=VERTEX_POINT('',#8679);
#8677=EDGE_CURVE('',#8678,#8629,#8682,.T.);
#8682=LINE('',#8679,#8684);
#8684=VECTOR('',#8685,1.650873);
#8685=DIRECTION('',(1.0,0.0,0.0));
#8676=ORIENTED_EDGE('',*,*,#8677,.F.);
#8687=EDGE_CURVE('',#8551,#8678,#8692,.T.);
#8692=LINE('',#8552,#8694);
#8694=VECTOR('',#8695,2.8617304716);
#8695=DIRECTION('',(0.0,0.0,-1.0));
#8686=ORIENTED_EDGE('',*,*,#8687,.F.);
#8696=ORIENTED_EDGE('',*,*,#8550,.T.);
#8706=ORIENTED_EDGE('',*,*,#8638,.T.);
#8716=STYLED_ITEM('',(#43),#8717);
#8717=ADVANCED_FACE('',(#8723),#8718,.T.);
#8718=PLANE('',#8719);
#8719=AXIS2_PLACEMENT_3D('',#8720,#8721,#8722);
#8720=CARTESIAN_POINT('',(1.715,1.27,0.0));
#8721=DIRECTION('',(-0.394,0.919,0.0));
#8722=DIRECTION('',(0.,0.,1.));
#8723=FACE_OUTER_BOUND('',#8724,.T.);
#8724=EDGE_LOOP('',(#8725,#8735,#8745,#8755));
#8728=CARTESIAN_POINT('',(1.27,1.08,0.715));
#8727=VERTEX_POINT('',#8728);
#8726=EDGE_CURVE('',#8727,#8678,#8731,.T.);
#8731=LINE('',#8728,#8733);
#8733=VECTOR('',#8734,0.863566208706517);
#8734=DIRECTION('',(0.515,0.221,-0.828));
#8725=ORIENTED_EDGE('',*,*,#8726,.F.);
#8736=EDGE_CURVE('',#8600,#8727,#8741,.T.);
#8741=LINE('',#8601,#8743);
#8743=VECTOR('',#8744,1.86012480654);
#8744=DIRECTION('',(0.0,0.0,-1.0));
#8735=ORIENTED_EDGE('',*,*,#8736,.F.);
#8745=ORIENTED_EDGE('',*,*,#8599,.T.);
#8755=ORIENTED_EDGE('',*,*,#8687,.T.);
#8765=STYLED_ITEM('',(#43),#8766);
#8766=ADVANCED_FACE('',(#8772),#8767,.T.);
#8767=PLANE('',#8768);
#8768=AXIS2_PLACEMENT_3D('',#8769,#8770,#8771);
#8769=CARTESIAN_POINT('',(1.27,-1.08,0.715));
#8770=DIRECTION('',(-0.394,-0.919,0.0));
#8771=DIRECTION('',(0.,0.,1.));
#8772=FACE_OUTER_BOUND('',#8773,.T.);
#8773=EDGE_LOOP('',(#8774,#8784,#8794,#8804));
#8777=CARTESIAN_POINT('',(1.715,-1.27,0.0));
#8776=VERTEX_POINT('',#8777);
#8779=CARTESIAN_POINT('',(1.27,-1.08,0.715));
#8778=VERTEX_POINT('',#8779);
#8775=EDGE_CURVE('',#8776,#8778,#8780,.T.);
#8780=LINE('',#8777,#8782);
#8782=VECTOR('',#8783,0.863566208706517);
#8783=DIRECTION('',(-0.515,0.221,0.828));
#8774=ORIENTED_EDGE('',*,*,#8775,.F.);
#8785=EDGE_CURVE('',#8533,#8776,#8790,.T.);
#8790=LINE('',#8534,#8792);
#8792=VECTOR('',#8793,2.8617304716);
#8793=DIRECTION('',(0.0,0.0,-1.0));
#8784=ORIENTED_EDGE('',*,*,#8785,.F.);
#8794=ORIENTED_EDGE('',*,*,#8579,.T.);
#8805=EDGE_CURVE('',#8778,#8582,#8810,.T.);
#8810=LINE('',#8779,#8812);
#8812=VECTOR('',#8813,1.86012480654);
#8813=DIRECTION('',(0.0,0.0,1.0));
#8804=ORIENTED_EDGE('',*,*,#8805,.F.);
#8814=STYLED_ITEM('',(#43),#8815);
#8815=ADVANCED_FACE('',(#8821),#8816,.T.);
#8816=PLANE('',#8817);
#8817=AXIS2_PLACEMENT_3D('',#8818,#8819,#8820);
#8818=CARTESIAN_POINT('',(1.715,-1.27,0.0));
#8819=DIRECTION('',(0.0,-1.0,0.0));
#8820=DIRECTION('',(0.,0.,1.));
#8821=FACE_OUTER_BOUND('',#8822,.T.);
#8822=EDGE_LOOP('',(#8823,#8833,#8843,#8853));
#8826=CARTESIAN_POINT('',(3.365,-1.27,0.0));
#8825=VERTEX_POINT('',#8826);
#8824=EDGE_CURVE('',#8825,#8776,#8829,.T.);
#8829=LINE('',#8826,#8831);
#8831=VECTOR('',#8832,1.650873);
#8832=DIRECTION('',(-1.0,0.0,0.0));
#8823=ORIENTED_EDGE('',*,*,#8824,.F.);
#8834=EDGE_CURVE('',#8502,#8825,#8839,.T.);
#8839=LINE('',#8503,#8841);
#8841=VECTOR('',#8842,2.8617304716);
#8842=DIRECTION('',(0.0,0.0,-1.0));
#8833=ORIENTED_EDGE('',*,*,#8834,.F.);
#8843=ORIENTED_EDGE('',*,*,#8530,.T.);
#8853=ORIENTED_EDGE('',*,*,#8785,.T.);
#8863=STYLED_ITEM('',(#43),#8864);
#8864=ADVANCED_FACE('',(#8870),#8865,.T.);
#8865=PLANE('',#8866);
#8866=AXIS2_PLACEMENT_3D('',#8867,#8868,#8869);
#8867=CARTESIAN_POINT('',(3.365,-1.27,0.0));
#8868=DIRECTION('',(0.394,-0.919,0.0));
#8869=DIRECTION('',(0.,0.,1.));
#8870=FACE_OUTER_BOUND('',#8871,.T.);
#8871=EDGE_LOOP('',(#8872,#8882,#8892,#8902));
#8873=EDGE_CURVE('',#8190,#8825,#8878,.T.);
#8878=LINE('',#8191,#8880);
#8880=VECTOR('',#8881,0.863566208706517);
#8881=DIRECTION('',(-0.515,-0.221,-0.828));
#8872=ORIENTED_EDGE('',*,*,#8873,.F.);
#8882=ORIENTED_EDGE('',*,*,#8217,.T.);
#8892=ORIENTED_EDGE('',*,*,#8511,.T.);
#8902=ORIENTED_EDGE('',*,*,#8834,.T.);
#8912=STYLED_ITEM('',(#43),#8913);
#8913=ADVANCED_FACE('',(#8919),#8914,.T.);
#8914=PLANE('',#8915);
#8915=AXIS2_PLACEMENT_3D('',#8916,#8917,#8918);
#8916=CARTESIAN_POINT('',(3.365,-1.27,0.0));
#8917=DIRECTION('',(0.849,0.0,-0.528));
#8918=DIRECTION('',(0.,0.,1.));
#8919=FACE_OUTER_BOUND('',#8920,.T.);
#8920=EDGE_LOOP('',(#8921,#8931,#8941,#8951));
#8922=EDGE_CURVE('',#8629,#8825,#8927,.T.);
#8927=LINE('',#8630,#8929);
#8929=VECTOR('',#8930,2.54);
#8930=DIRECTION('',(0.0,-1.0,0.0));
#8921=ORIENTED_EDGE('',*,*,#8922,.F.);
#8931=ORIENTED_EDGE('',*,*,#8628,.T.);
#8941=ORIENTED_EDGE('',*,*,#8452,.T.);
#8951=ORIENTED_EDGE('',*,*,#8873,.T.);
#8961=STYLED_ITEM('',(#43),#8962);
#8962=ADVANCED_FACE('',(#8968),#8963,.T.);
#8963=PLANE('',#8964);
#8964=AXIS2_PLACEMENT_3D('',#8965,#8966,#8967);
#8965=CARTESIAN_POINT('',(1.715,1.27,0.0));
#8966=DIRECTION('',(0.0,0.0,-1.0));
#8967=DIRECTION('',(0.,1.,0.));
#8968=FACE_OUTER_BOUND('',#8969,.T.);
#8969=EDGE_LOOP('',(#8970,#8980,#8990,#9000));
#8970=ORIENTED_EDGE('',*,*,#8677,.T.);
#8980=ORIENTED_EDGE('',*,*,#8922,.T.);
#8990=ORIENTED_EDGE('',*,*,#8824,.T.);
#9001=EDGE_CURVE('',#8678,#8776,#9006,.T.);
#9006=LINE('',#8679,#9008);
#9008=VECTOR('',#9009,2.54);
#9009=DIRECTION('',(0.0,-1.0,0.0));
#9000=ORIENTED_EDGE('',*,*,#9001,.F.);
#9010=STYLED_ITEM('',(#43),#9011);
#9011=ADVANCED_FACE('',(#9017),#9012,.T.);
#9012=PLANE('',#9013);
#9013=AXIS2_PLACEMENT_3D('',#9014,#9015,#9016);
#9014=CARTESIAN_POINT('',(1.715,1.27,0.0));
#9015=DIRECTION('',(-0.849,0.0,-0.528));
#9016=DIRECTION('',(0.,0.,1.));
#9017=FACE_OUTER_BOUND('',#9018,.T.);
#9018=EDGE_LOOP('',(#9019,#9029,#9039,#9049));
#9019=ORIENTED_EDGE('',*,*,#9001,.T.);
#9029=ORIENTED_EDGE('',*,*,#8775,.T.);
#9040=EDGE_CURVE('',#8727,#8778,#9045,.T.);
#9045=LINE('',#8728,#9047);
#9047=VECTOR('',#9048,2.159127);
#9048=DIRECTION('',(0.0,-1.0,0.0));
#9039=ORIENTED_EDGE('',*,*,#9040,.F.);
#9049=ORIENTED_EDGE('',*,*,#8726,.T.);
#9059=STYLED_ITEM('',(#43),#9060);
#9060=ADVANCED_FACE('',(#9066),#9061,.T.);
#9061=PLANE('',#9062);
#9062=AXIS2_PLACEMENT_3D('',#9063,#9064,#9065);
#9063=CARTESIAN_POINT('',(1.27,-1.08,2.576));
#9064=DIRECTION('',(0.541,0.0,0.841));
#9065=DIRECTION('',(0.,0.,1.));
#9066=FACE_OUTER_BOUND('',#9067,.T.);
#9067=EDGE_LOOP('',(#9068,#9078,#9088,#9098));
#9068=ORIENTED_EDGE('',*,*,#8609,.T.);
#9081=CARTESIAN_POINT('',(0.825,1.27,2.862));
#9080=VERTEX_POINT('',#9081);
#9079=EDGE_CURVE('',#9080,#8600,#9084,.T.);
#9084=LINE('',#9081,#9086);
#9086=VECTOR('',#9087,0.561958876596268);
#9087=DIRECTION('',(0.791,-0.339,-0.509));
#9078=ORIENTED_EDGE('',*,*,#9079,.F.);
#9091=CARTESIAN_POINT('',(0.825,-1.27,2.862));
#9090=VERTEX_POINT('',#9091);
#9089=EDGE_CURVE('',#9090,#9080,#9094,.T.);
#9094=LINE('',#9091,#9096);
#9096=VECTOR('',#9097,2.54);
#9097=DIRECTION('',(0.0,1.0,0.0));
#9088=ORIENTED_EDGE('',*,*,#9089,.F.);
#9099=EDGE_CURVE('',#8582,#9090,#9104,.T.);
#9104=LINE('',#8583,#9106);
#9106=VECTOR('',#9107,0.561958876596268);
#9107=DIRECTION('',(-0.791,-0.339,0.509));
#9098=ORIENTED_EDGE('',*,*,#9099,.F.);
#9108=STYLED_ITEM('',(#43),#9109);
#9109=ADVANCED_FACE('',(#9115),#9110,.T.);
#9110=PLANE('',#9111);
#9111=AXIS2_PLACEMENT_3D('',#9112,#9113,#9114);
#9112=CARTESIAN_POINT('',(-0.825,-1.27,2.862));
#9113=DIRECTION('',(0.0,0.0,1.0));
#9114=DIRECTION('',(0.,1.,0.));
#9115=FACE_OUTER_BOUND('',#9116,.T.);
#9116=EDGE_LOOP('',(#9117,#9127,#9137,#9147));
#9122=CARTESIAN_POINT('',(-0.825,-1.27,2.862));
#9121=VERTEX_POINT('',#9122);
#9118=EDGE_CURVE('',#9090,#9121,#9123,.T.);
#9123=LINE('',#9091,#9125);
#9125=VECTOR('',#9126,1.650873);
#9126=DIRECTION('',(-1.0,0.0,0.0));
#9117=ORIENTED_EDGE('',*,*,#9118,.F.);
#9127=ORIENTED_EDGE('',*,*,#9089,.T.);
#9140=CARTESIAN_POINT('',(-0.825,1.27,2.862));
#9139=VERTEX_POINT('',#9140);
#9138=EDGE_CURVE('',#9139,#9080,#9143,.T.);
#9143=LINE('',#9140,#9145);
#9145=VECTOR('',#9146,1.650873);
#9146=DIRECTION('',(1.0,0.0,0.0));
#9137=ORIENTED_EDGE('',*,*,#9138,.F.);
#9148=EDGE_CURVE('',#9121,#9139,#9153,.T.);
#9153=LINE('',#9122,#9155);
#9155=VECTOR('',#9156,2.54);
#9156=DIRECTION('',(0.0,1.0,0.0));
#9147=ORIENTED_EDGE('',*,*,#9148,.F.);
#9157=STYLED_ITEM('',(#43),#9158);
#9158=ADVANCED_FACE('',(#9164),#9159,.T.);
#9159=PLANE('',#9160);
#9160=AXIS2_PLACEMENT_3D('',#9161,#9162,#9163);
#9161=CARTESIAN_POINT('',(-1.27,-1.08,2.576));
#9162=DIRECTION('',(-0.541,0.0,0.841));
#9163=DIRECTION('',(0.,0.,1.));
#9164=FACE_OUTER_BOUND('',#9165,.T.);
#9165=EDGE_LOOP('',(#9166,#9176,#9186,#9196));
#9171=CARTESIAN_POINT('',(-1.27,-1.08,2.576));
#9170=VERTEX_POINT('',#9171);
#9167=EDGE_CURVE('',#9121,#9170,#9172,.T.);
#9172=LINE('',#9122,#9174);
#9174=VECTOR('',#9175,0.561958876596268);
#9175=DIRECTION('',(-0.791,0.339,-0.509));
#9166=ORIENTED_EDGE('',*,*,#9167,.F.);
#9176=ORIENTED_EDGE('',*,*,#9148,.T.);
#9189=CARTESIAN_POINT('',(-1.27,1.08,2.576));
#9188=VERTEX_POINT('',#9189);
#9187=EDGE_CURVE('',#9188,#9139,#9192,.T.);
#9192=LINE('',#9189,#9194);
#9194=VECTOR('',#9195,0.561958876596268);
#9195=DIRECTION('',(0.791,0.339,0.509));
#9186=ORIENTED_EDGE('',*,*,#9187,.F.);
#9197=EDGE_CURVE('',#9170,#9188,#9202,.T.);
#9202=LINE('',#9171,#9204);
#9204=VECTOR('',#9205,2.159127);
#9205=DIRECTION('',(0.0,1.0,0.0));
#9196=ORIENTED_EDGE('',*,*,#9197,.F.);
#9206=STYLED_ITEM('',(#43),#9207);
#9207=ADVANCED_FACE('',(#9213),#9208,.T.);
#9208=PLANE('',#9209);
#9209=AXIS2_PLACEMENT_3D('',#9210,#9211,#9212);
#9210=CARTESIAN_POINT('',(1.27,1.08,0.715));
#9211=DIRECTION('',(0.394,0.919,0.0));
#9212=DIRECTION('',(0.,0.,1.));
#9213=FACE_OUTER_BOUND('',#9214,.T.);
#9214=EDGE_LOOP('',(#9215,#9225,#9235,#9245));
#9218=CARTESIAN_POINT('',(0.825,1.27,0.0));
#9217=VERTEX_POINT('',#9218);
#9216=EDGE_CURVE('',#9217,#8727,#9221,.T.);
#9221=LINE('',#9218,#9223);
#9223=VECTOR('',#9224,0.863566208706517);
#9224=DIRECTION('',(0.515,-0.221,0.828));
#9215=ORIENTED_EDGE('',*,*,#9216,.F.);
#9226=EDGE_CURVE('',#9080,#9217,#9231,.T.);
#9231=LINE('',#9081,#9233);
#9233=VECTOR('',#9234,2.8617304716);
#9234=DIRECTION('',(0.0,0.0,-1.0));
#9225=ORIENTED_EDGE('',*,*,#9226,.F.);
#9235=ORIENTED_EDGE('',*,*,#9079,.T.);
#9245=ORIENTED_EDGE('',*,*,#8736,.T.);
#9255=STYLED_ITEM('',(#43),#9256);
#9256=ADVANCED_FACE('',(#9262),#9257,.T.);
#9257=PLANE('',#9258);
#9258=AXIS2_PLACEMENT_3D('',#9259,#9260,#9261);
#9259=CARTESIAN_POINT('',(0.825,1.27,0.0));
#9260=DIRECTION('',(0.0,1.0,0.0));
#9261=DIRECTION('',(0.,0.,1.));
#9262=FACE_OUTER_BOUND('',#9263,.T.);
#9263=EDGE_LOOP('',(#9264,#9274,#9284,#9294));
#9267=CARTESIAN_POINT('',(-0.825,1.27,0.0));
#9266=VERTEX_POINT('',#9267);
#9265=EDGE_CURVE('',#9266,#9217,#9270,.T.);
#9270=LINE('',#9267,#9272);
#9272=VECTOR('',#9273,1.650873);
#9273=DIRECTION('',(1.0,0.0,0.0));
#9264=ORIENTED_EDGE('',*,*,#9265,.F.);
#9275=EDGE_CURVE('',#9139,#9266,#9280,.T.);
#9280=LINE('',#9140,#9282);
#9282=VECTOR('',#9283,2.8617304716);
#9283=DIRECTION('',(0.0,0.0,-1.0));
#9274=ORIENTED_EDGE('',*,*,#9275,.F.);
#9284=ORIENTED_EDGE('',*,*,#9138,.T.);
#9294=ORIENTED_EDGE('',*,*,#9226,.T.);
#9304=STYLED_ITEM('',(#43),#9305);
#9305=ADVANCED_FACE('',(#9311),#9306,.T.);
#9306=PLANE('',#9307);
#9307=AXIS2_PLACEMENT_3D('',#9308,#9309,#9310);
#9308=CARTESIAN_POINT('',(-0.825,1.27,0.0));
#9309=DIRECTION('',(-0.394,0.919,0.0));
#9310=DIRECTION('',(0.,0.,1.));
#9311=FACE_OUTER_BOUND('',#9312,.T.);
#9312=EDGE_LOOP('',(#9313,#9323,#9333,#9343));
#9316=CARTESIAN_POINT('',(-1.27,1.08,0.715));
#9315=VERTEX_POINT('',#9316);
#9314=EDGE_CURVE('',#9315,#9266,#9319,.T.);
#9319=LINE('',#9316,#9321);
#9321=VECTOR('',#9322,0.863566208706517);
#9322=DIRECTION('',(0.515,0.221,-0.828));
#9313=ORIENTED_EDGE('',*,*,#9314,.F.);
#9324=EDGE_CURVE('',#9188,#9315,#9329,.T.);
#9329=LINE('',#9189,#9331);
#9331=VECTOR('',#9332,1.86012480654);
#9332=DIRECTION('',(0.0,0.0,-1.0));
#9323=ORIENTED_EDGE('',*,*,#9324,.F.);
#9333=ORIENTED_EDGE('',*,*,#9187,.T.);
#9343=ORIENTED_EDGE('',*,*,#9275,.T.);
#9353=STYLED_ITEM('',(#43),#9354);
#9354=ADVANCED_FACE('',(#9360),#9355,.T.);
#9355=PLANE('',#9356);
#9356=AXIS2_PLACEMENT_3D('',#9357,#9358,#9359);
#9357=CARTESIAN_POINT('',(-1.27,-1.08,0.715));
#9358=DIRECTION('',(-0.394,-0.919,0.0));
#9359=DIRECTION('',(0.,0.,1.));
#9360=FACE_OUTER_BOUND('',#9361,.T.);
#9361=EDGE_LOOP('',(#9362,#9372,#9382,#9392));
#9365=CARTESIAN_POINT('',(-0.825,-1.27,0.0));
#9364=VERTEX_POINT('',#9365);
#9367=CARTESIAN_POINT('',(-1.27,-1.08,0.715));
#9366=VERTEX_POINT('',#9367);
#9363=EDGE_CURVE('',#9364,#9366,#9368,.T.);
#9368=LINE('',#9365,#9370);
#9370=VECTOR('',#9371,0.863566208706517);
#9371=DIRECTION('',(-0.515,0.221,0.828));
#9362=ORIENTED_EDGE('',*,*,#9363,.F.);
#9373=EDGE_CURVE('',#9121,#9364,#9378,.T.);
#9378=LINE('',#9122,#9380);
#9380=VECTOR('',#9381,2.8617304716);
#9381=DIRECTION('',(0.0,0.0,-1.0));
#9372=ORIENTED_EDGE('',*,*,#9373,.F.);
#9382=ORIENTED_EDGE('',*,*,#9167,.T.);
#9393=EDGE_CURVE('',#9366,#9170,#9398,.T.);
#9398=LINE('',#9367,#9400);
#9400=VECTOR('',#9401,1.86012480654);
#9401=DIRECTION('',(0.0,0.0,1.0));
#9392=ORIENTED_EDGE('',*,*,#9393,.F.);
#9402=STYLED_ITEM('',(#43),#9403);
#9403=ADVANCED_FACE('',(#9409),#9404,.T.);
#9404=PLANE('',#9405);
#9405=AXIS2_PLACEMENT_3D('',#9406,#9407,#9408);
#9406=CARTESIAN_POINT('',(-0.825,-1.27,0.0));
#9407=DIRECTION('',(0.0,-1.0,0.0));
#9408=DIRECTION('',(0.,0.,1.));
#9409=FACE_OUTER_BOUND('',#9410,.T.);
#9410=EDGE_LOOP('',(#9411,#9421,#9431,#9441));
#9414=CARTESIAN_POINT('',(0.825,-1.27,0.0));
#9413=VERTEX_POINT('',#9414);
#9412=EDGE_CURVE('',#9413,#9364,#9417,.T.);
#9417=LINE('',#9414,#9419);
#9419=VECTOR('',#9420,1.650873);
#9420=DIRECTION('',(-1.0,0.0,0.0));
#9411=ORIENTED_EDGE('',*,*,#9412,.F.);
#9422=EDGE_CURVE('',#9090,#9413,#9427,.T.);
#9427=LINE('',#9091,#9429);
#9429=VECTOR('',#9430,2.8617304716);
#9430=DIRECTION('',(0.0,0.0,-1.0));
#9421=ORIENTED_EDGE('',*,*,#9422,.F.);
#9431=ORIENTED_EDGE('',*,*,#9118,.T.);
#9441=ORIENTED_EDGE('',*,*,#9373,.T.);
#9451=STYLED_ITEM('',(#43),#9452);
#9452=ADVANCED_FACE('',(#9458),#9453,.T.);
#9453=PLANE('',#9454);
#9454=AXIS2_PLACEMENT_3D('',#9455,#9456,#9457);
#9455=CARTESIAN_POINT('',(0.825,-1.27,0.0));
#9456=DIRECTION('',(0.394,-0.919,0.0));
#9457=DIRECTION('',(0.,0.,1.));
#9458=FACE_OUTER_BOUND('',#9459,.T.);
#9459=EDGE_LOOP('',(#9460,#9470,#9480,#9490));
#9461=EDGE_CURVE('',#8778,#9413,#9466,.T.);
#9466=LINE('',#8779,#9468);
#9468=VECTOR('',#9469,0.863566208706517);
#9469=DIRECTION('',(-0.515,-0.221,-0.828));
#9460=ORIENTED_EDGE('',*,*,#9461,.F.);
#9470=ORIENTED_EDGE('',*,*,#8805,.T.);
#9480=ORIENTED_EDGE('',*,*,#9099,.T.);
#9490=ORIENTED_EDGE('',*,*,#9422,.T.);
#9500=STYLED_ITEM('',(#43),#9501);
#9501=ADVANCED_FACE('',(#9507),#9502,.T.);
#9502=PLANE('',#9503);
#9503=AXIS2_PLACEMENT_3D('',#9504,#9505,#9506);
#9504=CARTESIAN_POINT('',(0.825,-1.27,0.0));
#9505=DIRECTION('',(0.849,0.0,-0.528));
#9506=DIRECTION('',(0.,0.,1.));
#9507=FACE_OUTER_BOUND('',#9508,.T.);
#9508=EDGE_LOOP('',(#9509,#9519,#9529,#9539));
#9510=EDGE_CURVE('',#9217,#9413,#9515,.T.);
#9515=LINE('',#9218,#9517);
#9517=VECTOR('',#9518,2.54);
#9518=DIRECTION('',(0.0,-1.0,0.0));
#9509=ORIENTED_EDGE('',*,*,#9510,.F.);
#9519=ORIENTED_EDGE('',*,*,#9216,.T.);
#9529=ORIENTED_EDGE('',*,*,#9040,.T.);
#9539=ORIENTED_EDGE('',*,*,#9461,.T.);
#9549=STYLED_ITEM('',(#43),#9550);
#9550=ADVANCED_FACE('',(#9556),#9551,.T.);
#9551=PLANE('',#9552);
#9552=AXIS2_PLACEMENT_3D('',#9553,#9554,#9555);
#9553=CARTESIAN_POINT('',(-0.825,1.27,0.0));
#9554=DIRECTION('',(0.0,0.0,-1.0));
#9555=DIRECTION('',(0.,1.,0.));
#9556=FACE_OUTER_BOUND('',#9557,.T.);
#9557=EDGE_LOOP('',(#9558,#9568,#9578,#9588));
#9558=ORIENTED_EDGE('',*,*,#9265,.T.);
#9568=ORIENTED_EDGE('',*,*,#9510,.T.);
#9578=ORIENTED_EDGE('',*,*,#9412,.T.);
#9589=EDGE_CURVE('',#9266,#9364,#9594,.T.);
#9594=LINE('',#9267,#9596);
#9596=VECTOR('',#9597,2.54);
#9597=DIRECTION('',(0.0,-1.0,0.0));
#9588=ORIENTED_EDGE('',*,*,#9589,.F.);
#9598=STYLED_ITEM('',(#43),#9599);
#9599=ADVANCED_FACE('',(#9605),#9600,.T.);
#9600=PLANE('',#9601);
#9601=AXIS2_PLACEMENT_3D('',#9602,#9603,#9604);
#9602=CARTESIAN_POINT('',(-0.825,1.27,0.0));
#9603=DIRECTION('',(-0.849,0.0,-0.528));
#9604=DIRECTION('',(0.,0.,1.));
#9605=FACE_OUTER_BOUND('',#9606,.T.);
#9606=EDGE_LOOP('',(#9607,#9617,#9627,#9637));
#9607=ORIENTED_EDGE('',*,*,#9589,.T.);
#9617=ORIENTED_EDGE('',*,*,#9363,.T.);
#9628=EDGE_CURVE('',#9315,#9366,#9633,.T.);
#9633=LINE('',#9316,#9635);
#9635=VECTOR('',#9636,2.159127);
#9636=DIRECTION('',(0.0,-1.0,0.0));
#9627=ORIENTED_EDGE('',*,*,#9628,.F.);
#9637=ORIENTED_EDGE('',*,*,#9314,.T.);
#9647=STYLED_ITEM('',(#43),#9648);
#9648=ADVANCED_FACE('',(#9654),#9649,.T.);
#9649=PLANE('',#9650);
#9650=AXIS2_PLACEMENT_3D('',#9651,#9652,#9653);
#9651=CARTESIAN_POINT('',(-1.27,1.08,0.715));
#9652=DIRECTION('',(-1.0,0.0,0.0));
#9653=DIRECTION('',(0.,0.,1.));
#9654=FACE_OUTER_BOUND('',#9655,.T.);
#9655=EDGE_LOOP('',(#9656,#9666,#9676,#9686));
#9656=ORIENTED_EDGE('',*,*,#9628,.T.);
#9666=ORIENTED_EDGE('',*,*,#9393,.T.);
#9676=ORIENTED_EDGE('',*,*,#9197,.T.);
#9686=ORIENTED_EDGE('',*,*,#9324,.T.);
#9697=MANIFOLD_SOLID_BREP($,#9698);
#9698=CLOSED_SHELL('',(#9702,#9751,#9800,#9849,#9898,#9947,#9996,#10045,#10094,#10143));
#9699=MANIFOLD_SOLID_BREP($,#9700);
#9700=CLOSED_SHELL('',(#10192,#10241,#10290,#10339,#10388,#10437,#10486,#10535,#10584,#10633));
#9701=STYLED_ITEM('',(#34),#9702);
#9702=ADVANCED_FACE('',(#9708),#9703,.T.);
#9703=PLANE('',#9704);
#9704=AXIS2_PLACEMENT_3D('',#9705,#9706,#9707);
#9705=CARTESIAN_POINT('',(37.91,-0.19,9.5));
#9706=DIRECTION('',(0.0,0.0,1.0));
#9707=DIRECTION('',(0.,1.,0.));
#9708=FACE_OUTER_BOUND('',#9709,.T.);
#9709=EDGE_LOOP('',(#9710,#9720,#9730,#9740));
#9713=CARTESIAN_POINT('',(38.29,-0.19,9.5));
#9712=VERTEX_POINT('',#9713);
#9715=CARTESIAN_POINT('',(37.91,-0.19,9.5));
#9714=VERTEX_POINT('',#9715);
#9711=EDGE_CURVE('',#9712,#9714,#9716,.T.);
#9716=LINE('',#9713,#9718);
#9718=VECTOR('',#9719,0.381);
#9719=DIRECTION('',(-1.0,0.0,0.0));
#9710=ORIENTED_EDGE('',*,*,#9711,.F.);
#9723=CARTESIAN_POINT('',(38.29,0.19,9.5));
#9722=VERTEX_POINT('',#9723);
#9721=EDGE_CURVE('',#9722,#9712,#9726,.T.);
#9726=LINE('',#9723,#9728);
#9728=VECTOR('',#9729,0.381);
#9729=DIRECTION('',(0.0,-1.0,0.0));
#9720=ORIENTED_EDGE('',*,*,#9721,.F.);
#9733=CARTESIAN_POINT('',(37.91,0.19,9.5));
#9732=VERTEX_POINT('',#9733);
#9731=EDGE_CURVE('',#9732,#9722,#9736,.T.);
#9736=LINE('',#9733,#9738);
#9738=VECTOR('',#9739,0.381);
#9739=DIRECTION('',(1.0,0.0,0.0));
#9730=ORIENTED_EDGE('',*,*,#9731,.F.);
#9741=EDGE_CURVE('',#9714,#9732,#9746,.T.);
#9746=LINE('',#9715,#9748);
#9748=VECTOR('',#9749,0.381);
#9749=DIRECTION('',(0.0,1.0,0.0));
#9740=ORIENTED_EDGE('',*,*,#9741,.F.);
#9750=STYLED_ITEM('',(#34),#9751);
#9751=ADVANCED_FACE('',(#9757),#9752,.T.);
#9752=PLANE('',#9753);
#9753=AXIS2_PLACEMENT_3D('',#9754,#9755,#9756);
#9754=CARTESIAN_POINT('',(38.481,-0.381,9.309));
#9755=DIRECTION('',(0.707,0.0,0.707));
#9756=DIRECTION('',(0.,0.,1.));
#9757=FACE_OUTER_BOUND('',#9758,.T.);
#9758=EDGE_LOOP('',(#9759,#9769,#9779,#9789));
#9762=CARTESIAN_POINT('',(38.481,0.381,9.309));
#9761=VERTEX_POINT('',#9762);
#9764=CARTESIAN_POINT('',(38.481,-0.381,9.309));
#9763=VERTEX_POINT('',#9764);
#9760=EDGE_CURVE('',#9761,#9763,#9765,.T.);
#9765=LINE('',#9762,#9767);
#9767=VECTOR('',#9768,0.762);
#9768=DIRECTION('',(0.0,-1.0,0.0));
#9759=ORIENTED_EDGE('',*,*,#9760,.F.);
#9770=EDGE_CURVE('',#9722,#9761,#9775,.T.);
#9775=LINE('',#9723,#9777);
#9777=VECTOR('',#9778,0.329955678841871);
#9778=DIRECTION('',(0.577,0.577,-0.577));
#9769=ORIENTED_EDGE('',*,*,#9770,.F.);
#9779=ORIENTED_EDGE('',*,*,#9721,.T.);
#9790=EDGE_CURVE('',#9763,#9712,#9795,.T.);
#9795=LINE('',#9764,#9797);
#9797=VECTOR('',#9798,0.329955678841871);
#9798=DIRECTION('',(-0.577,0.577,0.577));
#9789=ORIENTED_EDGE('',*,*,#9790,.F.);
#9799=STYLED_ITEM('',(#34),#9800);
#9800=ADVANCED_FACE('',(#9806),#9801,.T.);
#9801=PLANE('',#9802);
#9802=AXIS2_PLACEMENT_3D('',#9803,#9804,#9805);
#9803=CARTESIAN_POINT('',(38.481,0.381,9.309));
#9804=DIRECTION('',(0.0,0.707,0.707));
#9805=DIRECTION('',(0.,0.,1.));
#9806=FACE_OUTER_BOUND('',#9807,.T.);
#9807=EDGE_LOOP('',(#9808,#9818,#9828,#9838));
#9811=CARTESIAN_POINT('',(37.719,0.381,9.309));
#9810=VERTEX_POINT('',#9811);
#9809=EDGE_CURVE('',#9810,#9761,#9814,.T.);
#9814=LINE('',#9811,#9816);
#9816=VECTOR('',#9817,0.762);
#9817=DIRECTION('',(1.0,0.0,0.0));
#9808=ORIENTED_EDGE('',*,*,#9809,.F.);
#9819=EDGE_CURVE('',#9732,#9810,#9824,.T.);
#9824=LINE('',#9733,#9826);
#9826=VECTOR('',#9827,0.329955678841871);
#9827=DIRECTION('',(-0.577,0.577,-0.577));
#9818=ORIENTED_EDGE('',*,*,#9819,.F.);
#9828=ORIENTED_EDGE('',*,*,#9731,.T.);
#9838=ORIENTED_EDGE('',*,*,#9770,.T.);
#9848=STYLED_ITEM('',(#34),#9849);
#9849=ADVANCED_FACE('',(#9855),#9850,.T.);
#9850=PLANE('',#9851);
#9851=AXIS2_PLACEMENT_3D('',#9852,#9853,#9854);
#9852=CARTESIAN_POINT('',(37.719,0.381,9.309));
#9853=DIRECTION('',(-0.707,0.0,0.707));
#9854=DIRECTION('',(0.,0.,1.));
#9855=FACE_OUTER_BOUND('',#9856,.T.);
#9856=EDGE_LOOP('',(#9857,#9867,#9877,#9887));
#9860=CARTESIAN_POINT('',(37.719,-0.381,9.309));
#9859=VERTEX_POINT('',#9860);
#9858=EDGE_CURVE('',#9859,#9810,#9863,.T.);
#9863=LINE('',#9860,#9865);
#9865=VECTOR('',#9866,0.762);
#9866=DIRECTION('',(0.0,1.0,0.0));
#9857=ORIENTED_EDGE('',*,*,#9858,.F.);
#9868=EDGE_CURVE('',#9714,#9859,#9873,.T.);
#9873=LINE('',#9715,#9875);
#9875=VECTOR('',#9876,0.329955678841871);
#9876=DIRECTION('',(-0.577,-0.577,-0.577));
#9867=ORIENTED_EDGE('',*,*,#9868,.F.);
#9877=ORIENTED_EDGE('',*,*,#9741,.T.);
#9887=ORIENTED_EDGE('',*,*,#9819,.T.);
#9897=STYLED_ITEM('',(#34),#9898);
#9898=ADVANCED_FACE('',(#9904),#9899,.T.);
#9899=PLANE('',#9900);
#9900=AXIS2_PLACEMENT_3D('',#9901,#9902,#9903);
#9901=CARTESIAN_POINT('',(37.719,-0.381,9.309));
#9902=DIRECTION('',(0.0,-0.707,0.707));
#9903=DIRECTION('',(0.,0.,1.));
#9904=FACE_OUTER_BOUND('',#9905,.T.);
#9905=EDGE_LOOP('',(#9906,#9916,#9926,#9936));
#9907=EDGE_CURVE('',#9763,#9859,#9912,.T.);
#9912=LINE('',#9764,#9914);
#9914=VECTOR('',#9915,0.762);
#9915=DIRECTION('',(-1.0,0.0,0.0));
#9906=ORIENTED_EDGE('',*,*,#9907,.F.);
#9916=ORIENTED_EDGE('',*,*,#9790,.T.);
#9926=ORIENTED_EDGE('',*,*,#9711,.T.);
#9936=ORIENTED_EDGE('',*,*,#9868,.T.);
#9946=STYLED_ITEM('',(#34),#9947);
#9947=ADVANCED_FACE('',(#9953),#9948,.T.);
#9948=PLANE('',#9949);
#9949=AXIS2_PLACEMENT_3D('',#9950,#9951,#9952);
#9950=CARTESIAN_POINT('',(38.481,-0.381,2.862));
#9951=DIRECTION('',(1.0,0.0,0.0));
#9952=DIRECTION('',(0.,0.,1.));
#9953=FACE_OUTER_BOUND('',#9954,.T.);
#9954=EDGE_LOOP('',(#9955,#9965,#9975,#9985));
#9958=CARTESIAN_POINT('',(38.481,0.381,2.862));
#9957=VERTEX_POINT('',#9958);
#9960=CARTESIAN_POINT('',(38.481,-0.381,2.862));
#9959=VERTEX_POINT('',#9960);
#9956=EDGE_CURVE('',#9957,#9959,#9961,.T.);
#9961=LINE('',#9958,#9963);
#9963=VECTOR('',#9964,0.762);
#9964=DIRECTION('',(0.0,-1.0,0.0));
#9955=ORIENTED_EDGE('',*,*,#9956,.F.);
#9966=EDGE_CURVE('',#9761,#9957,#9971,.T.);
#9971=LINE('',#9762,#9973);
#9973=VECTOR('',#9974,6.4473695284);
#9974=DIRECTION('',(0.0,0.0,-1.0));
#9965=ORIENTED_EDGE('',*,*,#9966,.F.);
#9975=ORIENTED_EDGE('',*,*,#9760,.T.);
#9986=EDGE_CURVE('',#9959,#9763,#9991,.T.);
#9991=LINE('',#9960,#9993);
#9993=VECTOR('',#9994,6.4473695284);
#9994=DIRECTION('',(0.0,0.0,1.0));
#9985=ORIENTED_EDGE('',*,*,#9986,.F.);
#9995=STYLED_ITEM('',(#34),#9996);
#9996=ADVANCED_FACE('',(#10002),#9997,.T.);
#9997=PLANE('',#9998);
#9998=AXIS2_PLACEMENT_3D('',#9999,#10000,#10001);
#9999=CARTESIAN_POINT('',(38.481,0.381,2.862));
#10000=DIRECTION('',(0.0,1.0,0.0));
#10001=DIRECTION('',(0.,0.,1.));
#10002=FACE_OUTER_BOUND('',#10003,.T.);
#10003=EDGE_LOOP('',(#10004,#10014,#10024,#10034));
#10007=CARTESIAN_POINT('',(37.719,0.381,2.862));
#10006=VERTEX_POINT('',#10007);
#10005=EDGE_CURVE('',#10006,#9957,#10010,.T.);
#10010=LINE('',#10007,#10012);
#10012=VECTOR('',#10013,0.762);
#10013=DIRECTION('',(1.0,0.0,0.0));
#10004=ORIENTED_EDGE('',*,*,#10005,.F.);
#10015=EDGE_CURVE('',#9810,#10006,#10020,.T.);
#10020=LINE('',#9811,#10022);
#10022=VECTOR('',#10023,6.4473695284);
#10023=DIRECTION('',(0.0,0.0,-1.0));
#10014=ORIENTED_EDGE('',*,*,#10015,.F.);
#10024=ORIENTED_EDGE('',*,*,#9809,.T.);
#10034=ORIENTED_EDGE('',*,*,#9966,.T.);
#10044=STYLED_ITEM('',(#34),#10045);
#10045=ADVANCED_FACE('',(#10051),#10046,.T.);
#10046=PLANE('',#10047);
#10047=AXIS2_PLACEMENT_3D('',#10048,#10049,#10050);
#10048=CARTESIAN_POINT('',(37.719,0.381,2.862));
#10049=DIRECTION('',(-1.0,0.0,0.0));
#10050=DIRECTION('',(0.,0.,1.));
#10051=FACE_OUTER_BOUND('',#10052,.T.);
#10052=EDGE_LOOP('',(#10053,#10063,#10073,#10083));
#10056=CARTESIAN_POINT('',(37.719,-0.381,2.862));
#10055=VERTEX_POINT('',#10056);
#10054=EDGE_CURVE('',#10055,#10006,#10059,.T.);
#10059=LINE('',#10056,#10061);
#10061=VECTOR('',#10062,0.762);
#10062=DIRECTION('',(0.0,1.0,0.0));
#10053=ORIENTED_EDGE('',*,*,#10054,.F.);
#10064=EDGE_CURVE('',#9859,#10055,#10069,.T.);
#10069=LINE('',#9860,#10071);
#10071=VECTOR('',#10072,6.4473695284);
#10072=DIRECTION('',(0.0,0.0,-1.0));
#10063=ORIENTED_EDGE('',*,*,#10064,.F.);
#10073=ORIENTED_EDGE('',*,*,#9858,.T.);
#10083=ORIENTED_EDGE('',*,*,#10015,.T.);
#10093=STYLED_ITEM('',(#34),#10094);
#10094=ADVANCED_FACE('',(#10100),#10095,.T.);
#10095=PLANE('',#10096);
#10096=AXIS2_PLACEMENT_3D('',#10097,#10098,#10099);
#10097=CARTESIAN_POINT('',(37.719,-0.381,2.862));
#10098=DIRECTION('',(0.0,-1.0,0.0));
#10099=DIRECTION('',(0.,0.,1.));
#10100=FACE_OUTER_BOUND('',#10101,.T.);
#10101=EDGE_LOOP('',(#10102,#10112,#10122,#10132));
#10103=EDGE_CURVE('',#9959,#10055,#10108,.T.);
#10108=LINE('',#9960,#10110);
#10110=VECTOR('',#10111,0.762);
#10111=DIRECTION('',(-1.0,0.0,0.0));
#10102=ORIENTED_EDGE('',*,*,#10103,.F.);
#10112=ORIENTED_EDGE('',*,*,#9986,.T.);
#10122=ORIENTED_EDGE('',*,*,#9907,.T.);
#10132=ORIENTED_EDGE('',*,*,#10064,.T.);
#10142=STYLED_ITEM('',(#34),#10143);
#10143=ADVANCED_FACE('',(#10149),#10144,.T.);
#10144=PLANE('',#10145);
#10145=AXIS2_PLACEMENT_3D('',#10146,#10147,#10148);
#10146=CARTESIAN_POINT('',(37.719,0.381,2.862));
#10147=DIRECTION('',(0.0,0.0,-1.0));
#10148=DIRECTION('',(0.,1.,0.));
#10149=FACE_OUTER_BOUND('',#10150,.T.);
#10150=EDGE_LOOP('',(#10151,#10161,#10171,#10181));
#10151=ORIENTED_EDGE('',*,*,#10005,.T.);
#10161=ORIENTED_EDGE('',*,*,#9956,.T.);
#10171=ORIENTED_EDGE('',*,*,#10103,.T.);
#10181=ORIENTED_EDGE('',*,*,#10054,.T.);
#10191=STYLED_ITEM('',(#34),#10192);
#10192=ADVANCED_FACE('',(#10198),#10193,.T.);
#10193=PLANE('',#10194);
#10194=AXIS2_PLACEMENT_3D('',#10195,#10196,#10197);
#10195=CARTESIAN_POINT('',(37.719,-0.381,0.0));
#10196=DIRECTION('',(0.0,0.0,1.0));
#10197=DIRECTION('',(0.,1.,0.));
#10198=FACE_OUTER_BOUND('',#10199,.T.);
#10199=EDGE_LOOP('',(#10200,#10210,#10220,#10230));
#10203=CARTESIAN_POINT('',(38.481,-0.381,0.0));
#10202=VERTEX_POINT('',#10203);
#10205=CARTESIAN_POINT('',(37.719,-0.381,0.0));
#10204=VERTEX_POINT('',#10205);
#10201=EDGE_CURVE('',#10202,#10204,#10206,.T.);
#10206=LINE('',#10203,#10208);
#10208=VECTOR('',#10209,0.762);
#10209=DIRECTION('',(-1.0,0.0,0.0));
#10200=ORIENTED_EDGE('',*,*,#10201,.F.);
#10213=CARTESIAN_POINT('',(38.481,0.381,0.0));
#10212=VERTEX_POINT('',#10213);
#10211=EDGE_CURVE('',#10212,#10202,#10216,.T.);
#10216=LINE('',#10213,#10218);
#10218=VECTOR('',#10219,0.762);
#10219=DIRECTION('',(0.0,-1.0,0.0));
#10210=ORIENTED_EDGE('',*,*,#10211,.F.);
#10223=CARTESIAN_POINT('',(37.719,0.381,0.0));
#10222=VERTEX_POINT('',#10223);
#10221=EDGE_CURVE('',#10222,#10212,#10226,.T.);
#10226=LINE('',#10223,#10228);
#10228=VECTOR('',#10229,0.762);
#10229=DIRECTION('',(1.0,0.0,0.0));
#10220=ORIENTED_EDGE('',*,*,#10221,.F.);
#10231=EDGE_CURVE('',#10204,#10222,#10236,.T.);
#10236=LINE('',#10205,#10238);
#10238=VECTOR('',#10239,0.762);
#10239=DIRECTION('',(0.0,1.0,0.0));
#10230=ORIENTED_EDGE('',*,*,#10231,.F.);
#10240=STYLED_ITEM('',(#34),#10241);
#10241=ADVANCED_FACE('',(#10247),#10242,.T.);
#10242=PLANE('',#10243);
#10243=AXIS2_PLACEMENT_3D('',#10244,#10245,#10246);
#10244=CARTESIAN_POINT('',(38.481,-0.381,-4.89));
#10245=DIRECTION('',(1.0,0.0,0.0));
#10246=DIRECTION('',(0.,0.,1.));
#10247=FACE_OUTER_BOUND('',#10248,.T.);
#10248=EDGE_LOOP('',(#10249,#10259,#10269,#10279));
#10252=CARTESIAN_POINT('',(38.481,0.381,-4.89));
#10251=VERTEX_POINT('',#10252);
#10254=CARTESIAN_POINT('',(38.481,-0.381,-4.89));
#10253=VERTEX_POINT('',#10254);
#10250=EDGE_CURVE('',#10251,#10253,#10255,.T.);
#10255=LINE('',#10252,#10257);
#10257=VECTOR('',#10258,0.762);
#10258=DIRECTION('',(0.0,-1.0,0.0));
#10249=ORIENTED_EDGE('',*,*,#10250,.F.);
#10260=EDGE_CURVE('',#10212,#10251,#10265,.T.);
#10265=LINE('',#10213,#10267);
#10267=VECTOR('',#10268,4.8895);
#10268=DIRECTION('',(0.0,0.0,-1.0));
#10259=ORIENTED_EDGE('',*,*,#10260,.F.);
#10269=ORIENTED_EDGE('',*,*,#10211,.T.);
#10280=EDGE_CURVE('',#10253,#10202,#10285,.T.);
#10285=LINE('',#10254,#10287);
#10287=VECTOR('',#10288,4.8895);
#10288=DIRECTION('',(0.0,0.0,1.0));
#10279=ORIENTED_EDGE('',*,*,#10280,.F.);
#10289=STYLED_ITEM('',(#34),#10290);
#10290=ADVANCED_FACE('',(#10296),#10291,.T.);
#10291=PLANE('',#10292);
#10292=AXIS2_PLACEMENT_3D('',#10293,#10294,#10295);
#10293=CARTESIAN_POINT('',(38.481,0.381,-4.89));
#10294=DIRECTION('',(0.0,1.0,0.0));
#10295=DIRECTION('',(0.,0.,1.));
#10296=FACE_OUTER_BOUND('',#10297,.T.);
#10297=EDGE_LOOP('',(#10298,#10308,#10318,#10328));
#10301=CARTESIAN_POINT('',(37.719,0.381,-4.89));
#10300=VERTEX_POINT('',#10301);
#10299=EDGE_CURVE('',#10300,#10251,#10304,.T.);
#10304=LINE('',#10301,#10306);
#10306=VECTOR('',#10307,0.762);
#10307=DIRECTION('',(1.0,0.0,0.0));
#10298=ORIENTED_EDGE('',*,*,#10299,.F.);
#10309=EDGE_CURVE('',#10222,#10300,#10314,.T.);
#10314=LINE('',#10223,#10316);
#10316=VECTOR('',#10317,4.8895);
#10317=DIRECTION('',(0.0,0.0,-1.0));
#10308=ORIENTED_EDGE('',*,*,#10309,.F.);
#10318=ORIENTED_EDGE('',*,*,#10221,.T.);
#10328=ORIENTED_EDGE('',*,*,#10260,.T.);
#10338=STYLED_ITEM('',(#34),#10339);
#10339=ADVANCED_FACE('',(#10345),#10340,.T.);
#10340=PLANE('',#10341);
#10341=AXIS2_PLACEMENT_3D('',#10342,#10343,#10344);
#10342=CARTESIAN_POINT('',(37.719,0.381,-4.89));
#10343=DIRECTION('',(-1.0,0.0,0.0));
#10344=DIRECTION('',(0.,0.,1.));
#10345=FACE_OUTER_BOUND('',#10346,.T.);
#10346=EDGE_LOOP('',(#10347,#10357,#10367,#10377));
#10350=CARTESIAN_POINT('',(37.719,-0.381,-4.89));
#10349=VERTEX_POINT('',#10350);
#10348=EDGE_CURVE('',#10349,#10300,#10353,.T.);
#10353=LINE('',#10350,#10355);
#10355=VECTOR('',#10356,0.762);
#10356=DIRECTION('',(0.0,1.0,0.0));
#10347=ORIENTED_EDGE('',*,*,#10348,.F.);
#10358=EDGE_CURVE('',#10204,#10349,#10363,.T.);
#10363=LINE('',#10205,#10365);
#10365=VECTOR('',#10366,4.8895);
#10366=DIRECTION('',(0.0,0.0,-1.0));
#10357=ORIENTED_EDGE('',*,*,#10358,.F.);
#10367=ORIENTED_EDGE('',*,*,#10231,.T.);
#10377=ORIENTED_EDGE('',*,*,#10309,.T.);
#10387=STYLED_ITEM('',(#34),#10388);
#10388=ADVANCED_FACE('',(#10394),#10389,.T.);
#10389=PLANE('',#10390);
#10390=AXIS2_PLACEMENT_3D('',#10391,#10392,#10393);
#10391=CARTESIAN_POINT('',(37.719,-0.381,-4.89));
#10392=DIRECTION('',(0.0,-1.0,0.0));
#10393=DIRECTION('',(0.,0.,1.));
#10394=FACE_OUTER_BOUND('',#10395,.T.);
#10395=EDGE_LOOP('',(#10396,#10406,#10416,#10426));
#10397=EDGE_CURVE('',#10253,#10349,#10402,.T.);
#10402=LINE('',#10254,#10404);
#10404=VECTOR('',#10405,0.762);
#10405=DIRECTION('',(-1.0,0.0,0.0));
#10396=ORIENTED_EDGE('',*,*,#10397,.F.);
#10406=ORIENTED_EDGE('',*,*,#10280,.T.);
#10416=ORIENTED_EDGE('',*,*,#10201,.T.);
#10426=ORIENTED_EDGE('',*,*,#10358,.T.);
#10436=STYLED_ITEM('',(#34),#10437);
#10437=ADVANCED_FACE('',(#10443),#10438,.T.);
#10438=PLANE('',#10439);
#10439=AXIS2_PLACEMENT_3D('',#10440,#10441,#10442);
#10440=CARTESIAN_POINT('',(38.29,-0.19,-5.08));
#10441=DIRECTION('',(0.707,0.0,-0.707));
#10442=DIRECTION('',(0.,0.,1.));
#10443=FACE_OUTER_BOUND('',#10444,.T.);
#10444=EDGE_LOOP('',(#10445,#10455,#10465,#10475));
#10448=CARTESIAN_POINT('',(38.29,0.19,-5.08));
#10447=VERTEX_POINT('',#10448);
#10450=CARTESIAN_POINT('',(38.29,-0.19,-5.08));
#10449=VERTEX_POINT('',#10450);
#10446=EDGE_CURVE('',#10447,#10449,#10451,.T.);
#10451=LINE('',#10448,#10453);
#10453=VECTOR('',#10454,0.381);
#10454=DIRECTION('',(0.0,-1.0,0.0));
#10445=ORIENTED_EDGE('',*,*,#10446,.F.);
#10456=EDGE_CURVE('',#10251,#10447,#10461,.T.);
#10461=LINE('',#10252,#10463);
#10463=VECTOR('',#10464,0.329955678841871);
#10464=DIRECTION('',(-0.577,-0.577,-0.577));
#10455=ORIENTED_EDGE('',*,*,#10456,.F.);
#10465=ORIENTED_EDGE('',*,*,#10250,.T.);
#10476=EDGE_CURVE('',#10449,#10253,#10481,.T.);
#10481=LINE('',#10450,#10483);
#10483=VECTOR('',#10484,0.329955678841871);
#10484=DIRECTION('',(0.577,-0.577,0.577));
#10475=ORIENTED_EDGE('',*,*,#10476,.F.);
#10485=STYLED_ITEM('',(#34),#10486);
#10486=ADVANCED_FACE('',(#10492),#10487,.T.);
#10487=PLANE('',#10488);
#10488=AXIS2_PLACEMENT_3D('',#10489,#10490,#10491);
#10489=CARTESIAN_POINT('',(38.29,0.19,-5.08));
#10490=DIRECTION('',(0.0,0.707,-0.707));
#10491=DIRECTION('',(0.,0.,1.));
#10492=FACE_OUTER_BOUND('',#10493,.T.);
#10493=EDGE_LOOP('',(#10494,#10504,#10514,#10524));
#10497=CARTESIAN_POINT('',(37.91,0.19,-5.08));
#10496=VERTEX_POINT('',#10497);
#10495=EDGE_CURVE('',#10496,#10447,#10500,.T.);
#10500=LINE('',#10497,#10502);
#10502=VECTOR('',#10503,0.381);
#10503=DIRECTION('',(1.0,0.0,0.0));
#10494=ORIENTED_EDGE('',*,*,#10495,.F.);
#10505=EDGE_CURVE('',#10300,#10496,#10510,.T.);
#10510=LINE('',#10301,#10512);
#10512=VECTOR('',#10513,0.329955678841871);
#10513=DIRECTION('',(0.577,-0.577,-0.577));
#10504=ORIENTED_EDGE('',*,*,#10505,.F.);
#10514=ORIENTED_EDGE('',*,*,#10299,.T.);
#10524=ORIENTED_EDGE('',*,*,#10456,.T.);
#10534=STYLED_ITEM('',(#34),#10535);
#10535=ADVANCED_FACE('',(#10541),#10536,.T.);
#10536=PLANE('',#10537);
#10537=AXIS2_PLACEMENT_3D('',#10538,#10539,#10540);
#10538=CARTESIAN_POINT('',(37.91,0.19,-5.08));
#10539=DIRECTION('',(-0.707,0.0,-0.707));
#10540=DIRECTION('',(0.,0.,1.));
#10541=FACE_OUTER_BOUND('',#10542,.T.);
#10542=EDGE_LOOP('',(#10543,#10553,#10563,#10573));
#10546=CARTESIAN_POINT('',(37.91,-0.19,-5.08));
#10545=VERTEX_POINT('',#10546);
#10544=EDGE_CURVE('',#10545,#10496,#10549,.T.);
#10549=LINE('',#10546,#10551);
#10551=VECTOR('',#10552,0.381);
#10552=DIRECTION('',(0.0,1.0,0.0));
#10543=ORIENTED_EDGE('',*,*,#10544,.F.);
#10554=EDGE_CURVE('',#10349,#10545,#10559,.T.);
#10559=LINE('',#10350,#10561);
#10561=VECTOR('',#10562,0.329955678841871);
#10562=DIRECTION('',(0.577,0.577,-0.577));
#10553=ORIENTED_EDGE('',*,*,#10554,.F.);
#10563=ORIENTED_EDGE('',*,*,#10348,.T.);
#10573=ORIENTED_EDGE('',*,*,#10505,.T.);
#10583=STYLED_ITEM('',(#34),#10584);
#10584=ADVANCED_FACE('',(#10590),#10585,.T.);
#10585=PLANE('',#10586);
#10586=AXIS2_PLACEMENT_3D('',#10587,#10588,#10589);
#10587=CARTESIAN_POINT('',(37.91,-0.19,-5.08));
#10588=DIRECTION('',(0.0,-0.707,-0.707));
#10589=DIRECTION('',(0.,0.,1.));
#10590=FACE_OUTER_BOUND('',#10591,.T.);
#10591=EDGE_LOOP('',(#10592,#10602,#10612,#10622));
#10593=EDGE_CURVE('',#10449,#10545,#10598,.T.);
#10598=LINE('',#10450,#10600);
#10600=VECTOR('',#10601,0.381);
#10601=DIRECTION('',(-1.0,0.0,0.0));
#10592=ORIENTED_EDGE('',*,*,#10593,.F.);
#10602=ORIENTED_EDGE('',*,*,#10476,.T.);
#10612=ORIENTED_EDGE('',*,*,#10397,.T.);
#10622=ORIENTED_EDGE('',*,*,#10554,.T.);
#10632=STYLED_ITEM('',(#34),#10633);
#10633=ADVANCED_FACE('',(#10639),#10634,.T.);
#10634=PLANE('',#10635);
#10635=AXIS2_PLACEMENT_3D('',#10636,#10637,#10638);
#10636=CARTESIAN_POINT('',(37.91,0.19,-5.08));
#10637=DIRECTION('',(0.0,0.0,-1.0));
#10638=DIRECTION('',(0.,1.,0.));
#10639=FACE_OUTER_BOUND('',#10640,.T.);
#10640=EDGE_LOOP('',(#10641,#10651,#10661,#10671));
#10641=ORIENTED_EDGE('',*,*,#10495,.T.);
#10651=ORIENTED_EDGE('',*,*,#10446,.T.);
#10661=ORIENTED_EDGE('',*,*,#10593,.T.);
#10671=ORIENTED_EDGE('',*,*,#10544,.T.);
#10681=MANIFOLD_SOLID_BREP($,#10682);
#10682=CLOSED_SHELL('',(#10686,#10735,#10784,#10833,#10882,#10931,#10980,#11029,#11078,#11127));
#10683=MANIFOLD_SOLID_BREP($,#10684);
#10684=CLOSED_SHELL('',(#11176,#11225,#11274,#11323,#11372,#11421,#11470,#11519,#11568,#11617));
#10685=STYLED_ITEM('',(#34),#10686);
#10686=ADVANCED_FACE('',(#10692),#10687,.T.);
#10687=PLANE('',#10688);
#10688=AXIS2_PLACEMENT_3D('',#10689,#10690,#10691);
#10689=CARTESIAN_POINT('',(35.369,-0.19,9.5));
#10690=DIRECTION('',(0.0,0.0,1.0));
#10691=DIRECTION('',(0.,1.,0.));
#10692=FACE_OUTER_BOUND('',#10693,.T.);
#10693=EDGE_LOOP('',(#10694,#10704,#10714,#10724));
#10697=CARTESIAN_POINT('',(35.75,-0.19,9.5));
#10696=VERTEX_POINT('',#10697);
#10699=CARTESIAN_POINT('',(35.369,-0.19,9.5));
#10698=VERTEX_POINT('',#10699);
#10695=EDGE_CURVE('',#10696,#10698,#10700,.T.);
#10700=LINE('',#10697,#10702);
#10702=VECTOR('',#10703,0.381);
#10703=DIRECTION('',(-1.0,0.0,0.0));
#10694=ORIENTED_EDGE('',*,*,#10695,.F.);
#10707=CARTESIAN_POINT('',(35.75,0.19,9.5));
#10706=VERTEX_POINT('',#10707);
#10705=EDGE_CURVE('',#10706,#10696,#10710,.T.);
#10710=LINE('',#10707,#10712);
#10712=VECTOR('',#10713,0.381);
#10713=DIRECTION('',(0.0,-1.0,0.0));
#10704=ORIENTED_EDGE('',*,*,#10705,.F.);
#10717=CARTESIAN_POINT('',(35.369,0.19,9.5));
#10716=VERTEX_POINT('',#10717);
#10715=EDGE_CURVE('',#10716,#10706,#10720,.T.);
#10720=LINE('',#10717,#10722);
#10722=VECTOR('',#10723,0.381);
#10723=DIRECTION('',(1.0,0.0,0.0));
#10714=ORIENTED_EDGE('',*,*,#10715,.F.);
#10725=EDGE_CURVE('',#10698,#10716,#10730,.T.);
#10730=LINE('',#10699,#10732);
#10732=VECTOR('',#10733,0.381);
#10733=DIRECTION('',(0.0,1.0,0.0));
#10724=ORIENTED_EDGE('',*,*,#10725,.F.);
#10734=STYLED_ITEM('',(#34),#10735);
#10735=ADVANCED_FACE('',(#10741),#10736,.T.);
#10736=PLANE('',#10737);
#10737=AXIS2_PLACEMENT_3D('',#10738,#10739,#10740);
#10738=CARTESIAN_POINT('',(35.941,-0.381,9.309));
#10739=DIRECTION('',(0.707,0.0,0.707));
#10740=DIRECTION('',(0.,0.,1.));
#10741=FACE_OUTER_BOUND('',#10742,.T.);
#10742=EDGE_LOOP('',(#10743,#10753,#10763,#10773));
#10746=CARTESIAN_POINT('',(35.941,0.381,9.309));
#10745=VERTEX_POINT('',#10746);
#10748=CARTESIAN_POINT('',(35.941,-0.381,9.309));
#10747=VERTEX_POINT('',#10748);
#10744=EDGE_CURVE('',#10745,#10747,#10749,.T.);
#10749=LINE('',#10746,#10751);
#10751=VECTOR('',#10752,0.762);
#10752=DIRECTION('',(0.0,-1.0,0.0));
#10743=ORIENTED_EDGE('',*,*,#10744,.F.);
#10754=EDGE_CURVE('',#10706,#10745,#10759,.T.);
#10759=LINE('',#10707,#10761);
#10761=VECTOR('',#10762,0.329955678841871);
#10762=DIRECTION('',(0.577,0.577,-0.577));
#10753=ORIENTED_EDGE('',*,*,#10754,.F.);
#10763=ORIENTED_EDGE('',*,*,#10705,.T.);
#10774=EDGE_CURVE('',#10747,#10696,#10779,.T.);
#10779=LINE('',#10748,#10781);
#10781=VECTOR('',#10782,0.329955678841871);
#10782=DIRECTION('',(-0.577,0.577,0.577));
#10773=ORIENTED_EDGE('',*,*,#10774,.F.);
#10783=STYLED_ITEM('',(#34),#10784);
#10784=ADVANCED_FACE('',(#10790),#10785,.T.);
#10785=PLANE('',#10786);
#10786=AXIS2_PLACEMENT_3D('',#10787,#10788,#10789);
#10787=CARTESIAN_POINT('',(35.941,0.381,9.309));
#10788=DIRECTION('',(0.0,0.707,0.707));
#10789=DIRECTION('',(0.,0.,1.));
#10790=FACE_OUTER_BOUND('',#10791,.T.);
#10791=EDGE_LOOP('',(#10792,#10802,#10812,#10822));
#10795=CARTESIAN_POINT('',(35.179,0.381,9.309));
#10794=VERTEX_POINT('',#10795);
#10793=EDGE_CURVE('',#10794,#10745,#10798,.T.);
#10798=LINE('',#10795,#10800);
#10800=VECTOR('',#10801,0.762);
#10801=DIRECTION('',(1.0,0.0,0.0));
#10792=ORIENTED_EDGE('',*,*,#10793,.F.);
#10803=EDGE_CURVE('',#10716,#10794,#10808,.T.);
#10808=LINE('',#10717,#10810);
#10810=VECTOR('',#10811,0.329955678841871);
#10811=DIRECTION('',(-0.577,0.577,-0.577));
#10802=ORIENTED_EDGE('',*,*,#10803,.F.);
#10812=ORIENTED_EDGE('',*,*,#10715,.T.);
#10822=ORIENTED_EDGE('',*,*,#10754,.T.);
#10832=STYLED_ITEM('',(#34),#10833);
#10833=ADVANCED_FACE('',(#10839),#10834,.T.);
#10834=PLANE('',#10835);
#10835=AXIS2_PLACEMENT_3D('',#10836,#10837,#10838);
#10836=CARTESIAN_POINT('',(35.179,0.381,9.309));
#10837=DIRECTION('',(-0.707,0.0,0.707));
#10838=DIRECTION('',(0.,0.,1.));
#10839=FACE_OUTER_BOUND('',#10840,.T.);
#10840=EDGE_LOOP('',(#10841,#10851,#10861,#10871));
#10844=CARTESIAN_POINT('',(35.179,-0.381,9.309));
#10843=VERTEX_POINT('',#10844);
#10842=EDGE_CURVE('',#10843,#10794,#10847,.T.);
#10847=LINE('',#10844,#10849);
#10849=VECTOR('',#10850,0.762);
#10850=DIRECTION('',(0.0,1.0,0.0));
#10841=ORIENTED_EDGE('',*,*,#10842,.F.);
#10852=EDGE_CURVE('',#10698,#10843,#10857,.T.);
#10857=LINE('',#10699,#10859);
#10859=VECTOR('',#10860,0.329955678841871);
#10860=DIRECTION('',(-0.577,-0.577,-0.577));
#10851=ORIENTED_EDGE('',*,*,#10852,.F.);
#10861=ORIENTED_EDGE('',*,*,#10725,.T.);
#10871=ORIENTED_EDGE('',*,*,#10803,.T.);
#10881=STYLED_ITEM('',(#34),#10882);
#10882=ADVANCED_FACE('',(#10888),#10883,.T.);
#10883=PLANE('',#10884);
#10884=AXIS2_PLACEMENT_3D('',#10885,#10886,#10887);
#10885=CARTESIAN_POINT('',(35.179,-0.381,9.309));
#10886=DIRECTION('',(0.0,-0.707,0.707));
#10887=DIRECTION('',(0.,0.,1.));
#10888=FACE_OUTER_BOUND('',#10889,.T.);
#10889=EDGE_LOOP('',(#10890,#10900,#10910,#10920));
#10891=EDGE_CURVE('',#10747,#10843,#10896,.T.);
#10896=LINE('',#10748,#10898);
#10898=VECTOR('',#10899,0.762);
#10899=DIRECTION('',(-1.0,0.0,0.0));
#10890=ORIENTED_EDGE('',*,*,#10891,.F.);
#10900=ORIENTED_EDGE('',*,*,#10774,.T.);
#10910=ORIENTED_EDGE('',*,*,#10695,.T.);
#10920=ORIENTED_EDGE('',*,*,#10852,.T.);
#10930=STYLED_ITEM('',(#34),#10931);
#10931=ADVANCED_FACE('',(#10937),#10932,.T.);
#10932=PLANE('',#10933);
#10933=AXIS2_PLACEMENT_3D('',#10934,#10935,#10936);
#10934=CARTESIAN_POINT('',(35.941,-0.381,2.862));
#10935=DIRECTION('',(1.0,0.0,0.0));
#10936=DIRECTION('',(0.,0.,1.));
#10937=FACE_OUTER_BOUND('',#10938,.T.);
#10938=EDGE_LOOP('',(#10939,#10949,#10959,#10969));
#10942=CARTESIAN_POINT('',(35.941,0.381,2.862));
#10941=VERTEX_POINT('',#10942);
#10944=CARTESIAN_POINT('',(35.941,-0.381,2.862));
#10943=VERTEX_POINT('',#10944);
#10940=EDGE_CURVE('',#10941,#10943,#10945,.T.);
#10945=LINE('',#10942,#10947);
#10947=VECTOR('',#10948,0.762);
#10948=DIRECTION('',(0.0,-1.0,0.0));
#10939=ORIENTED_EDGE('',*,*,#10940,.F.);
#10950=EDGE_CURVE('',#10745,#10941,#10955,.T.);
#10955=LINE('',#10746,#10957);
#10957=VECTOR('',#10958,6.4473695284);
#10958=DIRECTION('',(0.0,0.0,-1.0));
#10949=ORIENTED_EDGE('',*,*,#10950,.F.);
#10959=ORIENTED_EDGE('',*,*,#10744,.T.);
#10970=EDGE_CURVE('',#10943,#10747,#10975,.T.);
#10975=LINE('',#10944,#10977);
#10977=VECTOR('',#10978,6.4473695284);
#10978=DIRECTION('',(0.0,0.0,1.0));
#10969=ORIENTED_EDGE('',*,*,#10970,.F.);
#10979=STYLED_ITEM('',(#34),#10980);
#10980=ADVANCED_FACE('',(#10986),#10981,.T.);
#10981=PLANE('',#10982);
#10982=AXIS2_PLACEMENT_3D('',#10983,#10984,#10985);
#10983=CARTESIAN_POINT('',(35.941,0.381,2.862));
#10984=DIRECTION('',(0.0,1.0,0.0));
#10985=DIRECTION('',(0.,0.,1.));
#10986=FACE_OUTER_BOUND('',#10987,.T.);
#10987=EDGE_LOOP('',(#10988,#10998,#11008,#11018));
#10991=CARTESIAN_POINT('',(35.179,0.381,2.862));
#10990=VERTEX_POINT('',#10991);
#10989=EDGE_CURVE('',#10990,#10941,#10994,.T.);
#10994=LINE('',#10991,#10996);
#10996=VECTOR('',#10997,0.762);
#10997=DIRECTION('',(1.0,0.0,0.0));
#10988=ORIENTED_EDGE('',*,*,#10989,.F.);
#10999=EDGE_CURVE('',#10794,#10990,#11004,.T.);
#11004=LINE('',#10795,#11006);
#11006=VECTOR('',#11007,6.4473695284);
#11007=DIRECTION('',(0.0,0.0,-1.0));
#10998=ORIENTED_EDGE('',*,*,#10999,.F.);
#11008=ORIENTED_EDGE('',*,*,#10793,.T.);
#11018=ORIENTED_EDGE('',*,*,#10950,.T.);
#11028=STYLED_ITEM('',(#34),#11029);
#11029=ADVANCED_FACE('',(#11035),#11030,.T.);
#11030=PLANE('',#11031);
#11031=AXIS2_PLACEMENT_3D('',#11032,#11033,#11034);
#11032=CARTESIAN_POINT('',(35.179,0.381,2.862));
#11033=DIRECTION('',(-1.0,0.0,0.0));
#11034=DIRECTION('',(0.,0.,1.));
#11035=FACE_OUTER_BOUND('',#11036,.T.);
#11036=EDGE_LOOP('',(#11037,#11047,#11057,#11067));
#11040=CARTESIAN_POINT('',(35.179,-0.381,2.862));
#11039=VERTEX_POINT('',#11040);
#11038=EDGE_CURVE('',#11039,#10990,#11043,.T.);
#11043=LINE('',#11040,#11045);
#11045=VECTOR('',#11046,0.762);
#11046=DIRECTION('',(0.0,1.0,0.0));
#11037=ORIENTED_EDGE('',*,*,#11038,.F.);
#11048=EDGE_CURVE('',#10843,#11039,#11053,.T.);
#11053=LINE('',#10844,#11055);
#11055=VECTOR('',#11056,6.4473695284);
#11056=DIRECTION('',(0.0,0.0,-1.0));
#11047=ORIENTED_EDGE('',*,*,#11048,.F.);
#11057=ORIENTED_EDGE('',*,*,#10842,.T.);
#11067=ORIENTED_EDGE('',*,*,#10999,.T.);
#11077=STYLED_ITEM('',(#34),#11078);
#11078=ADVANCED_FACE('',(#11084),#11079,.T.);
#11079=PLANE('',#11080);
#11080=AXIS2_PLACEMENT_3D('',#11081,#11082,#11083);
#11081=CARTESIAN_POINT('',(35.179,-0.381,2.862));
#11082=DIRECTION('',(0.0,-1.0,0.0));
#11083=DIRECTION('',(0.,0.,1.));
#11084=FACE_OUTER_BOUND('',#11085,.T.);
#11085=EDGE_LOOP('',(#11086,#11096,#11106,#11116));
#11087=EDGE_CURVE('',#10943,#11039,#11092,.T.);
#11092=LINE('',#10944,#11094);
#11094=VECTOR('',#11095,0.762);
#11095=DIRECTION('',(-1.0,0.0,0.0));
#11086=ORIENTED_EDGE('',*,*,#11087,.F.);
#11096=ORIENTED_EDGE('',*,*,#10970,.T.);
#11106=ORIENTED_EDGE('',*,*,#10891,.T.);
#11116=ORIENTED_EDGE('',*,*,#11048,.T.);
#11126=STYLED_ITEM('',(#34),#11127);
#11127=ADVANCED_FACE('',(#11133),#11128,.T.);
#11128=PLANE('',#11129);
#11129=AXIS2_PLACEMENT_3D('',#11130,#11131,#11132);
#11130=CARTESIAN_POINT('',(35.179,0.381,2.862));
#11131=DIRECTION('',(0.0,0.0,-1.0));
#11132=DIRECTION('',(0.,1.,0.));
#11133=FACE_OUTER_BOUND('',#11134,.T.);
#11134=EDGE_LOOP('',(#11135,#11145,#11155,#11165));
#11135=ORIENTED_EDGE('',*,*,#10989,.T.);
#11145=ORIENTED_EDGE('',*,*,#10940,.T.);
#11155=ORIENTED_EDGE('',*,*,#11087,.T.);
#11165=ORIENTED_EDGE('',*,*,#11038,.T.);
#11175=STYLED_ITEM('',(#34),#11176);
#11176=ADVANCED_FACE('',(#11182),#11177,.T.);
#11177=PLANE('',#11178);
#11178=AXIS2_PLACEMENT_3D('',#11179,#11180,#11181);
#11179=CARTESIAN_POINT('',(35.179,-0.381,0.0));
#11180=DIRECTION('',(0.0,0.0,1.0));
#11181=DIRECTION('',(0.,1.,0.));
#11182=FACE_OUTER_BOUND('',#11183,.T.);
#11183=EDGE_LOOP('',(#11184,#11194,#11204,#11214));
#11187=CARTESIAN_POINT('',(35.941,-0.381,0.0));
#11186=VERTEX_POINT('',#11187);
#11189=CARTESIAN_POINT('',(35.179,-0.381,0.0));
#11188=VERTEX_POINT('',#11189);
#11185=EDGE_CURVE('',#11186,#11188,#11190,.T.);
#11190=LINE('',#11187,#11192);
#11192=VECTOR('',#11193,0.762);
#11193=DIRECTION('',(-1.0,0.0,0.0));
#11184=ORIENTED_EDGE('',*,*,#11185,.F.);
#11197=CARTESIAN_POINT('',(35.941,0.381,0.0));
#11196=VERTEX_POINT('',#11197);
#11195=EDGE_CURVE('',#11196,#11186,#11200,.T.);
#11200=LINE('',#11197,#11202);
#11202=VECTOR('',#11203,0.762);
#11203=DIRECTION('',(0.0,-1.0,0.0));
#11194=ORIENTED_EDGE('',*,*,#11195,.F.);
#11207=CARTESIAN_POINT('',(35.179,0.381,0.0));
#11206=VERTEX_POINT('',#11207);
#11205=EDGE_CURVE('',#11206,#11196,#11210,.T.);
#11210=LINE('',#11207,#11212);
#11212=VECTOR('',#11213,0.762);
#11213=DIRECTION('',(1.0,0.0,0.0));
#11204=ORIENTED_EDGE('',*,*,#11205,.F.);
#11215=EDGE_CURVE('',#11188,#11206,#11220,.T.);
#11220=LINE('',#11189,#11222);
#11222=VECTOR('',#11223,0.762);
#11223=DIRECTION('',(0.0,1.0,0.0));
#11214=ORIENTED_EDGE('',*,*,#11215,.F.);
#11224=STYLED_ITEM('',(#34),#11225);
#11225=ADVANCED_FACE('',(#11231),#11226,.T.);
#11226=PLANE('',#11227);
#11227=AXIS2_PLACEMENT_3D('',#11228,#11229,#11230);
#11228=CARTESIAN_POINT('',(35.941,-0.381,-4.89));
#11229=DIRECTION('',(1.0,0.0,0.0));
#11230=DIRECTION('',(0.,0.,1.));
#11231=FACE_OUTER_BOUND('',#11232,.T.);
#11232=EDGE_LOOP('',(#11233,#11243,#11253,#11263));
#11236=CARTESIAN_POINT('',(35.941,0.381,-4.89));
#11235=VERTEX_POINT('',#11236);
#11238=CARTESIAN_POINT('',(35.941,-0.381,-4.89));
#11237=VERTEX_POINT('',#11238);
#11234=EDGE_CURVE('',#11235,#11237,#11239,.T.);
#11239=LINE('',#11236,#11241);
#11241=VECTOR('',#11242,0.762);
#11242=DIRECTION('',(0.0,-1.0,0.0));
#11233=ORIENTED_EDGE('',*,*,#11234,.F.);
#11244=EDGE_CURVE('',#11196,#11235,#11249,.T.);
#11249=LINE('',#11197,#11251);
#11251=VECTOR('',#11252,4.8895);
#11252=DIRECTION('',(0.0,0.0,-1.0));
#11243=ORIENTED_EDGE('',*,*,#11244,.F.);
#11253=ORIENTED_EDGE('',*,*,#11195,.T.);
#11264=EDGE_CURVE('',#11237,#11186,#11269,.T.);
#11269=LINE('',#11238,#11271);
#11271=VECTOR('',#11272,4.8895);
#11272=DIRECTION('',(0.0,0.0,1.0));
#11263=ORIENTED_EDGE('',*,*,#11264,.F.);
#11273=STYLED_ITEM('',(#34),#11274);
#11274=ADVANCED_FACE('',(#11280),#11275,.T.);
#11275=PLANE('',#11276);
#11276=AXIS2_PLACEMENT_3D('',#11277,#11278,#11279);
#11277=CARTESIAN_POINT('',(35.941,0.381,-4.89));
#11278=DIRECTION('',(0.0,1.0,0.0));
#11279=DIRECTION('',(0.,0.,1.));
#11280=FACE_OUTER_BOUND('',#11281,.T.);
#11281=EDGE_LOOP('',(#11282,#11292,#11302,#11312));
#11285=CARTESIAN_POINT('',(35.179,0.381,-4.89));
#11284=VERTEX_POINT('',#11285);
#11283=EDGE_CURVE('',#11284,#11235,#11288,.T.);
#11288=LINE('',#11285,#11290);
#11290=VECTOR('',#11291,0.762);
#11291=DIRECTION('',(1.0,0.0,0.0));
#11282=ORIENTED_EDGE('',*,*,#11283,.F.);
#11293=EDGE_CURVE('',#11206,#11284,#11298,.T.);
#11298=LINE('',#11207,#11300);
#11300=VECTOR('',#11301,4.8895);
#11301=DIRECTION('',(0.0,0.0,-1.0));
#11292=ORIENTED_EDGE('',*,*,#11293,.F.);
#11302=ORIENTED_EDGE('',*,*,#11205,.T.);
#11312=ORIENTED_EDGE('',*,*,#11244,.T.);
#11322=STYLED_ITEM('',(#34),#11323);
#11323=ADVANCED_FACE('',(#11329),#11324,.T.);
#11324=PLANE('',#11325);
#11325=AXIS2_PLACEMENT_3D('',#11326,#11327,#11328);
#11326=CARTESIAN_POINT('',(35.179,0.381,-4.89));
#11327=DIRECTION('',(-1.0,0.0,0.0));
#11328=DIRECTION('',(0.,0.,1.));
#11329=FACE_OUTER_BOUND('',#11330,.T.);
#11330=EDGE_LOOP('',(#11331,#11341,#11351,#11361));
#11334=CARTESIAN_POINT('',(35.179,-0.381,-4.89));
#11333=VERTEX_POINT('',#11334);
#11332=EDGE_CURVE('',#11333,#11284,#11337,.T.);
#11337=LINE('',#11334,#11339);
#11339=VECTOR('',#11340,0.762);
#11340=DIRECTION('',(0.0,1.0,0.0));
#11331=ORIENTED_EDGE('',*,*,#11332,.F.);
#11342=EDGE_CURVE('',#11188,#11333,#11347,.T.);
#11347=LINE('',#11189,#11349);
#11349=VECTOR('',#11350,4.8895);
#11350=DIRECTION('',(0.0,0.0,-1.0));
#11341=ORIENTED_EDGE('',*,*,#11342,.F.);
#11351=ORIENTED_EDGE('',*,*,#11215,.T.);
#11361=ORIENTED_EDGE('',*,*,#11293,.T.);
#11371=STYLED_ITEM('',(#34),#11372);
#11372=ADVANCED_FACE('',(#11378),#11373,.T.);
#11373=PLANE('',#11374);
#11374=AXIS2_PLACEMENT_3D('',#11375,#11376,#11377);
#11375=CARTESIAN_POINT('',(35.179,-0.381,-4.89));
#11376=DIRECTION('',(0.0,-1.0,0.0));
#11377=DIRECTION('',(0.,0.,1.));
#11378=FACE_OUTER_BOUND('',#11379,.T.);
#11379=EDGE_LOOP('',(#11380,#11390,#11400,#11410));
#11381=EDGE_CURVE('',#11237,#11333,#11386,.T.);
#11386=LINE('',#11238,#11388);
#11388=VECTOR('',#11389,0.762);
#11389=DIRECTION('',(-1.0,0.0,0.0));
#11380=ORIENTED_EDGE('',*,*,#11381,.F.);
#11390=ORIENTED_EDGE('',*,*,#11264,.T.);
#11400=ORIENTED_EDGE('',*,*,#11185,.T.);
#11410=ORIENTED_EDGE('',*,*,#11342,.T.);
#11420=STYLED_ITEM('',(#34),#11421);
#11421=ADVANCED_FACE('',(#11427),#11422,.T.);
#11422=PLANE('',#11423);
#11423=AXIS2_PLACEMENT_3D('',#11424,#11425,#11426);
#11424=CARTESIAN_POINT('',(35.75,-0.19,-5.08));
#11425=DIRECTION('',(0.707,0.0,-0.707));
#11426=DIRECTION('',(0.,0.,1.));
#11427=FACE_OUTER_BOUND('',#11428,.T.);
#11428=EDGE_LOOP('',(#11429,#11439,#11449,#11459));
#11432=CARTESIAN_POINT('',(35.75,0.19,-5.08));
#11431=VERTEX_POINT('',#11432);
#11434=CARTESIAN_POINT('',(35.75,-0.19,-5.08));
#11433=VERTEX_POINT('',#11434);
#11430=EDGE_CURVE('',#11431,#11433,#11435,.T.);
#11435=LINE('',#11432,#11437);
#11437=VECTOR('',#11438,0.381);
#11438=DIRECTION('',(0.0,-1.0,0.0));
#11429=ORIENTED_EDGE('',*,*,#11430,.F.);
#11440=EDGE_CURVE('',#11235,#11431,#11445,.T.);
#11445=LINE('',#11236,#11447);
#11447=VECTOR('',#11448,0.329955678841871);
#11448=DIRECTION('',(-0.577,-0.577,-0.577));
#11439=ORIENTED_EDGE('',*,*,#11440,.F.);
#11449=ORIENTED_EDGE('',*,*,#11234,.T.);
#11460=EDGE_CURVE('',#11433,#11237,#11465,.T.);
#11465=LINE('',#11434,#11467);
#11467=VECTOR('',#11468,0.329955678841871);
#11468=DIRECTION('',(0.577,-0.577,0.577));
#11459=ORIENTED_EDGE('',*,*,#11460,.F.);
#11469=STYLED_ITEM('',(#34),#11470);
#11470=ADVANCED_FACE('',(#11476),#11471,.T.);
#11471=PLANE('',#11472);
#11472=AXIS2_PLACEMENT_3D('',#11473,#11474,#11475);
#11473=CARTESIAN_POINT('',(35.75,0.19,-5.08));
#11474=DIRECTION('',(0.0,0.707,-0.707));
#11475=DIRECTION('',(0.,0.,1.));
#11476=FACE_OUTER_BOUND('',#11477,.T.);
#11477=EDGE_LOOP('',(#11478,#11488,#11498,#11508));
#11481=CARTESIAN_POINT('',(35.369,0.19,-5.08));
#11480=VERTEX_POINT('',#11481);
#11479=EDGE_CURVE('',#11480,#11431,#11484,.T.);
#11484=LINE('',#11481,#11486);
#11486=VECTOR('',#11487,0.381);
#11487=DIRECTION('',(1.0,0.0,0.0));
#11478=ORIENTED_EDGE('',*,*,#11479,.F.);
#11489=EDGE_CURVE('',#11284,#11480,#11494,.T.);
#11494=LINE('',#11285,#11496);
#11496=VECTOR('',#11497,0.329955678841871);
#11497=DIRECTION('',(0.577,-0.577,-0.577));
#11488=ORIENTED_EDGE('',*,*,#11489,.F.);
#11498=ORIENTED_EDGE('',*,*,#11283,.T.);
#11508=ORIENTED_EDGE('',*,*,#11440,.T.);
#11518=STYLED_ITEM('',(#34),#11519);
#11519=ADVANCED_FACE('',(#11525),#11520,.T.);
#11520=PLANE('',#11521);
#11521=AXIS2_PLACEMENT_3D('',#11522,#11523,#11524);
#11522=CARTESIAN_POINT('',(35.369,0.19,-5.08));
#11523=DIRECTION('',(-0.707,0.0,-0.707));
#11524=DIRECTION('',(0.,0.,1.));
#11525=FACE_OUTER_BOUND('',#11526,.T.);
#11526=EDGE_LOOP('',(#11527,#11537,#11547,#11557));
#11530=CARTESIAN_POINT('',(35.369,-0.19,-5.08));
#11529=VERTEX_POINT('',#11530);
#11528=EDGE_CURVE('',#11529,#11480,#11533,.T.);
#11533=LINE('',#11530,#11535);
#11535=VECTOR('',#11536,0.381);
#11536=DIRECTION('',(0.0,1.0,0.0));
#11527=ORIENTED_EDGE('',*,*,#11528,.F.);
#11538=EDGE_CURVE('',#11333,#11529,#11543,.T.);
#11543=LINE('',#11334,#11545);
#11545=VECTOR('',#11546,0.329955678841871);
#11546=DIRECTION('',(0.577,0.577,-0.577));
#11537=ORIENTED_EDGE('',*,*,#11538,.F.);
#11547=ORIENTED_EDGE('',*,*,#11332,.T.);
#11557=ORIENTED_EDGE('',*,*,#11489,.T.);
#11567=STYLED_ITEM('',(#34),#11568);
#11568=ADVANCED_FACE('',(#11574),#11569,.T.);
#11569=PLANE('',#11570);
#11570=AXIS2_PLACEMENT_3D('',#11571,#11572,#11573);
#11571=CARTESIAN_POINT('',(35.369,-0.19,-5.08));
#11572=DIRECTION('',(0.0,-0.707,-0.707));
#11573=DIRECTION('',(0.,0.,1.));
#11574=FACE_OUTER_BOUND('',#11575,.T.);
#11575=EDGE_LOOP('',(#11576,#11586,#11596,#11606));
#11577=EDGE_CURVE('',#11433,#11529,#11582,.T.);
#11582=LINE('',#11434,#11584);
#11584=VECTOR('',#11585,0.381);
#11585=DIRECTION('',(-1.0,0.0,0.0));
#11576=ORIENTED_EDGE('',*,*,#11577,.F.);
#11586=ORIENTED_EDGE('',*,*,#11460,.T.);
#11596=ORIENTED_EDGE('',*,*,#11381,.T.);
#11606=ORIENTED_EDGE('',*,*,#11538,.T.);
#11616=STYLED_ITEM('',(#34),#11617);
#11617=ADVANCED_FACE('',(#11623),#11618,.T.);
#11618=PLANE('',#11619);
#11619=AXIS2_PLACEMENT_3D('',#11620,#11621,#11622);
#11620=CARTESIAN_POINT('',(35.369,0.19,-5.08));
#11621=DIRECTION('',(0.0,0.0,-1.0));
#11622=DIRECTION('',(0.,1.,0.));
#11623=FACE_OUTER_BOUND('',#11624,.T.);
#11624=EDGE_LOOP('',(#11625,#11635,#11645,#11655));
#11625=ORIENTED_EDGE('',*,*,#11479,.T.);
#11635=ORIENTED_EDGE('',*,*,#11430,.T.);
#11645=ORIENTED_EDGE('',*,*,#11577,.T.);
#11655=ORIENTED_EDGE('',*,*,#11528,.T.);
#11665=MANIFOLD_SOLID_BREP($,#11666);
#11666=CLOSED_SHELL('',(#11670,#11719,#11768,#11817,#11866,#11915,#11964,#12013,#12062,#12111));
#11667=MANIFOLD_SOLID_BREP($,#11668);
#11668=CLOSED_SHELL('',(#12160,#12209,#12258,#12307,#12356,#12405,#12454,#12503,#12552,#12601));
#11669=STYLED_ITEM('',(#34),#11670);
#11670=ADVANCED_FACE('',(#11676),#11671,.T.);
#11671=PLANE('',#11672);
#11672=AXIS2_PLACEMENT_3D('',#11673,#11674,#11675);
#11673=CARTESIAN_POINT('',(32.829,-0.19,9.5));
#11674=DIRECTION('',(0.0,0.0,1.0));
#11675=DIRECTION('',(0.,1.,0.));
#11676=FACE_OUTER_BOUND('',#11677,.T.);
#11677=EDGE_LOOP('',(#11678,#11688,#11698,#11708));
#11681=CARTESIAN_POINT('',(33.21,-0.19,9.5));
#11680=VERTEX_POINT('',#11681);
#11683=CARTESIAN_POINT('',(32.829,-0.19,9.5));
#11682=VERTEX_POINT('',#11683);
#11679=EDGE_CURVE('',#11680,#11682,#11684,.T.);
#11684=LINE('',#11681,#11686);
#11686=VECTOR('',#11687,0.381);
#11687=DIRECTION('',(-1.0,0.0,0.0));
#11678=ORIENTED_EDGE('',*,*,#11679,.F.);
#11691=CARTESIAN_POINT('',(33.21,0.19,9.5));
#11690=VERTEX_POINT('',#11691);
#11689=EDGE_CURVE('',#11690,#11680,#11694,.T.);
#11694=LINE('',#11691,#11696);
#11696=VECTOR('',#11697,0.381);
#11697=DIRECTION('',(0.0,-1.0,0.0));
#11688=ORIENTED_EDGE('',*,*,#11689,.F.);
#11701=CARTESIAN_POINT('',(32.829,0.19,9.5));
#11700=VERTEX_POINT('',#11701);
#11699=EDGE_CURVE('',#11700,#11690,#11704,.T.);
#11704=LINE('',#11701,#11706);
#11706=VECTOR('',#11707,0.381);
#11707=DIRECTION('',(1.0,0.0,0.0));
#11698=ORIENTED_EDGE('',*,*,#11699,.F.);
#11709=EDGE_CURVE('',#11682,#11700,#11714,.T.);
#11714=LINE('',#11683,#11716);
#11716=VECTOR('',#11717,0.381);
#11717=DIRECTION('',(0.0,1.0,0.0));
#11708=ORIENTED_EDGE('',*,*,#11709,.F.);
#11718=STYLED_ITEM('',(#34),#11719);
#11719=ADVANCED_FACE('',(#11725),#11720,.T.);
#11720=PLANE('',#11721);
#11721=AXIS2_PLACEMENT_3D('',#11722,#11723,#11724);
#11722=CARTESIAN_POINT('',(33.401,-0.381,9.309));
#11723=DIRECTION('',(0.707,0.0,0.707));
#11724=DIRECTION('',(0.,0.,1.));
#11725=FACE_OUTER_BOUND('',#11726,.T.);
#11726=EDGE_LOOP('',(#11727,#11737,#11747,#11757));
#11730=CARTESIAN_POINT('',(33.401,0.381,9.309));
#11729=VERTEX_POINT('',#11730);
#11732=CARTESIAN_POINT('',(33.401,-0.381,9.309));
#11731=VERTEX_POINT('',#11732);
#11728=EDGE_CURVE('',#11729,#11731,#11733,.T.);
#11733=LINE('',#11730,#11735);
#11735=VECTOR('',#11736,0.762);
#11736=DIRECTION('',(0.0,-1.0,0.0));
#11727=ORIENTED_EDGE('',*,*,#11728,.F.);
#11738=EDGE_CURVE('',#11690,#11729,#11743,.T.);
#11743=LINE('',#11691,#11745);
#11745=VECTOR('',#11746,0.329955678841871);
#11746=DIRECTION('',(0.577,0.577,-0.577));
#11737=ORIENTED_EDGE('',*,*,#11738,.F.);
#11747=ORIENTED_EDGE('',*,*,#11689,.T.);
#11758=EDGE_CURVE('',#11731,#11680,#11763,.T.);
#11763=LINE('',#11732,#11765);
#11765=VECTOR('',#11766,0.329955678841871);
#11766=DIRECTION('',(-0.577,0.577,0.577));
#11757=ORIENTED_EDGE('',*,*,#11758,.F.);
#11767=STYLED_ITEM('',(#34),#11768);
#11768=ADVANCED_FACE('',(#11774),#11769,.T.);
#11769=PLANE('',#11770);
#11770=AXIS2_PLACEMENT_3D('',#11771,#11772,#11773);
#11771=CARTESIAN_POINT('',(33.401,0.381,9.309));
#11772=DIRECTION('',(0.0,0.707,0.707));
#11773=DIRECTION('',(0.,0.,1.));
#11774=FACE_OUTER_BOUND('',#11775,.T.);
#11775=EDGE_LOOP('',(#11776,#11786,#11796,#11806));
#11779=CARTESIAN_POINT('',(32.639,0.381,9.309));
#11778=VERTEX_POINT('',#11779);
#11777=EDGE_CURVE('',#11778,#11729,#11782,.T.);
#11782=LINE('',#11779,#11784);
#11784=VECTOR('',#11785,0.762);
#11785=DIRECTION('',(1.0,0.0,0.0));
#11776=ORIENTED_EDGE('',*,*,#11777,.F.);
#11787=EDGE_CURVE('',#11700,#11778,#11792,.T.);
#11792=LINE('',#11701,#11794);
#11794=VECTOR('',#11795,0.329955678841871);
#11795=DIRECTION('',(-0.577,0.577,-0.577));
#11786=ORIENTED_EDGE('',*,*,#11787,.F.);
#11796=ORIENTED_EDGE('',*,*,#11699,.T.);
#11806=ORIENTED_EDGE('',*,*,#11738,.T.);
#11816=STYLED_ITEM('',(#34),#11817);
#11817=ADVANCED_FACE('',(#11823),#11818,.T.);
#11818=PLANE('',#11819);
#11819=AXIS2_PLACEMENT_3D('',#11820,#11821,#11822);
#11820=CARTESIAN_POINT('',(32.639,0.381,9.309));
#11821=DIRECTION('',(-0.707,0.0,0.707));
#11822=DIRECTION('',(0.,0.,1.));
#11823=FACE_OUTER_BOUND('',#11824,.T.);
#11824=EDGE_LOOP('',(#11825,#11835,#11845,#11855));
#11828=CARTESIAN_POINT('',(32.639,-0.381,9.309));
#11827=VERTEX_POINT('',#11828);
#11826=EDGE_CURVE('',#11827,#11778,#11831,.T.);
#11831=LINE('',#11828,#11833);
#11833=VECTOR('',#11834,0.762);
#11834=DIRECTION('',(0.0,1.0,0.0));
#11825=ORIENTED_EDGE('',*,*,#11826,.F.);
#11836=EDGE_CURVE('',#11682,#11827,#11841,.T.);
#11841=LINE('',#11683,#11843);
#11843=VECTOR('',#11844,0.329955678841871);
#11844=DIRECTION('',(-0.577,-0.577,-0.577));
#11835=ORIENTED_EDGE('',*,*,#11836,.F.);
#11845=ORIENTED_EDGE('',*,*,#11709,.T.);
#11855=ORIENTED_EDGE('',*,*,#11787,.T.);
#11865=STYLED_ITEM('',(#34),#11866);
#11866=ADVANCED_FACE('',(#11872),#11867,.T.);
#11867=PLANE('',#11868);
#11868=AXIS2_PLACEMENT_3D('',#11869,#11870,#11871);
#11869=CARTESIAN_POINT('',(32.639,-0.381,9.309));
#11870=DIRECTION('',(0.0,-0.707,0.707));
#11871=DIRECTION('',(0.,0.,1.));
#11872=FACE_OUTER_BOUND('',#11873,.T.);
#11873=EDGE_LOOP('',(#11874,#11884,#11894,#11904));
#11875=EDGE_CURVE('',#11731,#11827,#11880,.T.);
#11880=LINE('',#11732,#11882);
#11882=VECTOR('',#11883,0.762);
#11883=DIRECTION('',(-1.0,0.0,0.0));
#11874=ORIENTED_EDGE('',*,*,#11875,.F.);
#11884=ORIENTED_EDGE('',*,*,#11758,.T.);
#11894=ORIENTED_EDGE('',*,*,#11679,.T.);
#11904=ORIENTED_EDGE('',*,*,#11836,.T.);
#11914=STYLED_ITEM('',(#34),#11915);
#11915=ADVANCED_FACE('',(#11921),#11916,.T.);
#11916=PLANE('',#11917);
#11917=AXIS2_PLACEMENT_3D('',#11918,#11919,#11920);
#11918=CARTESIAN_POINT('',(33.401,-0.381,2.862));
#11919=DIRECTION('',(1.0,0.0,0.0));
#11920=DIRECTION('',(0.,0.,1.));
#11921=FACE_OUTER_BOUND('',#11922,.T.);
#11922=EDGE_LOOP('',(#11923,#11933,#11943,#11953));
#11926=CARTESIAN_POINT('',(33.401,0.381,2.862));
#11925=VERTEX_POINT('',#11926);
#11928=CARTESIAN_POINT('',(33.401,-0.381,2.862));
#11927=VERTEX_POINT('',#11928);
#11924=EDGE_CURVE('',#11925,#11927,#11929,.T.);
#11929=LINE('',#11926,#11931);
#11931=VECTOR('',#11932,0.762);
#11932=DIRECTION('',(0.0,-1.0,0.0));
#11923=ORIENTED_EDGE('',*,*,#11924,.F.);
#11934=EDGE_CURVE('',#11729,#11925,#11939,.T.);
#11939=LINE('',#11730,#11941);
#11941=VECTOR('',#11942,6.4473695284);
#11942=DIRECTION('',(0.0,0.0,-1.0));
#11933=ORIENTED_EDGE('',*,*,#11934,.F.);
#11943=ORIENTED_EDGE('',*,*,#11728,.T.);
#11954=EDGE_CURVE('',#11927,#11731,#11959,.T.);
#11959=LINE('',#11928,#11961);
#11961=VECTOR('',#11962,6.4473695284);
#11962=DIRECTION('',(0.0,0.0,1.0));
#11953=ORIENTED_EDGE('',*,*,#11954,.F.);
#11963=STYLED_ITEM('',(#34),#11964);
#11964=ADVANCED_FACE('',(#11970),#11965,.T.);
#11965=PLANE('',#11966);
#11966=AXIS2_PLACEMENT_3D('',#11967,#11968,#11969);
#11967=CARTESIAN_POINT('',(33.401,0.381,2.862));
#11968=DIRECTION('',(0.0,1.0,0.0));
#11969=DIRECTION('',(0.,0.,1.));
#11970=FACE_OUTER_BOUND('',#11971,.T.);
#11971=EDGE_LOOP('',(#11972,#11982,#11992,#12002));
#11975=CARTESIAN_POINT('',(32.639,0.381,2.862));
#11974=VERTEX_POINT('',#11975);
#11973=EDGE_CURVE('',#11974,#11925,#11978,.T.);
#11978=LINE('',#11975,#11980);
#11980=VECTOR('',#11981,0.762);
#11981=DIRECTION('',(1.0,0.0,0.0));
#11972=ORIENTED_EDGE('',*,*,#11973,.F.);
#11983=EDGE_CURVE('',#11778,#11974,#11988,.T.);
#11988=LINE('',#11779,#11990);
#11990=VECTOR('',#11991,6.4473695284);
#11991=DIRECTION('',(0.0,0.0,-1.0));
#11982=ORIENTED_EDGE('',*,*,#11983,.F.);
#11992=ORIENTED_EDGE('',*,*,#11777,.T.);
#12002=ORIENTED_EDGE('',*,*,#11934,.T.);
#12012=STYLED_ITEM('',(#34),#12013);
#12013=ADVANCED_FACE('',(#12019),#12014,.T.);
#12014=PLANE('',#12015);
#12015=AXIS2_PLACEMENT_3D('',#12016,#12017,#12018);
#12016=CARTESIAN_POINT('',(32.639,0.381,2.862));
#12017=DIRECTION('',(-1.0,0.0,0.0));
#12018=DIRECTION('',(0.,0.,1.));
#12019=FACE_OUTER_BOUND('',#12020,.T.);
#12020=EDGE_LOOP('',(#12021,#12031,#12041,#12051));
#12024=CARTESIAN_POINT('',(32.639,-0.381,2.862));
#12023=VERTEX_POINT('',#12024);
#12022=EDGE_CURVE('',#12023,#11974,#12027,.T.);
#12027=LINE('',#12024,#12029);
#12029=VECTOR('',#12030,0.762);
#12030=DIRECTION('',(0.0,1.0,0.0));
#12021=ORIENTED_EDGE('',*,*,#12022,.F.);
#12032=EDGE_CURVE('',#11827,#12023,#12037,.T.);
#12037=LINE('',#11828,#12039);
#12039=VECTOR('',#12040,6.4473695284);
#12040=DIRECTION('',(0.0,0.0,-1.0));
#12031=ORIENTED_EDGE('',*,*,#12032,.F.);
#12041=ORIENTED_EDGE('',*,*,#11826,.T.);
#12051=ORIENTED_EDGE('',*,*,#11983,.T.);
#12061=STYLED_ITEM('',(#34),#12062);
#12062=ADVANCED_FACE('',(#12068),#12063,.T.);
#12063=PLANE('',#12064);
#12064=AXIS2_PLACEMENT_3D('',#12065,#12066,#12067);
#12065=CARTESIAN_POINT('',(32.639,-0.381,2.862));
#12066=DIRECTION('',(0.0,-1.0,0.0));
#12067=DIRECTION('',(0.,0.,1.));
#12068=FACE_OUTER_BOUND('',#12069,.T.);
#12069=EDGE_LOOP('',(#12070,#12080,#12090,#12100));
#12071=EDGE_CURVE('',#11927,#12023,#12076,.T.);
#12076=LINE('',#11928,#12078);
#12078=VECTOR('',#12079,0.762);
#12079=DIRECTION('',(-1.0,0.0,0.0));
#12070=ORIENTED_EDGE('',*,*,#12071,.F.);
#12080=ORIENTED_EDGE('',*,*,#11954,.T.);
#12090=ORIENTED_EDGE('',*,*,#11875,.T.);
#12100=ORIENTED_EDGE('',*,*,#12032,.T.);
#12110=STYLED_ITEM('',(#34),#12111);
#12111=ADVANCED_FACE('',(#12117),#12112,.T.);
#12112=PLANE('',#12113);
#12113=AXIS2_PLACEMENT_3D('',#12114,#12115,#12116);
#12114=CARTESIAN_POINT('',(32.639,0.381,2.862));
#12115=DIRECTION('',(0.0,0.0,-1.0));
#12116=DIRECTION('',(0.,1.,0.));
#12117=FACE_OUTER_BOUND('',#12118,.T.);
#12118=EDGE_LOOP('',(#12119,#12129,#12139,#12149));
#12119=ORIENTED_EDGE('',*,*,#11973,.T.);
#12129=ORIENTED_EDGE('',*,*,#11924,.T.);
#12139=ORIENTED_EDGE('',*,*,#12071,.T.);
#12149=ORIENTED_EDGE('',*,*,#12022,.T.);
#12159=STYLED_ITEM('',(#34),#12160);
#12160=ADVANCED_FACE('',(#12166),#12161,.T.);
#12161=PLANE('',#12162);
#12162=AXIS2_PLACEMENT_3D('',#12163,#12164,#12165);
#12163=CARTESIAN_POINT('',(32.639,-0.381,0.0));
#12164=DIRECTION('',(0.0,0.0,1.0));
#12165=DIRECTION('',(0.,1.,0.));
#12166=FACE_OUTER_BOUND('',#12167,.T.);
#12167=EDGE_LOOP('',(#12168,#12178,#12188,#12198));
#12171=CARTESIAN_POINT('',(33.401,-0.381,0.0));
#12170=VERTEX_POINT('',#12171);
#12173=CARTESIAN_POINT('',(32.639,-0.381,0.0));
#12172=VERTEX_POINT('',#12173);
#12169=EDGE_CURVE('',#12170,#12172,#12174,.T.);
#12174=LINE('',#12171,#12176);
#12176=VECTOR('',#12177,0.762);
#12177=DIRECTION('',(-1.0,0.0,0.0));
#12168=ORIENTED_EDGE('',*,*,#12169,.F.);
#12181=CARTESIAN_POINT('',(33.401,0.381,0.0));
#12180=VERTEX_POINT('',#12181);
#12179=EDGE_CURVE('',#12180,#12170,#12184,.T.);
#12184=LINE('',#12181,#12186);
#12186=VECTOR('',#12187,0.762);
#12187=DIRECTION('',(0.0,-1.0,0.0));
#12178=ORIENTED_EDGE('',*,*,#12179,.F.);
#12191=CARTESIAN_POINT('',(32.639,0.381,0.0));
#12190=VERTEX_POINT('',#12191);
#12189=EDGE_CURVE('',#12190,#12180,#12194,.T.);
#12194=LINE('',#12191,#12196);
#12196=VECTOR('',#12197,0.762);
#12197=DIRECTION('',(1.0,0.0,0.0));
#12188=ORIENTED_EDGE('',*,*,#12189,.F.);
#12199=EDGE_CURVE('',#12172,#12190,#12204,.T.);
#12204=LINE('',#12173,#12206);
#12206=VECTOR('',#12207,0.762);
#12207=DIRECTION('',(0.0,1.0,0.0));
#12198=ORIENTED_EDGE('',*,*,#12199,.F.);
#12208=STYLED_ITEM('',(#34),#12209);
#12209=ADVANCED_FACE('',(#12215),#12210,.T.);
#12210=PLANE('',#12211);
#12211=AXIS2_PLACEMENT_3D('',#12212,#12213,#12214);
#12212=CARTESIAN_POINT('',(33.401,-0.381,-4.89));
#12213=DIRECTION('',(1.0,0.0,0.0));
#12214=DIRECTION('',(0.,0.,1.));
#12215=FACE_OUTER_BOUND('',#12216,.T.);
#12216=EDGE_LOOP('',(#12217,#12227,#12237,#12247));
#12220=CARTESIAN_POINT('',(33.401,0.381,-4.89));
#12219=VERTEX_POINT('',#12220);
#12222=CARTESIAN_POINT('',(33.401,-0.381,-4.89));
#12221=VERTEX_POINT('',#12222);
#12218=EDGE_CURVE('',#12219,#12221,#12223,.T.);
#12223=LINE('',#12220,#12225);
#12225=VECTOR('',#12226,0.762);
#12226=DIRECTION('',(0.0,-1.0,0.0));
#12217=ORIENTED_EDGE('',*,*,#12218,.F.);
#12228=EDGE_CURVE('',#12180,#12219,#12233,.T.);
#12233=LINE('',#12181,#12235);
#12235=VECTOR('',#12236,4.8895);
#12236=DIRECTION('',(0.0,0.0,-1.0));
#12227=ORIENTED_EDGE('',*,*,#12228,.F.);
#12237=ORIENTED_EDGE('',*,*,#12179,.T.);
#12248=EDGE_CURVE('',#12221,#12170,#12253,.T.);
#12253=LINE('',#12222,#12255);
#12255=VECTOR('',#12256,4.8895);
#12256=DIRECTION('',(0.0,0.0,1.0));
#12247=ORIENTED_EDGE('',*,*,#12248,.F.);
#12257=STYLED_ITEM('',(#34),#12258);
#12258=ADVANCED_FACE('',(#12264),#12259,.T.);
#12259=PLANE('',#12260);
#12260=AXIS2_PLACEMENT_3D('',#12261,#12262,#12263);
#12261=CARTESIAN_POINT('',(33.401,0.381,-4.89));
#12262=DIRECTION('',(0.0,1.0,0.0));
#12263=DIRECTION('',(0.,0.,1.));
#12264=FACE_OUTER_BOUND('',#12265,.T.);
#12265=EDGE_LOOP('',(#12266,#12276,#12286,#12296));
#12269=CARTESIAN_POINT('',(32.639,0.381,-4.89));
#12268=VERTEX_POINT('',#12269);
#12267=EDGE_CURVE('',#12268,#12219,#12272,.T.);
#12272=LINE('',#12269,#12274);
#12274=VECTOR('',#12275,0.762);
#12275=DIRECTION('',(1.0,0.0,0.0));
#12266=ORIENTED_EDGE('',*,*,#12267,.F.);
#12277=EDGE_CURVE('',#12190,#12268,#12282,.T.);
#12282=LINE('',#12191,#12284);
#12284=VECTOR('',#12285,4.8895);
#12285=DIRECTION('',(0.0,0.0,-1.0));
#12276=ORIENTED_EDGE('',*,*,#12277,.F.);
#12286=ORIENTED_EDGE('',*,*,#12189,.T.);
#12296=ORIENTED_EDGE('',*,*,#12228,.T.);
#12306=STYLED_ITEM('',(#34),#12307);
#12307=ADVANCED_FACE('',(#12313),#12308,.T.);
#12308=PLANE('',#12309);
#12309=AXIS2_PLACEMENT_3D('',#12310,#12311,#12312);
#12310=CARTESIAN_POINT('',(32.639,0.381,-4.89));
#12311=DIRECTION('',(-1.0,0.0,0.0));
#12312=DIRECTION('',(0.,0.,1.));
#12313=FACE_OUTER_BOUND('',#12314,.T.);
#12314=EDGE_LOOP('',(#12315,#12325,#12335,#12345));
#12318=CARTESIAN_POINT('',(32.639,-0.381,-4.89));
#12317=VERTEX_POINT('',#12318);
#12316=EDGE_CURVE('',#12317,#12268,#12321,.T.);
#12321=LINE('',#12318,#12323);
#12323=VECTOR('',#12324,0.762);
#12324=DIRECTION('',(0.0,1.0,0.0));
#12315=ORIENTED_EDGE('',*,*,#12316,.F.);
#12326=EDGE_CURVE('',#12172,#12317,#12331,.T.);
#12331=LINE('',#12173,#12333);
#12333=VECTOR('',#12334,4.8895);
#12334=DIRECTION('',(0.0,0.0,-1.0));
#12325=ORIENTED_EDGE('',*,*,#12326,.F.);
#12335=ORIENTED_EDGE('',*,*,#12199,.T.);
#12345=ORIENTED_EDGE('',*,*,#12277,.T.);
#12355=STYLED_ITEM('',(#34),#12356);
#12356=ADVANCED_FACE('',(#12362),#12357,.T.);
#12357=PLANE('',#12358);
#12358=AXIS2_PLACEMENT_3D('',#12359,#12360,#12361);
#12359=CARTESIAN_POINT('',(32.639,-0.381,-4.89));
#12360=DIRECTION('',(0.0,-1.0,0.0));
#12361=DIRECTION('',(0.,0.,1.));
#12362=FACE_OUTER_BOUND('',#12363,.T.);
#12363=EDGE_LOOP('',(#12364,#12374,#12384,#12394));
#12365=EDGE_CURVE('',#12221,#12317,#12370,.T.);
#12370=LINE('',#12222,#12372);
#12372=VECTOR('',#12373,0.762);
#12373=DIRECTION('',(-1.0,0.0,0.0));
#12364=ORIENTED_EDGE('',*,*,#12365,.F.);
#12374=ORIENTED_EDGE('',*,*,#12248,.T.);
#12384=ORIENTED_EDGE('',*,*,#12169,.T.);
#12394=ORIENTED_EDGE('',*,*,#12326,.T.);
#12404=STYLED_ITEM('',(#34),#12405);
#12405=ADVANCED_FACE('',(#12411),#12406,.T.);
#12406=PLANE('',#12407);
#12407=AXIS2_PLACEMENT_3D('',#12408,#12409,#12410);
#12408=CARTESIAN_POINT('',(33.21,-0.19,-5.08));
#12409=DIRECTION('',(0.707,0.0,-0.707));
#12410=DIRECTION('',(0.,0.,1.));
#12411=FACE_OUTER_BOUND('',#12412,.T.);
#12412=EDGE_LOOP('',(#12413,#12423,#12433,#12443));
#12416=CARTESIAN_POINT('',(33.21,0.19,-5.08));
#12415=VERTEX_POINT('',#12416);
#12418=CARTESIAN_POINT('',(33.21,-0.19,-5.08));
#12417=VERTEX_POINT('',#12418);
#12414=EDGE_CURVE('',#12415,#12417,#12419,.T.);
#12419=LINE('',#12416,#12421);
#12421=VECTOR('',#12422,0.381);
#12422=DIRECTION('',(0.0,-1.0,0.0));
#12413=ORIENTED_EDGE('',*,*,#12414,.F.);
#12424=EDGE_CURVE('',#12219,#12415,#12429,.T.);
#12429=LINE('',#12220,#12431);
#12431=VECTOR('',#12432,0.329955678841871);
#12432=DIRECTION('',(-0.577,-0.577,-0.577));
#12423=ORIENTED_EDGE('',*,*,#12424,.F.);
#12433=ORIENTED_EDGE('',*,*,#12218,.T.);
#12444=EDGE_CURVE('',#12417,#12221,#12449,.T.);
#12449=LINE('',#12418,#12451);
#12451=VECTOR('',#12452,0.329955678841871);
#12452=DIRECTION('',(0.577,-0.577,0.577));
#12443=ORIENTED_EDGE('',*,*,#12444,.F.);
#12453=STYLED_ITEM('',(#34),#12454);
#12454=ADVANCED_FACE('',(#12460),#12455,.T.);
#12455=PLANE('',#12456);
#12456=AXIS2_PLACEMENT_3D('',#12457,#12458,#12459);
#12457=CARTESIAN_POINT('',(33.21,0.19,-5.08));
#12458=DIRECTION('',(0.0,0.707,-0.707));
#12459=DIRECTION('',(0.,0.,1.));
#12460=FACE_OUTER_BOUND('',#12461,.T.);
#12461=EDGE_LOOP('',(#12462,#12472,#12482,#12492));
#12465=CARTESIAN_POINT('',(32.829,0.19,-5.08));
#12464=VERTEX_POINT('',#12465);
#12463=EDGE_CURVE('',#12464,#12415,#12468,.T.);
#12468=LINE('',#12465,#12470);
#12470=VECTOR('',#12471,0.381);
#12471=DIRECTION('',(1.0,0.0,0.0));
#12462=ORIENTED_EDGE('',*,*,#12463,.F.);
#12473=EDGE_CURVE('',#12268,#12464,#12478,.T.);
#12478=LINE('',#12269,#12480);
#12480=VECTOR('',#12481,0.329955678841871);
#12481=DIRECTION('',(0.577,-0.577,-0.577));
#12472=ORIENTED_EDGE('',*,*,#12473,.F.);
#12482=ORIENTED_EDGE('',*,*,#12267,.T.);
#12492=ORIENTED_EDGE('',*,*,#12424,.T.);
#12502=STYLED_ITEM('',(#34),#12503);
#12503=ADVANCED_FACE('',(#12509),#12504,.T.);
#12504=PLANE('',#12505);
#12505=AXIS2_PLACEMENT_3D('',#12506,#12507,#12508);
#12506=CARTESIAN_POINT('',(32.829,0.19,-5.08));
#12507=DIRECTION('',(-0.707,0.0,-0.707));
#12508=DIRECTION('',(0.,0.,1.));
#12509=FACE_OUTER_BOUND('',#12510,.T.);
#12510=EDGE_LOOP('',(#12511,#12521,#12531,#12541));
#12514=CARTESIAN_POINT('',(32.829,-0.19,-5.08));
#12513=VERTEX_POINT('',#12514);
#12512=EDGE_CURVE('',#12513,#12464,#12517,.T.);
#12517=LINE('',#12514,#12519);
#12519=VECTOR('',#12520,0.381);
#12520=DIRECTION('',(0.0,1.0,0.0));
#12511=ORIENTED_EDGE('',*,*,#12512,.F.);
#12522=EDGE_CURVE('',#12317,#12513,#12527,.T.);
#12527=LINE('',#12318,#12529);
#12529=VECTOR('',#12530,0.329955678841871);
#12530=DIRECTION('',(0.577,0.577,-0.577));
#12521=ORIENTED_EDGE('',*,*,#12522,.F.);
#12531=ORIENTED_EDGE('',*,*,#12316,.T.);
#12541=ORIENTED_EDGE('',*,*,#12473,.T.);
#12551=STYLED_ITEM('',(#34),#12552);
#12552=ADVANCED_FACE('',(#12558),#12553,.T.);
#12553=PLANE('',#12554);
#12554=AXIS2_PLACEMENT_3D('',#12555,#12556,#12557);
#12555=CARTESIAN_POINT('',(32.829,-0.19,-5.08));
#12556=DIRECTION('',(0.0,-0.707,-0.707));
#12557=DIRECTION('',(0.,0.,1.));
#12558=FACE_OUTER_BOUND('',#12559,.T.);
#12559=EDGE_LOOP('',(#12560,#12570,#12580,#12590));
#12561=EDGE_CURVE('',#12417,#12513,#12566,.T.);
#12566=LINE('',#12418,#12568);
#12568=VECTOR('',#12569,0.381);
#12569=DIRECTION('',(-1.0,0.0,0.0));
#12560=ORIENTED_EDGE('',*,*,#12561,.F.);
#12570=ORIENTED_EDGE('',*,*,#12444,.T.);
#12580=ORIENTED_EDGE('',*,*,#12365,.T.);
#12590=ORIENTED_EDGE('',*,*,#12522,.T.);
#12600=STYLED_ITEM('',(#34),#12601);
#12601=ADVANCED_FACE('',(#12607),#12602,.T.);
#12602=PLANE('',#12603);
#12603=AXIS2_PLACEMENT_3D('',#12604,#12605,#12606);
#12604=CARTESIAN_POINT('',(32.829,0.19,-5.08));
#12605=DIRECTION('',(0.0,0.0,-1.0));
#12606=DIRECTION('',(0.,1.,0.));
#12607=FACE_OUTER_BOUND('',#12608,.T.);
#12608=EDGE_LOOP('',(#12609,#12619,#12629,#12639));
#12609=ORIENTED_EDGE('',*,*,#12463,.T.);
#12619=ORIENTED_EDGE('',*,*,#12414,.T.);
#12629=ORIENTED_EDGE('',*,*,#12561,.T.);
#12639=ORIENTED_EDGE('',*,*,#12512,.T.);
#12649=MANIFOLD_SOLID_BREP($,#12650);
#12650=CLOSED_SHELL('',(#12654,#12703,#12752,#12801,#12850,#12899,#12948,#12997,#13046,#13095));
#12651=MANIFOLD_SOLID_BREP($,#12652);
#12652=CLOSED_SHELL('',(#13144,#13193,#13242,#13291,#13340,#13389,#13438,#13487,#13536,#13585));
#12653=STYLED_ITEM('',(#34),#12654);
#12654=ADVANCED_FACE('',(#12660),#12655,.T.);
#12655=PLANE('',#12656);
#12656=AXIS2_PLACEMENT_3D('',#12657,#12658,#12659);
#12657=CARTESIAN_POINT('',(30.29,-0.19,9.5));
#12658=DIRECTION('',(0.0,0.0,1.0));
#12659=DIRECTION('',(0.,1.,0.));
#12660=FACE_OUTER_BOUND('',#12661,.T.);
#12661=EDGE_LOOP('',(#12662,#12672,#12682,#12692));
#12665=CARTESIAN_POINT('',(30.67,-0.19,9.5));
#12664=VERTEX_POINT('',#12665);
#12667=CARTESIAN_POINT('',(30.29,-0.19,9.5));
#12666=VERTEX_POINT('',#12667);
#12663=EDGE_CURVE('',#12664,#12666,#12668,.T.);
#12668=LINE('',#12665,#12670);
#12670=VECTOR('',#12671,0.381);
#12671=DIRECTION('',(-1.0,0.0,0.0));
#12662=ORIENTED_EDGE('',*,*,#12663,.F.);
#12675=CARTESIAN_POINT('',(30.67,0.19,9.5));
#12674=VERTEX_POINT('',#12675);
#12673=EDGE_CURVE('',#12674,#12664,#12678,.T.);
#12678=LINE('',#12675,#12680);
#12680=VECTOR('',#12681,0.381);
#12681=DIRECTION('',(0.0,-1.0,0.0));
#12672=ORIENTED_EDGE('',*,*,#12673,.F.);
#12685=CARTESIAN_POINT('',(30.29,0.19,9.5));
#12684=VERTEX_POINT('',#12685);
#12683=EDGE_CURVE('',#12684,#12674,#12688,.T.);
#12688=LINE('',#12685,#12690);
#12690=VECTOR('',#12691,0.381);
#12691=DIRECTION('',(1.0,0.0,0.0));
#12682=ORIENTED_EDGE('',*,*,#12683,.F.);
#12693=EDGE_CURVE('',#12666,#12684,#12698,.T.);
#12698=LINE('',#12667,#12700);
#12700=VECTOR('',#12701,0.381);
#12701=DIRECTION('',(0.0,1.0,0.0));
#12692=ORIENTED_EDGE('',*,*,#12693,.F.);
#12702=STYLED_ITEM('',(#34),#12703);
#12703=ADVANCED_FACE('',(#12709),#12704,.T.);
#12704=PLANE('',#12705);
#12705=AXIS2_PLACEMENT_3D('',#12706,#12707,#12708);
#12706=CARTESIAN_POINT('',(30.861,-0.381,9.309));
#12707=DIRECTION('',(0.707,0.0,0.707));
#12708=DIRECTION('',(0.,0.,1.));
#12709=FACE_OUTER_BOUND('',#12710,.T.);
#12710=EDGE_LOOP('',(#12711,#12721,#12731,#12741));
#12714=CARTESIAN_POINT('',(30.861,0.381,9.309));
#12713=VERTEX_POINT('',#12714);
#12716=CARTESIAN_POINT('',(30.861,-0.381,9.309));
#12715=VERTEX_POINT('',#12716);
#12712=EDGE_CURVE('',#12713,#12715,#12717,.T.);
#12717=LINE('',#12714,#12719);
#12719=VECTOR('',#12720,0.762);
#12720=DIRECTION('',(0.0,-1.0,0.0));
#12711=ORIENTED_EDGE('',*,*,#12712,.F.);
#12722=EDGE_CURVE('',#12674,#12713,#12727,.T.);
#12727=LINE('',#12675,#12729);
#12729=VECTOR('',#12730,0.329955678841871);
#12730=DIRECTION('',(0.577,0.577,-0.577));
#12721=ORIENTED_EDGE('',*,*,#12722,.F.);
#12731=ORIENTED_EDGE('',*,*,#12673,.T.);
#12742=EDGE_CURVE('',#12715,#12664,#12747,.T.);
#12747=LINE('',#12716,#12749);
#12749=VECTOR('',#12750,0.329955678841871);
#12750=DIRECTION('',(-0.577,0.577,0.577));
#12741=ORIENTED_EDGE('',*,*,#12742,.F.);
#12751=STYLED_ITEM('',(#34),#12752);
#12752=ADVANCED_FACE('',(#12758),#12753,.T.);
#12753=PLANE('',#12754);
#12754=AXIS2_PLACEMENT_3D('',#12755,#12756,#12757);
#12755=CARTESIAN_POINT('',(30.861,0.381,9.309));
#12756=DIRECTION('',(0.0,0.707,0.707));
#12757=DIRECTION('',(0.,0.,1.));
#12758=FACE_OUTER_BOUND('',#12759,.T.);
#12759=EDGE_LOOP('',(#12760,#12770,#12780,#12790));
#12763=CARTESIAN_POINT('',(30.099,0.381,9.309));
#12762=VERTEX_POINT('',#12763);
#12761=EDGE_CURVE('',#12762,#12713,#12766,.T.);
#12766=LINE('',#12763,#12768);
#12768=VECTOR('',#12769,0.762);
#12769=DIRECTION('',(1.0,0.0,0.0));
#12760=ORIENTED_EDGE('',*,*,#12761,.F.);
#12771=EDGE_CURVE('',#12684,#12762,#12776,.T.);
#12776=LINE('',#12685,#12778);
#12778=VECTOR('',#12779,0.329955678841871);
#12779=DIRECTION('',(-0.577,0.577,-0.577));
#12770=ORIENTED_EDGE('',*,*,#12771,.F.);
#12780=ORIENTED_EDGE('',*,*,#12683,.T.);
#12790=ORIENTED_EDGE('',*,*,#12722,.T.);
#12800=STYLED_ITEM('',(#34),#12801);
#12801=ADVANCED_FACE('',(#12807),#12802,.T.);
#12802=PLANE('',#12803);
#12803=AXIS2_PLACEMENT_3D('',#12804,#12805,#12806);
#12804=CARTESIAN_POINT('',(30.099,0.381,9.309));
#12805=DIRECTION('',(-0.707,0.0,0.707));
#12806=DIRECTION('',(0.,0.,1.));
#12807=FACE_OUTER_BOUND('',#12808,.T.);
#12808=EDGE_LOOP('',(#12809,#12819,#12829,#12839));
#12812=CARTESIAN_POINT('',(30.099,-0.381,9.309));
#12811=VERTEX_POINT('',#12812);
#12810=EDGE_CURVE('',#12811,#12762,#12815,.T.);
#12815=LINE('',#12812,#12817);
#12817=VECTOR('',#12818,0.762);
#12818=DIRECTION('',(0.0,1.0,0.0));
#12809=ORIENTED_EDGE('',*,*,#12810,.F.);
#12820=EDGE_CURVE('',#12666,#12811,#12825,.T.);
#12825=LINE('',#12667,#12827);
#12827=VECTOR('',#12828,0.329955678841871);
#12828=DIRECTION('',(-0.577,-0.577,-0.577));
#12819=ORIENTED_EDGE('',*,*,#12820,.F.);
#12829=ORIENTED_EDGE('',*,*,#12693,.T.);
#12839=ORIENTED_EDGE('',*,*,#12771,.T.);
#12849=STYLED_ITEM('',(#34),#12850);
#12850=ADVANCED_FACE('',(#12856),#12851,.T.);
#12851=PLANE('',#12852);
#12852=AXIS2_PLACEMENT_3D('',#12853,#12854,#12855);
#12853=CARTESIAN_POINT('',(30.099,-0.381,9.309));
#12854=DIRECTION('',(0.0,-0.707,0.707));
#12855=DIRECTION('',(0.,0.,1.));
#12856=FACE_OUTER_BOUND('',#12857,.T.);
#12857=EDGE_LOOP('',(#12858,#12868,#12878,#12888));
#12859=EDGE_CURVE('',#12715,#12811,#12864,.T.);
#12864=LINE('',#12716,#12866);
#12866=VECTOR('',#12867,0.762);
#12867=DIRECTION('',(-1.0,0.0,0.0));
#12858=ORIENTED_EDGE('',*,*,#12859,.F.);
#12868=ORIENTED_EDGE('',*,*,#12742,.T.);
#12878=ORIENTED_EDGE('',*,*,#12663,.T.);
#12888=ORIENTED_EDGE('',*,*,#12820,.T.);
#12898=STYLED_ITEM('',(#34),#12899);
#12899=ADVANCED_FACE('',(#12905),#12900,.T.);
#12900=PLANE('',#12901);
#12901=AXIS2_PLACEMENT_3D('',#12902,#12903,#12904);
#12902=CARTESIAN_POINT('',(30.861,-0.381,2.862));
#12903=DIRECTION('',(1.0,0.0,0.0));
#12904=DIRECTION('',(0.,0.,1.));
#12905=FACE_OUTER_BOUND('',#12906,.T.);
#12906=EDGE_LOOP('',(#12907,#12917,#12927,#12937));
#12910=CARTESIAN_POINT('',(30.861,0.381,2.862));
#12909=VERTEX_POINT('',#12910);
#12912=CARTESIAN_POINT('',(30.861,-0.381,2.862));
#12911=VERTEX_POINT('',#12912);
#12908=EDGE_CURVE('',#12909,#12911,#12913,.T.);
#12913=LINE('',#12910,#12915);
#12915=VECTOR('',#12916,0.762);
#12916=DIRECTION('',(0.0,-1.0,0.0));
#12907=ORIENTED_EDGE('',*,*,#12908,.F.);
#12918=EDGE_CURVE('',#12713,#12909,#12923,.T.);
#12923=LINE('',#12714,#12925);
#12925=VECTOR('',#12926,6.4473695284);
#12926=DIRECTION('',(0.0,0.0,-1.0));
#12917=ORIENTED_EDGE('',*,*,#12918,.F.);
#12927=ORIENTED_EDGE('',*,*,#12712,.T.);
#12938=EDGE_CURVE('',#12911,#12715,#12943,.T.);
#12943=LINE('',#12912,#12945);
#12945=VECTOR('',#12946,6.4473695284);
#12946=DIRECTION('',(0.0,0.0,1.0));
#12937=ORIENTED_EDGE('',*,*,#12938,.F.);
#12947=STYLED_ITEM('',(#34),#12948);
#12948=ADVANCED_FACE('',(#12954),#12949,.T.);
#12949=PLANE('',#12950);
#12950=AXIS2_PLACEMENT_3D('',#12951,#12952,#12953);
#12951=CARTESIAN_POINT('',(30.861,0.381,2.862));
#12952=DIRECTION('',(0.0,1.0,0.0));
#12953=DIRECTION('',(0.,0.,1.));
#12954=FACE_OUTER_BOUND('',#12955,.T.);
#12955=EDGE_LOOP('',(#12956,#12966,#12976,#12986));
#12959=CARTESIAN_POINT('',(30.099,0.381,2.862));
#12958=VERTEX_POINT('',#12959);
#12957=EDGE_CURVE('',#12958,#12909,#12962,.T.);
#12962=LINE('',#12959,#12964);
#12964=VECTOR('',#12965,0.762);
#12965=DIRECTION('',(1.0,0.0,0.0));
#12956=ORIENTED_EDGE('',*,*,#12957,.F.);
#12967=EDGE_CURVE('',#12762,#12958,#12972,.T.);
#12972=LINE('',#12763,#12974);
#12974=VECTOR('',#12975,6.4473695284);
#12975=DIRECTION('',(0.0,0.0,-1.0));
#12966=ORIENTED_EDGE('',*,*,#12967,.F.);
#12976=ORIENTED_EDGE('',*,*,#12761,.T.);
#12986=ORIENTED_EDGE('',*,*,#12918,.T.);
#12996=STYLED_ITEM('',(#34),#12997);
#12997=ADVANCED_FACE('',(#13003),#12998,.T.);
#12998=PLANE('',#12999);
#12999=AXIS2_PLACEMENT_3D('',#13000,#13001,#13002);
#13000=CARTESIAN_POINT('',(30.099,0.381,2.862));
#13001=DIRECTION('',(-1.0,0.0,0.0));
#13002=DIRECTION('',(0.,0.,1.));
#13003=FACE_OUTER_BOUND('',#13004,.T.);
#13004=EDGE_LOOP('',(#13005,#13015,#13025,#13035));
#13008=CARTESIAN_POINT('',(30.099,-0.381,2.862));
#13007=VERTEX_POINT('',#13008);
#13006=EDGE_CURVE('',#13007,#12958,#13011,.T.);
#13011=LINE('',#13008,#13013);
#13013=VECTOR('',#13014,0.762);
#13014=DIRECTION('',(0.0,1.0,0.0));
#13005=ORIENTED_EDGE('',*,*,#13006,.F.);
#13016=EDGE_CURVE('',#12811,#13007,#13021,.T.);
#13021=LINE('',#12812,#13023);
#13023=VECTOR('',#13024,6.4473695284);
#13024=DIRECTION('',(0.0,0.0,-1.0));
#13015=ORIENTED_EDGE('',*,*,#13016,.F.);
#13025=ORIENTED_EDGE('',*,*,#12810,.T.);
#13035=ORIENTED_EDGE('',*,*,#12967,.T.);
#13045=STYLED_ITEM('',(#34),#13046);
#13046=ADVANCED_FACE('',(#13052),#13047,.T.);
#13047=PLANE('',#13048);
#13048=AXIS2_PLACEMENT_3D('',#13049,#13050,#13051);
#13049=CARTESIAN_POINT('',(30.099,-0.381,2.862));
#13050=DIRECTION('',(0.0,-1.0,0.0));
#13051=DIRECTION('',(0.,0.,1.));
#13052=FACE_OUTER_BOUND('',#13053,.T.);
#13053=EDGE_LOOP('',(#13054,#13064,#13074,#13084));
#13055=EDGE_CURVE('',#12911,#13007,#13060,.T.);
#13060=LINE('',#12912,#13062);
#13062=VECTOR('',#13063,0.762);
#13063=DIRECTION('',(-1.0,0.0,0.0));
#13054=ORIENTED_EDGE('',*,*,#13055,.F.);
#13064=ORIENTED_EDGE('',*,*,#12938,.T.);
#13074=ORIENTED_EDGE('',*,*,#12859,.T.);
#13084=ORIENTED_EDGE('',*,*,#13016,.T.);
#13094=STYLED_ITEM('',(#34),#13095);
#13095=ADVANCED_FACE('',(#13101),#13096,.T.);
#13096=PLANE('',#13097);
#13097=AXIS2_PLACEMENT_3D('',#13098,#13099,#13100);
#13098=CARTESIAN_POINT('',(30.099,0.381,2.862));
#13099=DIRECTION('',(0.0,0.0,-1.0));
#13100=DIRECTION('',(0.,1.,0.));
#13101=FACE_OUTER_BOUND('',#13102,.T.);
#13102=EDGE_LOOP('',(#13103,#13113,#13123,#13133));
#13103=ORIENTED_EDGE('',*,*,#12957,.T.);
#13113=ORIENTED_EDGE('',*,*,#12908,.T.);
#13123=ORIENTED_EDGE('',*,*,#13055,.T.);
#13133=ORIENTED_EDGE('',*,*,#13006,.T.);
#13143=STYLED_ITEM('',(#34),#13144);
#13144=ADVANCED_FACE('',(#13150),#13145,.T.);
#13145=PLANE('',#13146);
#13146=AXIS2_PLACEMENT_3D('',#13147,#13148,#13149);
#13147=CARTESIAN_POINT('',(30.099,-0.381,0.0));
#13148=DIRECTION('',(0.0,0.0,1.0));
#13149=DIRECTION('',(0.,1.,0.));
#13150=FACE_OUTER_BOUND('',#13151,.T.);
#13151=EDGE_LOOP('',(#13152,#13162,#13172,#13182));
#13155=CARTESIAN_POINT('',(30.861,-0.381,0.0));
#13154=VERTEX_POINT('',#13155);
#13157=CARTESIAN_POINT('',(30.099,-0.381,0.0));
#13156=VERTEX_POINT('',#13157);
#13153=EDGE_CURVE('',#13154,#13156,#13158,.T.);
#13158=LINE('',#13155,#13160);
#13160=VECTOR('',#13161,0.762);
#13161=DIRECTION('',(-1.0,0.0,0.0));
#13152=ORIENTED_EDGE('',*,*,#13153,.F.);
#13165=CARTESIAN_POINT('',(30.861,0.381,0.0));
#13164=VERTEX_POINT('',#13165);
#13163=EDGE_CURVE('',#13164,#13154,#13168,.T.);
#13168=LINE('',#13165,#13170);
#13170=VECTOR('',#13171,0.762);
#13171=DIRECTION('',(0.0,-1.0,0.0));
#13162=ORIENTED_EDGE('',*,*,#13163,.F.);
#13175=CARTESIAN_POINT('',(30.099,0.381,0.0));
#13174=VERTEX_POINT('',#13175);
#13173=EDGE_CURVE('',#13174,#13164,#13178,.T.);
#13178=LINE('',#13175,#13180);
#13180=VECTOR('',#13181,0.762);
#13181=DIRECTION('',(1.0,0.0,0.0));
#13172=ORIENTED_EDGE('',*,*,#13173,.F.);
#13183=EDGE_CURVE('',#13156,#13174,#13188,.T.);
#13188=LINE('',#13157,#13190);
#13190=VECTOR('',#13191,0.762);
#13191=DIRECTION('',(0.0,1.0,0.0));
#13182=ORIENTED_EDGE('',*,*,#13183,.F.);
#13192=STYLED_ITEM('',(#34),#13193);
#13193=ADVANCED_FACE('',(#13199),#13194,.T.);
#13194=PLANE('',#13195);
#13195=AXIS2_PLACEMENT_3D('',#13196,#13197,#13198);
#13196=CARTESIAN_POINT('',(30.861,-0.381,-4.89));
#13197=DIRECTION('',(1.0,0.0,0.0));
#13198=DIRECTION('',(0.,0.,1.));
#13199=FACE_OUTER_BOUND('',#13200,.T.);
#13200=EDGE_LOOP('',(#13201,#13211,#13221,#13231));
#13204=CARTESIAN_POINT('',(30.861,0.381,-4.89));
#13203=VERTEX_POINT('',#13204);
#13206=CARTESIAN_POINT('',(30.861,-0.381,-4.89));
#13205=VERTEX_POINT('',#13206);
#13202=EDGE_CURVE('',#13203,#13205,#13207,.T.);
#13207=LINE('',#13204,#13209);
#13209=VECTOR('',#13210,0.762);
#13210=DIRECTION('',(0.0,-1.0,0.0));
#13201=ORIENTED_EDGE('',*,*,#13202,.F.);
#13212=EDGE_CURVE('',#13164,#13203,#13217,.T.);
#13217=LINE('',#13165,#13219);
#13219=VECTOR('',#13220,4.8895);
#13220=DIRECTION('',(0.0,0.0,-1.0));
#13211=ORIENTED_EDGE('',*,*,#13212,.F.);
#13221=ORIENTED_EDGE('',*,*,#13163,.T.);
#13232=EDGE_CURVE('',#13205,#13154,#13237,.T.);
#13237=LINE('',#13206,#13239);
#13239=VECTOR('',#13240,4.8895);
#13240=DIRECTION('',(0.0,0.0,1.0));
#13231=ORIENTED_EDGE('',*,*,#13232,.F.);
#13241=STYLED_ITEM('',(#34),#13242);
#13242=ADVANCED_FACE('',(#13248),#13243,.T.);
#13243=PLANE('',#13244);
#13244=AXIS2_PLACEMENT_3D('',#13245,#13246,#13247);
#13245=CARTESIAN_POINT('',(30.861,0.381,-4.89));
#13246=DIRECTION('',(0.0,1.0,0.0));
#13247=DIRECTION('',(0.,0.,1.));
#13248=FACE_OUTER_BOUND('',#13249,.T.);
#13249=EDGE_LOOP('',(#13250,#13260,#13270,#13280));
#13253=CARTESIAN_POINT('',(30.099,0.381,-4.89));
#13252=VERTEX_POINT('',#13253);
#13251=EDGE_CURVE('',#13252,#13203,#13256,.T.);
#13256=LINE('',#13253,#13258);
#13258=VECTOR('',#13259,0.762);
#13259=DIRECTION('',(1.0,0.0,0.0));
#13250=ORIENTED_EDGE('',*,*,#13251,.F.);
#13261=EDGE_CURVE('',#13174,#13252,#13266,.T.);
#13266=LINE('',#13175,#13268);
#13268=VECTOR('',#13269,4.8895);
#13269=DIRECTION('',(0.0,0.0,-1.0));
#13260=ORIENTED_EDGE('',*,*,#13261,.F.);
#13270=ORIENTED_EDGE('',*,*,#13173,.T.);
#13280=ORIENTED_EDGE('',*,*,#13212,.T.);
#13290=STYLED_ITEM('',(#34),#13291);
#13291=ADVANCED_FACE('',(#13297),#13292,.T.);
#13292=PLANE('',#13293);
#13293=AXIS2_PLACEMENT_3D('',#13294,#13295,#13296);
#13294=CARTESIAN_POINT('',(30.099,0.381,-4.89));
#13295=DIRECTION('',(-1.0,0.0,0.0));
#13296=DIRECTION('',(0.,0.,1.));
#13297=FACE_OUTER_BOUND('',#13298,.T.);
#13298=EDGE_LOOP('',(#13299,#13309,#13319,#13329));
#13302=CARTESIAN_POINT('',(30.099,-0.381,-4.89));
#13301=VERTEX_POINT('',#13302);
#13300=EDGE_CURVE('',#13301,#13252,#13305,.T.);
#13305=LINE('',#13302,#13307);
#13307=VECTOR('',#13308,0.762);
#13308=DIRECTION('',(0.0,1.0,0.0));
#13299=ORIENTED_EDGE('',*,*,#13300,.F.);
#13310=EDGE_CURVE('',#13156,#13301,#13315,.T.);
#13315=LINE('',#13157,#13317);
#13317=VECTOR('',#13318,4.8895);
#13318=DIRECTION('',(0.0,0.0,-1.0));
#13309=ORIENTED_EDGE('',*,*,#13310,.F.);
#13319=ORIENTED_EDGE('',*,*,#13183,.T.);
#13329=ORIENTED_EDGE('',*,*,#13261,.T.);
#13339=STYLED_ITEM('',(#34),#13340);
#13340=ADVANCED_FACE('',(#13346),#13341,.T.);
#13341=PLANE('',#13342);
#13342=AXIS2_PLACEMENT_3D('',#13343,#13344,#13345);
#13343=CARTESIAN_POINT('',(30.099,-0.381,-4.89));
#13344=DIRECTION('',(0.0,-1.0,0.0));
#13345=DIRECTION('',(0.,0.,1.));
#13346=FACE_OUTER_BOUND('',#13347,.T.);
#13347=EDGE_LOOP('',(#13348,#13358,#13368,#13378));
#13349=EDGE_CURVE('',#13205,#13301,#13354,.T.);
#13354=LINE('',#13206,#13356);
#13356=VECTOR('',#13357,0.762);
#13357=DIRECTION('',(-1.0,0.0,0.0));
#13348=ORIENTED_EDGE('',*,*,#13349,.F.);
#13358=ORIENTED_EDGE('',*,*,#13232,.T.);
#13368=ORIENTED_EDGE('',*,*,#13153,.T.);
#13378=ORIENTED_EDGE('',*,*,#13310,.T.);
#13388=STYLED_ITEM('',(#34),#13389);
#13389=ADVANCED_FACE('',(#13395),#13390,.T.);
#13390=PLANE('',#13391);
#13391=AXIS2_PLACEMENT_3D('',#13392,#13393,#13394);
#13392=CARTESIAN_POINT('',(30.67,-0.19,-5.08));
#13393=DIRECTION('',(0.707,0.0,-0.707));
#13394=DIRECTION('',(0.,0.,1.));
#13395=FACE_OUTER_BOUND('',#13396,.T.);
#13396=EDGE_LOOP('',(#13397,#13407,#13417,#13427));
#13400=CARTESIAN_POINT('',(30.67,0.19,-5.08));
#13399=VERTEX_POINT('',#13400);
#13402=CARTESIAN_POINT('',(30.67,-0.19,-5.08));
#13401=VERTEX_POINT('',#13402);
#13398=EDGE_CURVE('',#13399,#13401,#13403,.T.);
#13403=LINE('',#13400,#13405);
#13405=VECTOR('',#13406,0.381);
#13406=DIRECTION('',(0.0,-1.0,0.0));
#13397=ORIENTED_EDGE('',*,*,#13398,.F.);
#13408=EDGE_CURVE('',#13203,#13399,#13413,.T.);
#13413=LINE('',#13204,#13415);
#13415=VECTOR('',#13416,0.329955678841871);
#13416=DIRECTION('',(-0.577,-0.577,-0.577));
#13407=ORIENTED_EDGE('',*,*,#13408,.F.);
#13417=ORIENTED_EDGE('',*,*,#13202,.T.);
#13428=EDGE_CURVE('',#13401,#13205,#13433,.T.);
#13433=LINE('',#13402,#13435);
#13435=VECTOR('',#13436,0.329955678841871);
#13436=DIRECTION('',(0.577,-0.577,0.577));
#13427=ORIENTED_EDGE('',*,*,#13428,.F.);
#13437=STYLED_ITEM('',(#34),#13438);
#13438=ADVANCED_FACE('',(#13444),#13439,.T.);
#13439=PLANE('',#13440);
#13440=AXIS2_PLACEMENT_3D('',#13441,#13442,#13443);
#13441=CARTESIAN_POINT('',(30.67,0.19,-5.08));
#13442=DIRECTION('',(0.0,0.707,-0.707));
#13443=DIRECTION('',(0.,0.,1.));
#13444=FACE_OUTER_BOUND('',#13445,.T.);
#13445=EDGE_LOOP('',(#13446,#13456,#13466,#13476));
#13449=CARTESIAN_POINT('',(30.29,0.19,-5.08));
#13448=VERTEX_POINT('',#13449);
#13447=EDGE_CURVE('',#13448,#13399,#13452,.T.);
#13452=LINE('',#13449,#13454);
#13454=VECTOR('',#13455,0.381);
#13455=DIRECTION('',(1.0,0.0,0.0));
#13446=ORIENTED_EDGE('',*,*,#13447,.F.);
#13457=EDGE_CURVE('',#13252,#13448,#13462,.T.);
#13462=LINE('',#13253,#13464);
#13464=VECTOR('',#13465,0.329955678841871);
#13465=DIRECTION('',(0.577,-0.577,-0.577));
#13456=ORIENTED_EDGE('',*,*,#13457,.F.);
#13466=ORIENTED_EDGE('',*,*,#13251,.T.);
#13476=ORIENTED_EDGE('',*,*,#13408,.T.);
#13486=STYLED_ITEM('',(#34),#13487);
#13487=ADVANCED_FACE('',(#13493),#13488,.T.);
#13488=PLANE('',#13489);
#13489=AXIS2_PLACEMENT_3D('',#13490,#13491,#13492);
#13490=CARTESIAN_POINT('',(30.29,0.19,-5.08));
#13491=DIRECTION('',(-0.707,0.0,-0.707));
#13492=DIRECTION('',(0.,0.,1.));
#13493=FACE_OUTER_BOUND('',#13494,.T.);
#13494=EDGE_LOOP('',(#13495,#13505,#13515,#13525));
#13498=CARTESIAN_POINT('',(30.29,-0.19,-5.08));
#13497=VERTEX_POINT('',#13498);
#13496=EDGE_CURVE('',#13497,#13448,#13501,.T.);
#13501=LINE('',#13498,#13503);
#13503=VECTOR('',#13504,0.381);
#13504=DIRECTION('',(0.0,1.0,0.0));
#13495=ORIENTED_EDGE('',*,*,#13496,.F.);
#13506=EDGE_CURVE('',#13301,#13497,#13511,.T.);
#13511=LINE('',#13302,#13513);
#13513=VECTOR('',#13514,0.329955678841871);
#13514=DIRECTION('',(0.577,0.577,-0.577));
#13505=ORIENTED_EDGE('',*,*,#13506,.F.);
#13515=ORIENTED_EDGE('',*,*,#13300,.T.);
#13525=ORIENTED_EDGE('',*,*,#13457,.T.);
#13535=STYLED_ITEM('',(#34),#13536);
#13536=ADVANCED_FACE('',(#13542),#13537,.T.);
#13537=PLANE('',#13538);
#13538=AXIS2_PLACEMENT_3D('',#13539,#13540,#13541);
#13539=CARTESIAN_POINT('',(30.29,-0.19,-5.08));
#13540=DIRECTION('',(0.0,-0.707,-0.707));
#13541=DIRECTION('',(0.,0.,1.));
#13542=FACE_OUTER_BOUND('',#13543,.T.);
#13543=EDGE_LOOP('',(#13544,#13554,#13564,#13574));
#13545=EDGE_CURVE('',#13401,#13497,#13550,.T.);
#13550=LINE('',#13402,#13552);
#13552=VECTOR('',#13553,0.381);
#13553=DIRECTION('',(-1.0,0.0,0.0));
#13544=ORIENTED_EDGE('',*,*,#13545,.F.);
#13554=ORIENTED_EDGE('',*,*,#13428,.T.);
#13564=ORIENTED_EDGE('',*,*,#13349,.T.);
#13574=ORIENTED_EDGE('',*,*,#13506,.T.);
#13584=STYLED_ITEM('',(#34),#13585);
#13585=ADVANCED_FACE('',(#13591),#13586,.T.);
#13586=PLANE('',#13587);
#13587=AXIS2_PLACEMENT_3D('',#13588,#13589,#13590);
#13588=CARTESIAN_POINT('',(30.29,0.19,-5.08));
#13589=DIRECTION('',(0.0,0.0,-1.0));
#13590=DIRECTION('',(0.,1.,0.));
#13591=FACE_OUTER_BOUND('',#13592,.T.);
#13592=EDGE_LOOP('',(#13593,#13603,#13613,#13623));
#13593=ORIENTED_EDGE('',*,*,#13447,.T.);
#13603=ORIENTED_EDGE('',*,*,#13398,.T.);
#13613=ORIENTED_EDGE('',*,*,#13545,.T.);
#13623=ORIENTED_EDGE('',*,*,#13496,.T.);
#13633=MANIFOLD_SOLID_BREP($,#13634);
#13634=CLOSED_SHELL('',(#13638,#13687,#13736,#13785,#13834,#13883,#13932,#13981,#14030,#14079));
#13635=MANIFOLD_SOLID_BREP($,#13636);
#13636=CLOSED_SHELL('',(#14128,#14177,#14226,#14275,#14324,#14373,#14422,#14471,#14520,#14569));
#13637=STYLED_ITEM('',(#34),#13638);
#13638=ADVANCED_FACE('',(#13644),#13639,.T.);
#13639=PLANE('',#13640);
#13640=AXIS2_PLACEMENT_3D('',#13641,#13642,#13643);
#13641=CARTESIAN_POINT('',(27.749,-0.19,9.5));
#13642=DIRECTION('',(0.0,0.0,1.0));
#13643=DIRECTION('',(0.,1.,0.));
#13644=FACE_OUTER_BOUND('',#13645,.T.);
#13645=EDGE_LOOP('',(#13646,#13656,#13666,#13676));
#13649=CARTESIAN_POINT('',(28.13,-0.19,9.5));
#13648=VERTEX_POINT('',#13649);
#13651=CARTESIAN_POINT('',(27.749,-0.19,9.5));
#13650=VERTEX_POINT('',#13651);
#13647=EDGE_CURVE('',#13648,#13650,#13652,.T.);
#13652=LINE('',#13649,#13654);
#13654=VECTOR('',#13655,0.381);
#13655=DIRECTION('',(-1.0,0.0,0.0));
#13646=ORIENTED_EDGE('',*,*,#13647,.F.);
#13659=CARTESIAN_POINT('',(28.13,0.19,9.5));
#13658=VERTEX_POINT('',#13659);
#13657=EDGE_CURVE('',#13658,#13648,#13662,.T.);
#13662=LINE('',#13659,#13664);
#13664=VECTOR('',#13665,0.381);
#13665=DIRECTION('',(0.0,-1.0,0.0));
#13656=ORIENTED_EDGE('',*,*,#13657,.F.);
#13669=CARTESIAN_POINT('',(27.749,0.19,9.5));
#13668=VERTEX_POINT('',#13669);
#13667=EDGE_CURVE('',#13668,#13658,#13672,.T.);
#13672=LINE('',#13669,#13674);
#13674=VECTOR('',#13675,0.381);
#13675=DIRECTION('',(1.0,0.0,0.0));
#13666=ORIENTED_EDGE('',*,*,#13667,.F.);
#13677=EDGE_CURVE('',#13650,#13668,#13682,.T.);
#13682=LINE('',#13651,#13684);
#13684=VECTOR('',#13685,0.381);
#13685=DIRECTION('',(0.0,1.0,0.0));
#13676=ORIENTED_EDGE('',*,*,#13677,.F.);
#13686=STYLED_ITEM('',(#34),#13687);
#13687=ADVANCED_FACE('',(#13693),#13688,.T.);
#13688=PLANE('',#13689);
#13689=AXIS2_PLACEMENT_3D('',#13690,#13691,#13692);
#13690=CARTESIAN_POINT('',(28.321,-0.381,9.309));
#13691=DIRECTION('',(0.707,0.0,0.707));
#13692=DIRECTION('',(0.,0.,1.));
#13693=FACE_OUTER_BOUND('',#13694,.T.);
#13694=EDGE_LOOP('',(#13695,#13705,#13715,#13725));
#13698=CARTESIAN_POINT('',(28.321,0.381,9.309));
#13697=VERTEX_POINT('',#13698);
#13700=CARTESIAN_POINT('',(28.321,-0.381,9.309));
#13699=VERTEX_POINT('',#13700);
#13696=EDGE_CURVE('',#13697,#13699,#13701,.T.);
#13701=LINE('',#13698,#13703);
#13703=VECTOR('',#13704,0.762);
#13704=DIRECTION('',(0.0,-1.0,0.0));
#13695=ORIENTED_EDGE('',*,*,#13696,.F.);
#13706=EDGE_CURVE('',#13658,#13697,#13711,.T.);
#13711=LINE('',#13659,#13713);
#13713=VECTOR('',#13714,0.329955678841871);
#13714=DIRECTION('',(0.577,0.577,-0.577));
#13705=ORIENTED_EDGE('',*,*,#13706,.F.);
#13715=ORIENTED_EDGE('',*,*,#13657,.T.);
#13726=EDGE_CURVE('',#13699,#13648,#13731,.T.);
#13731=LINE('',#13700,#13733);
#13733=VECTOR('',#13734,0.329955678841871);
#13734=DIRECTION('',(-0.577,0.577,0.577));
#13725=ORIENTED_EDGE('',*,*,#13726,.F.);
#13735=STYLED_ITEM('',(#34),#13736);
#13736=ADVANCED_FACE('',(#13742),#13737,.T.);
#13737=PLANE('',#13738);
#13738=AXIS2_PLACEMENT_3D('',#13739,#13740,#13741);
#13739=CARTESIAN_POINT('',(28.321,0.381,9.309));
#13740=DIRECTION('',(0.0,0.707,0.707));
#13741=DIRECTION('',(0.,0.,1.));
#13742=FACE_OUTER_BOUND('',#13743,.T.);
#13743=EDGE_LOOP('',(#13744,#13754,#13764,#13774));
#13747=CARTESIAN_POINT('',(27.559,0.381,9.309));
#13746=VERTEX_POINT('',#13747);
#13745=EDGE_CURVE('',#13746,#13697,#13750,.T.);
#13750=LINE('',#13747,#13752);
#13752=VECTOR('',#13753,0.762);
#13753=DIRECTION('',(1.0,0.0,0.0));
#13744=ORIENTED_EDGE('',*,*,#13745,.F.);
#13755=EDGE_CURVE('',#13668,#13746,#13760,.T.);
#13760=LINE('',#13669,#13762);
#13762=VECTOR('',#13763,0.329955678841871);
#13763=DIRECTION('',(-0.577,0.577,-0.577));
#13754=ORIENTED_EDGE('',*,*,#13755,.F.);
#13764=ORIENTED_EDGE('',*,*,#13667,.T.);
#13774=ORIENTED_EDGE('',*,*,#13706,.T.);
#13784=STYLED_ITEM('',(#34),#13785);
#13785=ADVANCED_FACE('',(#13791),#13786,.T.);
#13786=PLANE('',#13787);
#13787=AXIS2_PLACEMENT_3D('',#13788,#13789,#13790);
#13788=CARTESIAN_POINT('',(27.559,0.381,9.309));
#13789=DIRECTION('',(-0.707,0.0,0.707));
#13790=DIRECTION('',(0.,0.,1.));
#13791=FACE_OUTER_BOUND('',#13792,.T.);
#13792=EDGE_LOOP('',(#13793,#13803,#13813,#13823));
#13796=CARTESIAN_POINT('',(27.559,-0.381,9.309));
#13795=VERTEX_POINT('',#13796);
#13794=EDGE_CURVE('',#13795,#13746,#13799,.T.);
#13799=LINE('',#13796,#13801);
#13801=VECTOR('',#13802,0.762);
#13802=DIRECTION('',(0.0,1.0,0.0));
#13793=ORIENTED_EDGE('',*,*,#13794,.F.);
#13804=EDGE_CURVE('',#13650,#13795,#13809,.T.);
#13809=LINE('',#13651,#13811);
#13811=VECTOR('',#13812,0.329955678841871);
#13812=DIRECTION('',(-0.577,-0.577,-0.577));
#13803=ORIENTED_EDGE('',*,*,#13804,.F.);
#13813=ORIENTED_EDGE('',*,*,#13677,.T.);
#13823=ORIENTED_EDGE('',*,*,#13755,.T.);
#13833=STYLED_ITEM('',(#34),#13834);
#13834=ADVANCED_FACE('',(#13840),#13835,.T.);
#13835=PLANE('',#13836);
#13836=AXIS2_PLACEMENT_3D('',#13837,#13838,#13839);
#13837=CARTESIAN_POINT('',(27.559,-0.381,9.309));
#13838=DIRECTION('',(0.0,-0.707,0.707));
#13839=DIRECTION('',(0.,0.,1.));
#13840=FACE_OUTER_BOUND('',#13841,.T.);
#13841=EDGE_LOOP('',(#13842,#13852,#13862,#13872));
#13843=EDGE_CURVE('',#13699,#13795,#13848,.T.);
#13848=LINE('',#13700,#13850);
#13850=VECTOR('',#13851,0.762);
#13851=DIRECTION('',(-1.0,0.0,0.0));
#13842=ORIENTED_EDGE('',*,*,#13843,.F.);
#13852=ORIENTED_EDGE('',*,*,#13726,.T.);
#13862=ORIENTED_EDGE('',*,*,#13647,.T.);
#13872=ORIENTED_EDGE('',*,*,#13804,.T.);
#13882=STYLED_ITEM('',(#34),#13883);
#13883=ADVANCED_FACE('',(#13889),#13884,.T.);
#13884=PLANE('',#13885);
#13885=AXIS2_PLACEMENT_3D('',#13886,#13887,#13888);
#13886=CARTESIAN_POINT('',(28.321,-0.381,2.862));
#13887=DIRECTION('',(1.0,0.0,0.0));
#13888=DIRECTION('',(0.,0.,1.));
#13889=FACE_OUTER_BOUND('',#13890,.T.);
#13890=EDGE_LOOP('',(#13891,#13901,#13911,#13921));
#13894=CARTESIAN_POINT('',(28.321,0.381,2.862));
#13893=VERTEX_POINT('',#13894);
#13896=CARTESIAN_POINT('',(28.321,-0.381,2.862));
#13895=VERTEX_POINT('',#13896);
#13892=EDGE_CURVE('',#13893,#13895,#13897,.T.);
#13897=LINE('',#13894,#13899);
#13899=VECTOR('',#13900,0.762);
#13900=DIRECTION('',(0.0,-1.0,0.0));
#13891=ORIENTED_EDGE('',*,*,#13892,.F.);
#13902=EDGE_CURVE('',#13697,#13893,#13907,.T.);
#13907=LINE('',#13698,#13909);
#13909=VECTOR('',#13910,6.4473695284);
#13910=DIRECTION('',(0.0,0.0,-1.0));
#13901=ORIENTED_EDGE('',*,*,#13902,.F.);
#13911=ORIENTED_EDGE('',*,*,#13696,.T.);
#13922=EDGE_CURVE('',#13895,#13699,#13927,.T.);
#13927=LINE('',#13896,#13929);
#13929=VECTOR('',#13930,6.4473695284);
#13930=DIRECTION('',(0.0,0.0,1.0));
#13921=ORIENTED_EDGE('',*,*,#13922,.F.);
#13931=STYLED_ITEM('',(#34),#13932);
#13932=ADVANCED_FACE('',(#13938),#13933,.T.);
#13933=PLANE('',#13934);
#13934=AXIS2_PLACEMENT_3D('',#13935,#13936,#13937);
#13935=CARTESIAN_POINT('',(28.321,0.381,2.862));
#13936=DIRECTION('',(0.0,1.0,0.0));
#13937=DIRECTION('',(0.,0.,1.));
#13938=FACE_OUTER_BOUND('',#13939,.T.);
#13939=EDGE_LOOP('',(#13940,#13950,#13960,#13970));
#13943=CARTESIAN_POINT('',(27.559,0.381,2.862));
#13942=VERTEX_POINT('',#13943);
#13941=EDGE_CURVE('',#13942,#13893,#13946,.T.);
#13946=LINE('',#13943,#13948);
#13948=VECTOR('',#13949,0.762);
#13949=DIRECTION('',(1.0,0.0,0.0));
#13940=ORIENTED_EDGE('',*,*,#13941,.F.);
#13951=EDGE_CURVE('',#13746,#13942,#13956,.T.);
#13956=LINE('',#13747,#13958);
#13958=VECTOR('',#13959,6.4473695284);
#13959=DIRECTION('',(0.0,0.0,-1.0));
#13950=ORIENTED_EDGE('',*,*,#13951,.F.);
#13960=ORIENTED_EDGE('',*,*,#13745,.T.);
#13970=ORIENTED_EDGE('',*,*,#13902,.T.);
#13980=STYLED_ITEM('',(#34),#13981);
#13981=ADVANCED_FACE('',(#13987),#13982,.T.);
#13982=PLANE('',#13983);
#13983=AXIS2_PLACEMENT_3D('',#13984,#13985,#13986);
#13984=CARTESIAN_POINT('',(27.559,0.381,2.862));
#13985=DIRECTION('',(-1.0,0.0,0.0));
#13986=DIRECTION('',(0.,0.,1.));
#13987=FACE_OUTER_BOUND('',#13988,.T.);
#13988=EDGE_LOOP('',(#13989,#13999,#14009,#14019));
#13992=CARTESIAN_POINT('',(27.559,-0.381,2.862));
#13991=VERTEX_POINT('',#13992);
#13990=EDGE_CURVE('',#13991,#13942,#13995,.T.);
#13995=LINE('',#13992,#13997);
#13997=VECTOR('',#13998,0.762);
#13998=DIRECTION('',(0.0,1.0,0.0));
#13989=ORIENTED_EDGE('',*,*,#13990,.F.);
#14000=EDGE_CURVE('',#13795,#13991,#14005,.T.);
#14005=LINE('',#13796,#14007);
#14007=VECTOR('',#14008,6.4473695284);
#14008=DIRECTION('',(0.0,0.0,-1.0));
#13999=ORIENTED_EDGE('',*,*,#14000,.F.);
#14009=ORIENTED_EDGE('',*,*,#13794,.T.);
#14019=ORIENTED_EDGE('',*,*,#13951,.T.);
#14029=STYLED_ITEM('',(#34),#14030);
#14030=ADVANCED_FACE('',(#14036),#14031,.T.);
#14031=PLANE('',#14032);
#14032=AXIS2_PLACEMENT_3D('',#14033,#14034,#14035);
#14033=CARTESIAN_POINT('',(27.559,-0.381,2.862));
#14034=DIRECTION('',(0.0,-1.0,0.0));
#14035=DIRECTION('',(0.,0.,1.));
#14036=FACE_OUTER_BOUND('',#14037,.T.);
#14037=EDGE_LOOP('',(#14038,#14048,#14058,#14068));
#14039=EDGE_CURVE('',#13895,#13991,#14044,.T.);
#14044=LINE('',#13896,#14046);
#14046=VECTOR('',#14047,0.762);
#14047=DIRECTION('',(-1.0,0.0,0.0));
#14038=ORIENTED_EDGE('',*,*,#14039,.F.);
#14048=ORIENTED_EDGE('',*,*,#13922,.T.);
#14058=ORIENTED_EDGE('',*,*,#13843,.T.);
#14068=ORIENTED_EDGE('',*,*,#14000,.T.);
#14078=STYLED_ITEM('',(#34),#14079);
#14079=ADVANCED_FACE('',(#14085),#14080,.T.);
#14080=PLANE('',#14081);
#14081=AXIS2_PLACEMENT_3D('',#14082,#14083,#14084);
#14082=CARTESIAN_POINT('',(27.559,0.381,2.862));
#14083=DIRECTION('',(0.0,0.0,-1.0));
#14084=DIRECTION('',(0.,1.,0.));
#14085=FACE_OUTER_BOUND('',#14086,.T.);
#14086=EDGE_LOOP('',(#14087,#14097,#14107,#14117));
#14087=ORIENTED_EDGE('',*,*,#13941,.T.);
#14097=ORIENTED_EDGE('',*,*,#13892,.T.);
#14107=ORIENTED_EDGE('',*,*,#14039,.T.);
#14117=ORIENTED_EDGE('',*,*,#13990,.T.);
#14127=STYLED_ITEM('',(#34),#14128);
#14128=ADVANCED_FACE('',(#14134),#14129,.T.);
#14129=PLANE('',#14130);
#14130=AXIS2_PLACEMENT_3D('',#14131,#14132,#14133);
#14131=CARTESIAN_POINT('',(27.559,-0.381,0.0));
#14132=DIRECTION('',(0.0,0.0,1.0));
#14133=DIRECTION('',(0.,1.,0.));
#14134=FACE_OUTER_BOUND('',#14135,.T.);
#14135=EDGE_LOOP('',(#14136,#14146,#14156,#14166));
#14139=CARTESIAN_POINT('',(28.321,-0.381,0.0));
#14138=VERTEX_POINT('',#14139);
#14141=CARTESIAN_POINT('',(27.559,-0.381,0.0));
#14140=VERTEX_POINT('',#14141);
#14137=EDGE_CURVE('',#14138,#14140,#14142,.T.);
#14142=LINE('',#14139,#14144);
#14144=VECTOR('',#14145,0.762);
#14145=DIRECTION('',(-1.0,0.0,0.0));
#14136=ORIENTED_EDGE('',*,*,#14137,.F.);
#14149=CARTESIAN_POINT('',(28.321,0.381,0.0));
#14148=VERTEX_POINT('',#14149);
#14147=EDGE_CURVE('',#14148,#14138,#14152,.T.);
#14152=LINE('',#14149,#14154);
#14154=VECTOR('',#14155,0.762);
#14155=DIRECTION('',(0.0,-1.0,0.0));
#14146=ORIENTED_EDGE('',*,*,#14147,.F.);
#14159=CARTESIAN_POINT('',(27.559,0.381,0.0));
#14158=VERTEX_POINT('',#14159);
#14157=EDGE_CURVE('',#14158,#14148,#14162,.T.);
#14162=LINE('',#14159,#14164);
#14164=VECTOR('',#14165,0.762);
#14165=DIRECTION('',(1.0,0.0,0.0));
#14156=ORIENTED_EDGE('',*,*,#14157,.F.);
#14167=EDGE_CURVE('',#14140,#14158,#14172,.T.);
#14172=LINE('',#14141,#14174);
#14174=VECTOR('',#14175,0.762);
#14175=DIRECTION('',(0.0,1.0,0.0));
#14166=ORIENTED_EDGE('',*,*,#14167,.F.);
#14176=STYLED_ITEM('',(#34),#14177);
#14177=ADVANCED_FACE('',(#14183),#14178,.T.);
#14178=PLANE('',#14179);
#14179=AXIS2_PLACEMENT_3D('',#14180,#14181,#14182);
#14180=CARTESIAN_POINT('',(28.321,-0.381,-4.89));
#14181=DIRECTION('',(1.0,0.0,0.0));
#14182=DIRECTION('',(0.,0.,1.));
#14183=FACE_OUTER_BOUND('',#14184,.T.);
#14184=EDGE_LOOP('',(#14185,#14195,#14205,#14215));
#14188=CARTESIAN_POINT('',(28.321,0.381,-4.89));
#14187=VERTEX_POINT('',#14188);
#14190=CARTESIAN_POINT('',(28.321,-0.381,-4.89));
#14189=VERTEX_POINT('',#14190);
#14186=EDGE_CURVE('',#14187,#14189,#14191,.T.);
#14191=LINE('',#14188,#14193);
#14193=VECTOR('',#14194,0.762);
#14194=DIRECTION('',(0.0,-1.0,0.0));
#14185=ORIENTED_EDGE('',*,*,#14186,.F.);
#14196=EDGE_CURVE('',#14148,#14187,#14201,.T.);
#14201=LINE('',#14149,#14203);
#14203=VECTOR('',#14204,4.8895);
#14204=DIRECTION('',(0.0,0.0,-1.0));
#14195=ORIENTED_EDGE('',*,*,#14196,.F.);
#14205=ORIENTED_EDGE('',*,*,#14147,.T.);
#14216=EDGE_CURVE('',#14189,#14138,#14221,.T.);
#14221=LINE('',#14190,#14223);
#14223=VECTOR('',#14224,4.8895);
#14224=DIRECTION('',(0.0,0.0,1.0));
#14215=ORIENTED_EDGE('',*,*,#14216,.F.);
#14225=STYLED_ITEM('',(#34),#14226);
#14226=ADVANCED_FACE('',(#14232),#14227,.T.);
#14227=PLANE('',#14228);
#14228=AXIS2_PLACEMENT_3D('',#14229,#14230,#14231);
#14229=CARTESIAN_POINT('',(28.321,0.381,-4.89));
#14230=DIRECTION('',(0.0,1.0,0.0));
#14231=DIRECTION('',(0.,0.,1.));
#14232=FACE_OUTER_BOUND('',#14233,.T.);
#14233=EDGE_LOOP('',(#14234,#14244,#14254,#14264));
#14237=CARTESIAN_POINT('',(27.559,0.381,-4.89));
#14236=VERTEX_POINT('',#14237);
#14235=EDGE_CURVE('',#14236,#14187,#14240,.T.);
#14240=LINE('',#14237,#14242);
#14242=VECTOR('',#14243,0.762);
#14243=DIRECTION('',(1.0,0.0,0.0));
#14234=ORIENTED_EDGE('',*,*,#14235,.F.);
#14245=EDGE_CURVE('',#14158,#14236,#14250,.T.);
#14250=LINE('',#14159,#14252);
#14252=VECTOR('',#14253,4.8895);
#14253=DIRECTION('',(0.0,0.0,-1.0));
#14244=ORIENTED_EDGE('',*,*,#14245,.F.);
#14254=ORIENTED_EDGE('',*,*,#14157,.T.);
#14264=ORIENTED_EDGE('',*,*,#14196,.T.);
#14274=STYLED_ITEM('',(#34),#14275);
#14275=ADVANCED_FACE('',(#14281),#14276,.T.);
#14276=PLANE('',#14277);
#14277=AXIS2_PLACEMENT_3D('',#14278,#14279,#14280);
#14278=CARTESIAN_POINT('',(27.559,0.381,-4.89));
#14279=DIRECTION('',(-1.0,0.0,0.0));
#14280=DIRECTION('',(0.,0.,1.));
#14281=FACE_OUTER_BOUND('',#14282,.T.);
#14282=EDGE_LOOP('',(#14283,#14293,#14303,#14313));
#14286=CARTESIAN_POINT('',(27.559,-0.381,-4.89));
#14285=VERTEX_POINT('',#14286);
#14284=EDGE_CURVE('',#14285,#14236,#14289,.T.);
#14289=LINE('',#14286,#14291);
#14291=VECTOR('',#14292,0.762);
#14292=DIRECTION('',(0.0,1.0,0.0));
#14283=ORIENTED_EDGE('',*,*,#14284,.F.);
#14294=EDGE_CURVE('',#14140,#14285,#14299,.T.);
#14299=LINE('',#14141,#14301);
#14301=VECTOR('',#14302,4.8895);
#14302=DIRECTION('',(0.0,0.0,-1.0));
#14293=ORIENTED_EDGE('',*,*,#14294,.F.);
#14303=ORIENTED_EDGE('',*,*,#14167,.T.);
#14313=ORIENTED_EDGE('',*,*,#14245,.T.);
#14323=STYLED_ITEM('',(#34),#14324);
#14324=ADVANCED_FACE('',(#14330),#14325,.T.);
#14325=PLANE('',#14326);
#14326=AXIS2_PLACEMENT_3D('',#14327,#14328,#14329);
#14327=CARTESIAN_POINT('',(27.559,-0.381,-4.89));
#14328=DIRECTION('',(0.0,-1.0,0.0));
#14329=DIRECTION('',(0.,0.,1.));
#14330=FACE_OUTER_BOUND('',#14331,.T.);
#14331=EDGE_LOOP('',(#14332,#14342,#14352,#14362));
#14333=EDGE_CURVE('',#14189,#14285,#14338,.T.);
#14338=LINE('',#14190,#14340);
#14340=VECTOR('',#14341,0.762);
#14341=DIRECTION('',(-1.0,0.0,0.0));
#14332=ORIENTED_EDGE('',*,*,#14333,.F.);
#14342=ORIENTED_EDGE('',*,*,#14216,.T.);
#14352=ORIENTED_EDGE('',*,*,#14137,.T.);
#14362=ORIENTED_EDGE('',*,*,#14294,.T.);
#14372=STYLED_ITEM('',(#34),#14373);
#14373=ADVANCED_FACE('',(#14379),#14374,.T.);
#14374=PLANE('',#14375);
#14375=AXIS2_PLACEMENT_3D('',#14376,#14377,#14378);
#14376=CARTESIAN_POINT('',(28.13,-0.19,-5.08));
#14377=DIRECTION('',(0.707,0.0,-0.707));
#14378=DIRECTION('',(0.,0.,1.));
#14379=FACE_OUTER_BOUND('',#14380,.T.);
#14380=EDGE_LOOP('',(#14381,#14391,#14401,#14411));
#14384=CARTESIAN_POINT('',(28.13,0.19,-5.08));
#14383=VERTEX_POINT('',#14384);
#14386=CARTESIAN_POINT('',(28.13,-0.19,-5.08));
#14385=VERTEX_POINT('',#14386);
#14382=EDGE_CURVE('',#14383,#14385,#14387,.T.);
#14387=LINE('',#14384,#14389);
#14389=VECTOR('',#14390,0.381);
#14390=DIRECTION('',(0.0,-1.0,0.0));
#14381=ORIENTED_EDGE('',*,*,#14382,.F.);
#14392=EDGE_CURVE('',#14187,#14383,#14397,.T.);
#14397=LINE('',#14188,#14399);
#14399=VECTOR('',#14400,0.329955678841871);
#14400=DIRECTION('',(-0.577,-0.577,-0.577));
#14391=ORIENTED_EDGE('',*,*,#14392,.F.);
#14401=ORIENTED_EDGE('',*,*,#14186,.T.);
#14412=EDGE_CURVE('',#14385,#14189,#14417,.T.);
#14417=LINE('',#14386,#14419);
#14419=VECTOR('',#14420,0.329955678841871);
#14420=DIRECTION('',(0.577,-0.577,0.577));
#14411=ORIENTED_EDGE('',*,*,#14412,.F.);
#14421=STYLED_ITEM('',(#34),#14422);
#14422=ADVANCED_FACE('',(#14428),#14423,.T.);
#14423=PLANE('',#14424);
#14424=AXIS2_PLACEMENT_3D('',#14425,#14426,#14427);
#14425=CARTESIAN_POINT('',(28.13,0.19,-5.08));
#14426=DIRECTION('',(0.0,0.707,-0.707));
#14427=DIRECTION('',(0.,0.,1.));
#14428=FACE_OUTER_BOUND('',#14429,.T.);
#14429=EDGE_LOOP('',(#14430,#14440,#14450,#14460));
#14433=CARTESIAN_POINT('',(27.749,0.19,-5.08));
#14432=VERTEX_POINT('',#14433);
#14431=EDGE_CURVE('',#14432,#14383,#14436,.T.);
#14436=LINE('',#14433,#14438);
#14438=VECTOR('',#14439,0.381);
#14439=DIRECTION('',(1.0,0.0,0.0));
#14430=ORIENTED_EDGE('',*,*,#14431,.F.);
#14441=EDGE_CURVE('',#14236,#14432,#14446,.T.);
#14446=LINE('',#14237,#14448);
#14448=VECTOR('',#14449,0.329955678841871);
#14449=DIRECTION('',(0.577,-0.577,-0.577));
#14440=ORIENTED_EDGE('',*,*,#14441,.F.);
#14450=ORIENTED_EDGE('',*,*,#14235,.T.);
#14460=ORIENTED_EDGE('',*,*,#14392,.T.);
#14470=STYLED_ITEM('',(#34),#14471);
#14471=ADVANCED_FACE('',(#14477),#14472,.T.);
#14472=PLANE('',#14473);
#14473=AXIS2_PLACEMENT_3D('',#14474,#14475,#14476);
#14474=CARTESIAN_POINT('',(27.749,0.19,-5.08));
#14475=DIRECTION('',(-0.707,0.0,-0.707));
#14476=DIRECTION('',(0.,0.,1.));
#14477=FACE_OUTER_BOUND('',#14478,.T.);
#14478=EDGE_LOOP('',(#14479,#14489,#14499,#14509));
#14482=CARTESIAN_POINT('',(27.749,-0.19,-5.08));
#14481=VERTEX_POINT('',#14482);
#14480=EDGE_CURVE('',#14481,#14432,#14485,.T.);
#14485=LINE('',#14482,#14487);
#14487=VECTOR('',#14488,0.381);
#14488=DIRECTION('',(0.0,1.0,0.0));
#14479=ORIENTED_EDGE('',*,*,#14480,.F.);
#14490=EDGE_CURVE('',#14285,#14481,#14495,.T.);
#14495=LINE('',#14286,#14497);
#14497=VECTOR('',#14498,0.329955678841871);
#14498=DIRECTION('',(0.577,0.577,-0.577));
#14489=ORIENTED_EDGE('',*,*,#14490,.F.);
#14499=ORIENTED_EDGE('',*,*,#14284,.T.);
#14509=ORIENTED_EDGE('',*,*,#14441,.T.);
#14519=STYLED_ITEM('',(#34),#14520);
#14520=ADVANCED_FACE('',(#14526),#14521,.T.);
#14521=PLANE('',#14522);
#14522=AXIS2_PLACEMENT_3D('',#14523,#14524,#14525);
#14523=CARTESIAN_POINT('',(27.749,-0.19,-5.08));
#14524=DIRECTION('',(0.0,-0.707,-0.707));
#14525=DIRECTION('',(0.,0.,1.));
#14526=FACE_OUTER_BOUND('',#14527,.T.);
#14527=EDGE_LOOP('',(#14528,#14538,#14548,#14558));
#14529=EDGE_CURVE('',#14385,#14481,#14534,.T.);
#14534=LINE('',#14386,#14536);
#14536=VECTOR('',#14537,0.381);
#14537=DIRECTION('',(-1.0,0.0,0.0));
#14528=ORIENTED_EDGE('',*,*,#14529,.F.);
#14538=ORIENTED_EDGE('',*,*,#14412,.T.);
#14548=ORIENTED_EDGE('',*,*,#14333,.T.);
#14558=ORIENTED_EDGE('',*,*,#14490,.T.);
#14568=STYLED_ITEM('',(#34),#14569);
#14569=ADVANCED_FACE('',(#14575),#14570,.T.);
#14570=PLANE('',#14571);
#14571=AXIS2_PLACEMENT_3D('',#14572,#14573,#14574);
#14572=CARTESIAN_POINT('',(27.749,0.19,-5.08));
#14573=DIRECTION('',(0.0,0.0,-1.0));
#14574=DIRECTION('',(0.,1.,0.));
#14575=FACE_OUTER_BOUND('',#14576,.T.);
#14576=EDGE_LOOP('',(#14577,#14587,#14597,#14607));
#14577=ORIENTED_EDGE('',*,*,#14431,.T.);
#14587=ORIENTED_EDGE('',*,*,#14382,.T.);
#14597=ORIENTED_EDGE('',*,*,#14529,.T.);
#14607=ORIENTED_EDGE('',*,*,#14480,.T.);
#14617=MANIFOLD_SOLID_BREP($,#14618);
#14618=CLOSED_SHELL('',(#14622,#14671,#14720,#14769,#14818,#14867,#14916,#14965,#15014,#15063));
#14619=MANIFOLD_SOLID_BREP($,#14620);
#14620=CLOSED_SHELL('',(#15112,#15161,#15210,#15259,#15308,#15357,#15406,#15455,#15504,#15553));
#14621=STYLED_ITEM('',(#34),#14622);
#14622=ADVANCED_FACE('',(#14628),#14623,.T.);
#14623=PLANE('',#14624);
#14624=AXIS2_PLACEMENT_3D('',#14625,#14626,#14627);
#14625=CARTESIAN_POINT('',(25.21,-0.19,9.5));
#14626=DIRECTION('',(0.0,0.0,1.0));
#14627=DIRECTION('',(0.,1.,0.));
#14628=FACE_OUTER_BOUND('',#14629,.T.);
#14629=EDGE_LOOP('',(#14630,#14640,#14650,#14660));
#14633=CARTESIAN_POINT('',(25.59,-0.19,9.5));
#14632=VERTEX_POINT('',#14633);
#14635=CARTESIAN_POINT('',(25.21,-0.19,9.5));
#14634=VERTEX_POINT('',#14635);
#14631=EDGE_CURVE('',#14632,#14634,#14636,.T.);
#14636=LINE('',#14633,#14638);
#14638=VECTOR('',#14639,0.381);
#14639=DIRECTION('',(-1.0,0.0,0.0));
#14630=ORIENTED_EDGE('',*,*,#14631,.F.);
#14643=CARTESIAN_POINT('',(25.59,0.19,9.5));
#14642=VERTEX_POINT('',#14643);
#14641=EDGE_CURVE('',#14642,#14632,#14646,.T.);
#14646=LINE('',#14643,#14648);
#14648=VECTOR('',#14649,0.381);
#14649=DIRECTION('',(0.0,-1.0,0.0));
#14640=ORIENTED_EDGE('',*,*,#14641,.F.);
#14653=CARTESIAN_POINT('',(25.21,0.19,9.5));
#14652=VERTEX_POINT('',#14653);
#14651=EDGE_CURVE('',#14652,#14642,#14656,.T.);
#14656=LINE('',#14653,#14658);
#14658=VECTOR('',#14659,0.381);
#14659=DIRECTION('',(1.0,0.0,0.0));
#14650=ORIENTED_EDGE('',*,*,#14651,.F.);
#14661=EDGE_CURVE('',#14634,#14652,#14666,.T.);
#14666=LINE('',#14635,#14668);
#14668=VECTOR('',#14669,0.381);
#14669=DIRECTION('',(0.0,1.0,0.0));
#14660=ORIENTED_EDGE('',*,*,#14661,.F.);
#14670=STYLED_ITEM('',(#34),#14671);
#14671=ADVANCED_FACE('',(#14677),#14672,.T.);
#14672=PLANE('',#14673);
#14673=AXIS2_PLACEMENT_3D('',#14674,#14675,#14676);
#14674=CARTESIAN_POINT('',(25.781,-0.381,9.309));
#14675=DIRECTION('',(0.707,0.0,0.707));
#14676=DIRECTION('',(0.,0.,1.));
#14677=FACE_OUTER_BOUND('',#14678,.T.);
#14678=EDGE_LOOP('',(#14679,#14689,#14699,#14709));
#14682=CARTESIAN_POINT('',(25.781,0.381,9.309));
#14681=VERTEX_POINT('',#14682);
#14684=CARTESIAN_POINT('',(25.781,-0.381,9.309));
#14683=VERTEX_POINT('',#14684);
#14680=EDGE_CURVE('',#14681,#14683,#14685,.T.);
#14685=LINE('',#14682,#14687);
#14687=VECTOR('',#14688,0.762);
#14688=DIRECTION('',(0.0,-1.0,0.0));
#14679=ORIENTED_EDGE('',*,*,#14680,.F.);
#14690=EDGE_CURVE('',#14642,#14681,#14695,.T.);
#14695=LINE('',#14643,#14697);
#14697=VECTOR('',#14698,0.329955678841871);
#14698=DIRECTION('',(0.577,0.577,-0.577));
#14689=ORIENTED_EDGE('',*,*,#14690,.F.);
#14699=ORIENTED_EDGE('',*,*,#14641,.T.);
#14710=EDGE_CURVE('',#14683,#14632,#14715,.T.);
#14715=LINE('',#14684,#14717);
#14717=VECTOR('',#14718,0.329955678841871);
#14718=DIRECTION('',(-0.577,0.577,0.577));
#14709=ORIENTED_EDGE('',*,*,#14710,.F.);
#14719=STYLED_ITEM('',(#34),#14720);
#14720=ADVANCED_FACE('',(#14726),#14721,.T.);
#14721=PLANE('',#14722);
#14722=AXIS2_PLACEMENT_3D('',#14723,#14724,#14725);
#14723=CARTESIAN_POINT('',(25.781,0.381,9.309));
#14724=DIRECTION('',(0.0,0.707,0.707));
#14725=DIRECTION('',(0.,0.,1.));
#14726=FACE_OUTER_BOUND('',#14727,.T.);
#14727=EDGE_LOOP('',(#14728,#14738,#14748,#14758));
#14731=CARTESIAN_POINT('',(25.019,0.381,9.309));
#14730=VERTEX_POINT('',#14731);
#14729=EDGE_CURVE('',#14730,#14681,#14734,.T.);
#14734=LINE('',#14731,#14736);
#14736=VECTOR('',#14737,0.762);
#14737=DIRECTION('',(1.0,0.0,0.0));
#14728=ORIENTED_EDGE('',*,*,#14729,.F.);
#14739=EDGE_CURVE('',#14652,#14730,#14744,.T.);
#14744=LINE('',#14653,#14746);
#14746=VECTOR('',#14747,0.329955678841871);
#14747=DIRECTION('',(-0.577,0.577,-0.577));
#14738=ORIENTED_EDGE('',*,*,#14739,.F.);
#14748=ORIENTED_EDGE('',*,*,#14651,.T.);
#14758=ORIENTED_EDGE('',*,*,#14690,.T.);
#14768=STYLED_ITEM('',(#34),#14769);
#14769=ADVANCED_FACE('',(#14775),#14770,.T.);
#14770=PLANE('',#14771);
#14771=AXIS2_PLACEMENT_3D('',#14772,#14773,#14774);
#14772=CARTESIAN_POINT('',(25.019,0.381,9.309));
#14773=DIRECTION('',(-0.707,0.0,0.707));
#14774=DIRECTION('',(0.,0.,1.));
#14775=FACE_OUTER_BOUND('',#14776,.T.);
#14776=EDGE_LOOP('',(#14777,#14787,#14797,#14807));
#14780=CARTESIAN_POINT('',(25.019,-0.381,9.309));
#14779=VERTEX_POINT('',#14780);
#14778=EDGE_CURVE('',#14779,#14730,#14783,.T.);
#14783=LINE('',#14780,#14785);
#14785=VECTOR('',#14786,0.762);
#14786=DIRECTION('',(0.0,1.0,0.0));
#14777=ORIENTED_EDGE('',*,*,#14778,.F.);
#14788=EDGE_CURVE('',#14634,#14779,#14793,.T.);
#14793=LINE('',#14635,#14795);
#14795=VECTOR('',#14796,0.329955678841871);
#14796=DIRECTION('',(-0.577,-0.577,-0.577));
#14787=ORIENTED_EDGE('',*,*,#14788,.F.);
#14797=ORIENTED_EDGE('',*,*,#14661,.T.);
#14807=ORIENTED_EDGE('',*,*,#14739,.T.);
#14817=STYLED_ITEM('',(#34),#14818);
#14818=ADVANCED_FACE('',(#14824),#14819,.T.);
#14819=PLANE('',#14820);
#14820=AXIS2_PLACEMENT_3D('',#14821,#14822,#14823);
#14821=CARTESIAN_POINT('',(25.019,-0.381,9.309));
#14822=DIRECTION('',(0.0,-0.707,0.707));
#14823=DIRECTION('',(0.,0.,1.));
#14824=FACE_OUTER_BOUND('',#14825,.T.);
#14825=EDGE_LOOP('',(#14826,#14836,#14846,#14856));
#14827=EDGE_CURVE('',#14683,#14779,#14832,.T.);
#14832=LINE('',#14684,#14834);
#14834=VECTOR('',#14835,0.762);
#14835=DIRECTION('',(-1.0,0.0,0.0));
#14826=ORIENTED_EDGE('',*,*,#14827,.F.);
#14836=ORIENTED_EDGE('',*,*,#14710,.T.);
#14846=ORIENTED_EDGE('',*,*,#14631,.T.);
#14856=ORIENTED_EDGE('',*,*,#14788,.T.);
#14866=STYLED_ITEM('',(#34),#14867);
#14867=ADVANCED_FACE('',(#14873),#14868,.T.);
#14868=PLANE('',#14869);
#14869=AXIS2_PLACEMENT_3D('',#14870,#14871,#14872);
#14870=CARTESIAN_POINT('',(25.781,-0.381,2.862));
#14871=DIRECTION('',(1.0,0.0,0.0));
#14872=DIRECTION('',(0.,0.,1.));
#14873=FACE_OUTER_BOUND('',#14874,.T.);
#14874=EDGE_LOOP('',(#14875,#14885,#14895,#14905));
#14878=CARTESIAN_POINT('',(25.781,0.381,2.862));
#14877=VERTEX_POINT('',#14878);
#14880=CARTESIAN_POINT('',(25.781,-0.381,2.862));
#14879=VERTEX_POINT('',#14880);
#14876=EDGE_CURVE('',#14877,#14879,#14881,.T.);
#14881=LINE('',#14878,#14883);
#14883=VECTOR('',#14884,0.762);
#14884=DIRECTION('',(0.0,-1.0,0.0));
#14875=ORIENTED_EDGE('',*,*,#14876,.F.);
#14886=EDGE_CURVE('',#14681,#14877,#14891,.T.);
#14891=LINE('',#14682,#14893);
#14893=VECTOR('',#14894,6.4473695284);
#14894=DIRECTION('',(0.0,0.0,-1.0));
#14885=ORIENTED_EDGE('',*,*,#14886,.F.);
#14895=ORIENTED_EDGE('',*,*,#14680,.T.);
#14906=EDGE_CURVE('',#14879,#14683,#14911,.T.);
#14911=LINE('',#14880,#14913);
#14913=VECTOR('',#14914,6.4473695284);
#14914=DIRECTION('',(0.0,0.0,1.0));
#14905=ORIENTED_EDGE('',*,*,#14906,.F.);
#14915=STYLED_ITEM('',(#34),#14916);
#14916=ADVANCED_FACE('',(#14922),#14917,.T.);
#14917=PLANE('',#14918);
#14918=AXIS2_PLACEMENT_3D('',#14919,#14920,#14921);
#14919=CARTESIAN_POINT('',(25.781,0.381,2.862));
#14920=DIRECTION('',(0.0,1.0,0.0));
#14921=DIRECTION('',(0.,0.,1.));
#14922=FACE_OUTER_BOUND('',#14923,.T.);
#14923=EDGE_LOOP('',(#14924,#14934,#14944,#14954));
#14927=CARTESIAN_POINT('',(25.019,0.381,2.862));
#14926=VERTEX_POINT('',#14927);
#14925=EDGE_CURVE('',#14926,#14877,#14930,.T.);
#14930=LINE('',#14927,#14932);
#14932=VECTOR('',#14933,0.762);
#14933=DIRECTION('',(1.0,0.0,0.0));
#14924=ORIENTED_EDGE('',*,*,#14925,.F.);
#14935=EDGE_CURVE('',#14730,#14926,#14940,.T.);
#14940=LINE('',#14731,#14942);
#14942=VECTOR('',#14943,6.4473695284);
#14943=DIRECTION('',(0.0,0.0,-1.0));
#14934=ORIENTED_EDGE('',*,*,#14935,.F.);
#14944=ORIENTED_EDGE('',*,*,#14729,.T.);
#14954=ORIENTED_EDGE('',*,*,#14886,.T.);
#14964=STYLED_ITEM('',(#34),#14965);
#14965=ADVANCED_FACE('',(#14971),#14966,.T.);
#14966=PLANE('',#14967);
#14967=AXIS2_PLACEMENT_3D('',#14968,#14969,#14970);
#14968=CARTESIAN_POINT('',(25.019,0.381,2.862));
#14969=DIRECTION('',(-1.0,0.0,0.0));
#14970=DIRECTION('',(0.,0.,1.));
#14971=FACE_OUTER_BOUND('',#14972,.T.);
#14972=EDGE_LOOP('',(#14973,#14983,#14993,#15003));
#14976=CARTESIAN_POINT('',(25.019,-0.381,2.862));
#14975=VERTEX_POINT('',#14976);
#14974=EDGE_CURVE('',#14975,#14926,#14979,.T.);
#14979=LINE('',#14976,#14981);
#14981=VECTOR('',#14982,0.762);
#14982=DIRECTION('',(0.0,1.0,0.0));
#14973=ORIENTED_EDGE('',*,*,#14974,.F.);
#14984=EDGE_CURVE('',#14779,#14975,#14989,.T.);
#14989=LINE('',#14780,#14991);
#14991=VECTOR('',#14992,6.4473695284);
#14992=DIRECTION('',(0.0,0.0,-1.0));
#14983=ORIENTED_EDGE('',*,*,#14984,.F.);
#14993=ORIENTED_EDGE('',*,*,#14778,.T.);
#15003=ORIENTED_EDGE('',*,*,#14935,.T.);
#15013=STYLED_ITEM('',(#34),#15014);
#15014=ADVANCED_FACE('',(#15020),#15015,.T.);
#15015=PLANE('',#15016);
#15016=AXIS2_PLACEMENT_3D('',#15017,#15018,#15019);
#15017=CARTESIAN_POINT('',(25.019,-0.381,2.862));
#15018=DIRECTION('',(0.0,-1.0,0.0));
#15019=DIRECTION('',(0.,0.,1.));
#15020=FACE_OUTER_BOUND('',#15021,.T.);
#15021=EDGE_LOOP('',(#15022,#15032,#15042,#15052));
#15023=EDGE_CURVE('',#14879,#14975,#15028,.T.);
#15028=LINE('',#14880,#15030);
#15030=VECTOR('',#15031,0.762);
#15031=DIRECTION('',(-1.0,0.0,0.0));
#15022=ORIENTED_EDGE('',*,*,#15023,.F.);
#15032=ORIENTED_EDGE('',*,*,#14906,.T.);
#15042=ORIENTED_EDGE('',*,*,#14827,.T.);
#15052=ORIENTED_EDGE('',*,*,#14984,.T.);
#15062=STYLED_ITEM('',(#34),#15063);
#15063=ADVANCED_FACE('',(#15069),#15064,.T.);
#15064=PLANE('',#15065);
#15065=AXIS2_PLACEMENT_3D('',#15066,#15067,#15068);
#15066=CARTESIAN_POINT('',(25.019,0.381,2.862));
#15067=DIRECTION('',(0.0,0.0,-1.0));
#15068=DIRECTION('',(0.,1.,0.));
#15069=FACE_OUTER_BOUND('',#15070,.T.);
#15070=EDGE_LOOP('',(#15071,#15081,#15091,#15101));
#15071=ORIENTED_EDGE('',*,*,#14925,.T.);
#15081=ORIENTED_EDGE('',*,*,#14876,.T.);
#15091=ORIENTED_EDGE('',*,*,#15023,.T.);
#15101=ORIENTED_EDGE('',*,*,#14974,.T.);
#15111=STYLED_ITEM('',(#34),#15112);
#15112=ADVANCED_FACE('',(#15118),#15113,.T.);
#15113=PLANE('',#15114);
#15114=AXIS2_PLACEMENT_3D('',#15115,#15116,#15117);
#15115=CARTESIAN_POINT('',(25.019,-0.381,0.0));
#15116=DIRECTION('',(0.0,0.0,1.0));
#15117=DIRECTION('',(0.,1.,0.));
#15118=FACE_OUTER_BOUND('',#15119,.T.);
#15119=EDGE_LOOP('',(#15120,#15130,#15140,#15150));
#15123=CARTESIAN_POINT('',(25.781,-0.381,0.0));
#15122=VERTEX_POINT('',#15123);
#15125=CARTESIAN_POINT('',(25.019,-0.381,0.0));
#15124=VERTEX_POINT('',#15125);
#15121=EDGE_CURVE('',#15122,#15124,#15126,.T.);
#15126=LINE('',#15123,#15128);
#15128=VECTOR('',#15129,0.762);
#15129=DIRECTION('',(-1.0,0.0,0.0));
#15120=ORIENTED_EDGE('',*,*,#15121,.F.);
#15133=CARTESIAN_POINT('',(25.781,0.381,0.0));
#15132=VERTEX_POINT('',#15133);
#15131=EDGE_CURVE('',#15132,#15122,#15136,.T.);
#15136=LINE('',#15133,#15138);
#15138=VECTOR('',#15139,0.762);
#15139=DIRECTION('',(0.0,-1.0,0.0));
#15130=ORIENTED_EDGE('',*,*,#15131,.F.);
#15143=CARTESIAN_POINT('',(25.019,0.381,0.0));
#15142=VERTEX_POINT('',#15143);
#15141=EDGE_CURVE('',#15142,#15132,#15146,.T.);
#15146=LINE('',#15143,#15148);
#15148=VECTOR('',#15149,0.762);
#15149=DIRECTION('',(1.0,0.0,0.0));
#15140=ORIENTED_EDGE('',*,*,#15141,.F.);
#15151=EDGE_CURVE('',#15124,#15142,#15156,.T.);
#15156=LINE('',#15125,#15158);
#15158=VECTOR('',#15159,0.762);
#15159=DIRECTION('',(0.0,1.0,0.0));
#15150=ORIENTED_EDGE('',*,*,#15151,.F.);
#15160=STYLED_ITEM('',(#34),#15161);
#15161=ADVANCED_FACE('',(#15167),#15162,.T.);
#15162=PLANE('',#15163);
#15163=AXIS2_PLACEMENT_3D('',#15164,#15165,#15166);
#15164=CARTESIAN_POINT('',(25.781,-0.381,-4.89));
#15165=DIRECTION('',(1.0,0.0,0.0));
#15166=DIRECTION('',(0.,0.,1.));
#15167=FACE_OUTER_BOUND('',#15168,.T.);
#15168=EDGE_LOOP('',(#15169,#15179,#15189,#15199));
#15172=CARTESIAN_POINT('',(25.781,0.381,-4.89));
#15171=VERTEX_POINT('',#15172);
#15174=CARTESIAN_POINT('',(25.781,-0.381,-4.89));
#15173=VERTEX_POINT('',#15174);
#15170=EDGE_CURVE('',#15171,#15173,#15175,.T.);
#15175=LINE('',#15172,#15177);
#15177=VECTOR('',#15178,0.762);
#15178=DIRECTION('',(0.0,-1.0,0.0));
#15169=ORIENTED_EDGE('',*,*,#15170,.F.);
#15180=EDGE_CURVE('',#15132,#15171,#15185,.T.);
#15185=LINE('',#15133,#15187);
#15187=VECTOR('',#15188,4.8895);
#15188=DIRECTION('',(0.0,0.0,-1.0));
#15179=ORIENTED_EDGE('',*,*,#15180,.F.);
#15189=ORIENTED_EDGE('',*,*,#15131,.T.);
#15200=EDGE_CURVE('',#15173,#15122,#15205,.T.);
#15205=LINE('',#15174,#15207);
#15207=VECTOR('',#15208,4.8895);
#15208=DIRECTION('',(0.0,0.0,1.0));
#15199=ORIENTED_EDGE('',*,*,#15200,.F.);
#15209=STYLED_ITEM('',(#34),#15210);
#15210=ADVANCED_FACE('',(#15216),#15211,.T.);
#15211=PLANE('',#15212);
#15212=AXIS2_PLACEMENT_3D('',#15213,#15214,#15215);
#15213=CARTESIAN_POINT('',(25.781,0.381,-4.89));
#15214=DIRECTION('',(0.0,1.0,0.0));
#15215=DIRECTION('',(0.,0.,1.));
#15216=FACE_OUTER_BOUND('',#15217,.T.);
#15217=EDGE_LOOP('',(#15218,#15228,#15238,#15248));
#15221=CARTESIAN_POINT('',(25.019,0.381,-4.89));
#15220=VERTEX_POINT('',#15221);
#15219=EDGE_CURVE('',#15220,#15171,#15224,.T.);
#15224=LINE('',#15221,#15226);
#15226=VECTOR('',#15227,0.762);
#15227=DIRECTION('',(1.0,0.0,0.0));
#15218=ORIENTED_EDGE('',*,*,#15219,.F.);
#15229=EDGE_CURVE('',#15142,#15220,#15234,.T.);
#15234=LINE('',#15143,#15236);
#15236=VECTOR('',#15237,4.8895);
#15237=DIRECTION('',(0.0,0.0,-1.0));
#15228=ORIENTED_EDGE('',*,*,#15229,.F.);
#15238=ORIENTED_EDGE('',*,*,#15141,.T.);
#15248=ORIENTED_EDGE('',*,*,#15180,.T.);
#15258=STYLED_ITEM('',(#34),#15259);
#15259=ADVANCED_FACE('',(#15265),#15260,.T.);
#15260=PLANE('',#15261);
#15261=AXIS2_PLACEMENT_3D('',#15262,#15263,#15264);
#15262=CARTESIAN_POINT('',(25.019,0.381,-4.89));
#15263=DIRECTION('',(-1.0,0.0,0.0));
#15264=DIRECTION('',(0.,0.,1.));
#15265=FACE_OUTER_BOUND('',#15266,.T.);
#15266=EDGE_LOOP('',(#15267,#15277,#15287,#15297));
#15270=CARTESIAN_POINT('',(25.019,-0.381,-4.89));
#15269=VERTEX_POINT('',#15270);
#15268=EDGE_CURVE('',#15269,#15220,#15273,.T.);
#15273=LINE('',#15270,#15275);
#15275=VECTOR('',#15276,0.762);
#15276=DIRECTION('',(0.0,1.0,0.0));
#15267=ORIENTED_EDGE('',*,*,#15268,.F.);
#15278=EDGE_CURVE('',#15124,#15269,#15283,.T.);
#15283=LINE('',#15125,#15285);
#15285=VECTOR('',#15286,4.8895);
#15286=DIRECTION('',(0.0,0.0,-1.0));
#15277=ORIENTED_EDGE('',*,*,#15278,.F.);
#15287=ORIENTED_EDGE('',*,*,#15151,.T.);
#15297=ORIENTED_EDGE('',*,*,#15229,.T.);
#15307=STYLED_ITEM('',(#34),#15308);
#15308=ADVANCED_FACE('',(#15314),#15309,.T.);
#15309=PLANE('',#15310);
#15310=AXIS2_PLACEMENT_3D('',#15311,#15312,#15313);
#15311=CARTESIAN_POINT('',(25.019,-0.381,-4.89));
#15312=DIRECTION('',(0.0,-1.0,0.0));
#15313=DIRECTION('',(0.,0.,1.));
#15314=FACE_OUTER_BOUND('',#15315,.T.);
#15315=EDGE_LOOP('',(#15316,#15326,#15336,#15346));
#15317=EDGE_CURVE('',#15173,#15269,#15322,.T.);
#15322=LINE('',#15174,#15324);
#15324=VECTOR('',#15325,0.762);
#15325=DIRECTION('',(-1.0,0.0,0.0));
#15316=ORIENTED_EDGE('',*,*,#15317,.F.);
#15326=ORIENTED_EDGE('',*,*,#15200,.T.);
#15336=ORIENTED_EDGE('',*,*,#15121,.T.);
#15346=ORIENTED_EDGE('',*,*,#15278,.T.);
#15356=STYLED_ITEM('',(#34),#15357);
#15357=ADVANCED_FACE('',(#15363),#15358,.T.);
#15358=PLANE('',#15359);
#15359=AXIS2_PLACEMENT_3D('',#15360,#15361,#15362);
#15360=CARTESIAN_POINT('',(25.59,-0.19,-5.08));
#15361=DIRECTION('',(0.707,0.0,-0.707));
#15362=DIRECTION('',(0.,0.,1.));
#15363=FACE_OUTER_BOUND('',#15364,.T.);
#15364=EDGE_LOOP('',(#15365,#15375,#15385,#15395));
#15368=CARTESIAN_POINT('',(25.59,0.19,-5.08));
#15367=VERTEX_POINT('',#15368);
#15370=CARTESIAN_POINT('',(25.59,-0.19,-5.08));
#15369=VERTEX_POINT('',#15370);
#15366=EDGE_CURVE('',#15367,#15369,#15371,.T.);
#15371=LINE('',#15368,#15373);
#15373=VECTOR('',#15374,0.381);
#15374=DIRECTION('',(0.0,-1.0,0.0));
#15365=ORIENTED_EDGE('',*,*,#15366,.F.);
#15376=EDGE_CURVE('',#15171,#15367,#15381,.T.);
#15381=LINE('',#15172,#15383);
#15383=VECTOR('',#15384,0.329955678841871);
#15384=DIRECTION('',(-0.577,-0.577,-0.577));
#15375=ORIENTED_EDGE('',*,*,#15376,.F.);
#15385=ORIENTED_EDGE('',*,*,#15170,.T.);
#15396=EDGE_CURVE('',#15369,#15173,#15401,.T.);
#15401=LINE('',#15370,#15403);
#15403=VECTOR('',#15404,0.329955678841871);
#15404=DIRECTION('',(0.577,-0.577,0.577));
#15395=ORIENTED_EDGE('',*,*,#15396,.F.);
#15405=STYLED_ITEM('',(#34),#15406);
#15406=ADVANCED_FACE('',(#15412),#15407,.T.);
#15407=PLANE('',#15408);
#15408=AXIS2_PLACEMENT_3D('',#15409,#15410,#15411);
#15409=CARTESIAN_POINT('',(25.59,0.19,-5.08));
#15410=DIRECTION('',(0.0,0.707,-0.707));
#15411=DIRECTION('',(0.,0.,1.));
#15412=FACE_OUTER_BOUND('',#15413,.T.);
#15413=EDGE_LOOP('',(#15414,#15424,#15434,#15444));
#15417=CARTESIAN_POINT('',(25.21,0.19,-5.08));
#15416=VERTEX_POINT('',#15417);
#15415=EDGE_CURVE('',#15416,#15367,#15420,.T.);
#15420=LINE('',#15417,#15422);
#15422=VECTOR('',#15423,0.381);
#15423=DIRECTION('',(1.0,0.0,0.0));
#15414=ORIENTED_EDGE('',*,*,#15415,.F.);
#15425=EDGE_CURVE('',#15220,#15416,#15430,.T.);
#15430=LINE('',#15221,#15432);
#15432=VECTOR('',#15433,0.329955678841871);
#15433=DIRECTION('',(0.577,-0.577,-0.577));
#15424=ORIENTED_EDGE('',*,*,#15425,.F.);
#15434=ORIENTED_EDGE('',*,*,#15219,.T.);
#15444=ORIENTED_EDGE('',*,*,#15376,.T.);
#15454=STYLED_ITEM('',(#34),#15455);
#15455=ADVANCED_FACE('',(#15461),#15456,.T.);
#15456=PLANE('',#15457);
#15457=AXIS2_PLACEMENT_3D('',#15458,#15459,#15460);
#15458=CARTESIAN_POINT('',(25.21,0.19,-5.08));
#15459=DIRECTION('',(-0.707,0.0,-0.707));
#15460=DIRECTION('',(0.,0.,1.));
#15461=FACE_OUTER_BOUND('',#15462,.T.);
#15462=EDGE_LOOP('',(#15463,#15473,#15483,#15493));
#15466=CARTESIAN_POINT('',(25.21,-0.19,-5.08));
#15465=VERTEX_POINT('',#15466);
#15464=EDGE_CURVE('',#15465,#15416,#15469,.T.);
#15469=LINE('',#15466,#15471);
#15471=VECTOR('',#15472,0.381);
#15472=DIRECTION('',(0.0,1.0,0.0));
#15463=ORIENTED_EDGE('',*,*,#15464,.F.);
#15474=EDGE_CURVE('',#15269,#15465,#15479,.T.);
#15479=LINE('',#15270,#15481);
#15481=VECTOR('',#15482,0.329955678841871);
#15482=DIRECTION('',(0.577,0.577,-0.577));
#15473=ORIENTED_EDGE('',*,*,#15474,.F.);
#15483=ORIENTED_EDGE('',*,*,#15268,.T.);
#15493=ORIENTED_EDGE('',*,*,#15425,.T.);
#15503=STYLED_ITEM('',(#34),#15504);
#15504=ADVANCED_FACE('',(#15510),#15505,.T.);
#15505=PLANE('',#15506);
#15506=AXIS2_PLACEMENT_3D('',#15507,#15508,#15509);
#15507=CARTESIAN_POINT('',(25.21,-0.19,-5.08));
#15508=DIRECTION('',(0.0,-0.707,-0.707));
#15509=DIRECTION('',(0.,0.,1.));
#15510=FACE_OUTER_BOUND('',#15511,.T.);
#15511=EDGE_LOOP('',(#15512,#15522,#15532,#15542));
#15513=EDGE_CURVE('',#15369,#15465,#15518,.T.);
#15518=LINE('',#15370,#15520);
#15520=VECTOR('',#15521,0.381);
#15521=DIRECTION('',(-1.0,0.0,0.0));
#15512=ORIENTED_EDGE('',*,*,#15513,.F.);
#15522=ORIENTED_EDGE('',*,*,#15396,.T.);
#15532=ORIENTED_EDGE('',*,*,#15317,.T.);
#15542=ORIENTED_EDGE('',*,*,#15474,.T.);
#15552=STYLED_ITEM('',(#34),#15553);
#15553=ADVANCED_FACE('',(#15559),#15554,.T.);
#15554=PLANE('',#15555);
#15555=AXIS2_PLACEMENT_3D('',#15556,#15557,#15558);
#15556=CARTESIAN_POINT('',(25.21,0.19,-5.08));
#15557=DIRECTION('',(0.0,0.0,-1.0));
#15558=DIRECTION('',(0.,1.,0.));
#15559=FACE_OUTER_BOUND('',#15560,.T.);
#15560=EDGE_LOOP('',(#15561,#15571,#15581,#15591));
#15561=ORIENTED_EDGE('',*,*,#15415,.T.);
#15571=ORIENTED_EDGE('',*,*,#15366,.T.);
#15581=ORIENTED_EDGE('',*,*,#15513,.T.);
#15591=ORIENTED_EDGE('',*,*,#15464,.T.);
#15601=MANIFOLD_SOLID_BREP($,#15602);
#15602=CLOSED_SHELL('',(#15606,#15655,#15704,#15753,#15802,#15851,#15900,#15949,#15998,#16047));
#15603=MANIFOLD_SOLID_BREP($,#15604);
#15604=CLOSED_SHELL('',(#16096,#16145,#16194,#16243,#16292,#16341,#16390,#16439,#16488,#16537));
#15605=STYLED_ITEM('',(#34),#15606);
#15606=ADVANCED_FACE('',(#15612),#15607,.T.);
#15607=PLANE('',#15608);
#15608=AXIS2_PLACEMENT_3D('',#15609,#15610,#15611);
#15609=CARTESIAN_POINT('',(22.67,-0.19,9.5));
#15610=DIRECTION('',(0.0,0.0,1.0));
#15611=DIRECTION('',(0.,1.,0.));
#15612=FACE_OUTER_BOUND('',#15613,.T.);
#15613=EDGE_LOOP('',(#15614,#15624,#15634,#15644));
#15617=CARTESIAN_POINT('',(23.05,-0.19,9.5));
#15616=VERTEX_POINT('',#15617);
#15619=CARTESIAN_POINT('',(22.67,-0.19,9.5));
#15618=VERTEX_POINT('',#15619);
#15615=EDGE_CURVE('',#15616,#15618,#15620,.T.);
#15620=LINE('',#15617,#15622);
#15622=VECTOR('',#15623,0.381);
#15623=DIRECTION('',(-1.0,0.0,0.0));
#15614=ORIENTED_EDGE('',*,*,#15615,.F.);
#15627=CARTESIAN_POINT('',(23.05,0.19,9.5));
#15626=VERTEX_POINT('',#15627);
#15625=EDGE_CURVE('',#15626,#15616,#15630,.T.);
#15630=LINE('',#15627,#15632);
#15632=VECTOR('',#15633,0.381);
#15633=DIRECTION('',(0.0,-1.0,0.0));
#15624=ORIENTED_EDGE('',*,*,#15625,.F.);
#15637=CARTESIAN_POINT('',(22.67,0.19,9.5));
#15636=VERTEX_POINT('',#15637);
#15635=EDGE_CURVE('',#15636,#15626,#15640,.T.);
#15640=LINE('',#15637,#15642);
#15642=VECTOR('',#15643,0.381);
#15643=DIRECTION('',(1.0,0.0,0.0));
#15634=ORIENTED_EDGE('',*,*,#15635,.F.);
#15645=EDGE_CURVE('',#15618,#15636,#15650,.T.);
#15650=LINE('',#15619,#15652);
#15652=VECTOR('',#15653,0.381);
#15653=DIRECTION('',(0.0,1.0,0.0));
#15644=ORIENTED_EDGE('',*,*,#15645,.F.);
#15654=STYLED_ITEM('',(#34),#15655);
#15655=ADVANCED_FACE('',(#15661),#15656,.T.);
#15656=PLANE('',#15657);
#15657=AXIS2_PLACEMENT_3D('',#15658,#15659,#15660);
#15658=CARTESIAN_POINT('',(23.241,-0.381,9.309));
#15659=DIRECTION('',(0.707,0.0,0.707));
#15660=DIRECTION('',(0.,0.,1.));
#15661=FACE_OUTER_BOUND('',#15662,.T.);
#15662=EDGE_LOOP('',(#15663,#15673,#15683,#15693));
#15666=CARTESIAN_POINT('',(23.241,0.381,9.309));
#15665=VERTEX_POINT('',#15666);
#15668=CARTESIAN_POINT('',(23.241,-0.381,9.309));
#15667=VERTEX_POINT('',#15668);
#15664=EDGE_CURVE('',#15665,#15667,#15669,.T.);
#15669=LINE('',#15666,#15671);
#15671=VECTOR('',#15672,0.762);
#15672=DIRECTION('',(0.0,-1.0,0.0));
#15663=ORIENTED_EDGE('',*,*,#15664,.F.);
#15674=EDGE_CURVE('',#15626,#15665,#15679,.T.);
#15679=LINE('',#15627,#15681);
#15681=VECTOR('',#15682,0.329955678841871);
#15682=DIRECTION('',(0.577,0.577,-0.577));
#15673=ORIENTED_EDGE('',*,*,#15674,.F.);
#15683=ORIENTED_EDGE('',*,*,#15625,.T.);
#15694=EDGE_CURVE('',#15667,#15616,#15699,.T.);
#15699=LINE('',#15668,#15701);
#15701=VECTOR('',#15702,0.329955678841871);
#15702=DIRECTION('',(-0.577,0.577,0.577));
#15693=ORIENTED_EDGE('',*,*,#15694,.F.);
#15703=STYLED_ITEM('',(#34),#15704);
#15704=ADVANCED_FACE('',(#15710),#15705,.T.);
#15705=PLANE('',#15706);
#15706=AXIS2_PLACEMENT_3D('',#15707,#15708,#15709);
#15707=CARTESIAN_POINT('',(23.241,0.381,9.309));
#15708=DIRECTION('',(0.0,0.707,0.707));
#15709=DIRECTION('',(0.,0.,1.));
#15710=FACE_OUTER_BOUND('',#15711,.T.);
#15711=EDGE_LOOP('',(#15712,#15722,#15732,#15742));
#15715=CARTESIAN_POINT('',(22.479,0.381,9.309));
#15714=VERTEX_POINT('',#15715);
#15713=EDGE_CURVE('',#15714,#15665,#15718,.T.);
#15718=LINE('',#15715,#15720);
#15720=VECTOR('',#15721,0.762);
#15721=DIRECTION('',(1.0,0.0,0.0));
#15712=ORIENTED_EDGE('',*,*,#15713,.F.);
#15723=EDGE_CURVE('',#15636,#15714,#15728,.T.);
#15728=LINE('',#15637,#15730);
#15730=VECTOR('',#15731,0.329955678841871);
#15731=DIRECTION('',(-0.577,0.577,-0.577));
#15722=ORIENTED_EDGE('',*,*,#15723,.F.);
#15732=ORIENTED_EDGE('',*,*,#15635,.T.);
#15742=ORIENTED_EDGE('',*,*,#15674,.T.);
#15752=STYLED_ITEM('',(#34),#15753);
#15753=ADVANCED_FACE('',(#15759),#15754,.T.);
#15754=PLANE('',#15755);
#15755=AXIS2_PLACEMENT_3D('',#15756,#15757,#15758);
#15756=CARTESIAN_POINT('',(22.479,0.381,9.309));
#15757=DIRECTION('',(-0.707,0.0,0.707));
#15758=DIRECTION('',(0.,0.,1.));
#15759=FACE_OUTER_BOUND('',#15760,.T.);
#15760=EDGE_LOOP('',(#15761,#15771,#15781,#15791));
#15764=CARTESIAN_POINT('',(22.479,-0.381,9.309));
#15763=VERTEX_POINT('',#15764);
#15762=EDGE_CURVE('',#15763,#15714,#15767,.T.);
#15767=LINE('',#15764,#15769);
#15769=VECTOR('',#15770,0.762);
#15770=DIRECTION('',(0.0,1.0,0.0));
#15761=ORIENTED_EDGE('',*,*,#15762,.F.);
#15772=EDGE_CURVE('',#15618,#15763,#15777,.T.);
#15777=LINE('',#15619,#15779);
#15779=VECTOR('',#15780,0.329955678841871);
#15780=DIRECTION('',(-0.577,-0.577,-0.577));
#15771=ORIENTED_EDGE('',*,*,#15772,.F.);
#15781=ORIENTED_EDGE('',*,*,#15645,.T.);
#15791=ORIENTED_EDGE('',*,*,#15723,.T.);
#15801=STYLED_ITEM('',(#34),#15802);
#15802=ADVANCED_FACE('',(#15808),#15803,.T.);
#15803=PLANE('',#15804);
#15804=AXIS2_PLACEMENT_3D('',#15805,#15806,#15807);
#15805=CARTESIAN_POINT('',(22.479,-0.381,9.309));
#15806=DIRECTION('',(0.0,-0.707,0.707));
#15807=DIRECTION('',(0.,0.,1.));
#15808=FACE_OUTER_BOUND('',#15809,.T.);
#15809=EDGE_LOOP('',(#15810,#15820,#15830,#15840));
#15811=EDGE_CURVE('',#15667,#15763,#15816,.T.);
#15816=LINE('',#15668,#15818);
#15818=VECTOR('',#15819,0.762);
#15819=DIRECTION('',(-1.0,0.0,0.0));
#15810=ORIENTED_EDGE('',*,*,#15811,.F.);
#15820=ORIENTED_EDGE('',*,*,#15694,.T.);
#15830=ORIENTED_EDGE('',*,*,#15615,.T.);
#15840=ORIENTED_EDGE('',*,*,#15772,.T.);
#15850=STYLED_ITEM('',(#34),#15851);
#15851=ADVANCED_FACE('',(#15857),#15852,.T.);
#15852=PLANE('',#15853);
#15853=AXIS2_PLACEMENT_3D('',#15854,#15855,#15856);
#15854=CARTESIAN_POINT('',(23.241,-0.381,2.862));
#15855=DIRECTION('',(1.0,0.0,0.0));
#15856=DIRECTION('',(0.,0.,1.));
#15857=FACE_OUTER_BOUND('',#15858,.T.);
#15858=EDGE_LOOP('',(#15859,#15869,#15879,#15889));
#15862=CARTESIAN_POINT('',(23.241,0.381,2.862));
#15861=VERTEX_POINT('',#15862);
#15864=CARTESIAN_POINT('',(23.241,-0.381,2.862));
#15863=VERTEX_POINT('',#15864);
#15860=EDGE_CURVE('',#15861,#15863,#15865,.T.);
#15865=LINE('',#15862,#15867);
#15867=VECTOR('',#15868,0.762);
#15868=DIRECTION('',(0.0,-1.0,0.0));
#15859=ORIENTED_EDGE('',*,*,#15860,.F.);
#15870=EDGE_CURVE('',#15665,#15861,#15875,.T.);
#15875=LINE('',#15666,#15877);
#15877=VECTOR('',#15878,6.4473695284);
#15878=DIRECTION('',(0.0,0.0,-1.0));
#15869=ORIENTED_EDGE('',*,*,#15870,.F.);
#15879=ORIENTED_EDGE('',*,*,#15664,.T.);
#15890=EDGE_CURVE('',#15863,#15667,#15895,.T.);
#15895=LINE('',#15864,#15897);
#15897=VECTOR('',#15898,6.4473695284);
#15898=DIRECTION('',(0.0,0.0,1.0));
#15889=ORIENTED_EDGE('',*,*,#15890,.F.);
#15899=STYLED_ITEM('',(#34),#15900);
#15900=ADVANCED_FACE('',(#15906),#15901,.T.);
#15901=PLANE('',#15902);
#15902=AXIS2_PLACEMENT_3D('',#15903,#15904,#15905);
#15903=CARTESIAN_POINT('',(23.241,0.381,2.862));
#15904=DIRECTION('',(0.0,1.0,0.0));
#15905=DIRECTION('',(0.,0.,1.));
#15906=FACE_OUTER_BOUND('',#15907,.T.);
#15907=EDGE_LOOP('',(#15908,#15918,#15928,#15938));
#15911=CARTESIAN_POINT('',(22.479,0.381,2.862));
#15910=VERTEX_POINT('',#15911);
#15909=EDGE_CURVE('',#15910,#15861,#15914,.T.);
#15914=LINE('',#15911,#15916);
#15916=VECTOR('',#15917,0.762);
#15917=DIRECTION('',(1.0,0.0,0.0));
#15908=ORIENTED_EDGE('',*,*,#15909,.F.);
#15919=EDGE_CURVE('',#15714,#15910,#15924,.T.);
#15924=LINE('',#15715,#15926);
#15926=VECTOR('',#15927,6.4473695284);
#15927=DIRECTION('',(0.0,0.0,-1.0));
#15918=ORIENTED_EDGE('',*,*,#15919,.F.);
#15928=ORIENTED_EDGE('',*,*,#15713,.T.);
#15938=ORIENTED_EDGE('',*,*,#15870,.T.);
#15948=STYLED_ITEM('',(#34),#15949);
#15949=ADVANCED_FACE('',(#15955),#15950,.T.);
#15950=PLANE('',#15951);
#15951=AXIS2_PLACEMENT_3D('',#15952,#15953,#15954);
#15952=CARTESIAN_POINT('',(22.479,0.381,2.862));
#15953=DIRECTION('',(-1.0,0.0,0.0));
#15954=DIRECTION('',(0.,0.,1.));
#15955=FACE_OUTER_BOUND('',#15956,.T.);
#15956=EDGE_LOOP('',(#15957,#15967,#15977,#15987));
#15960=CARTESIAN_POINT('',(22.479,-0.381,2.862));
#15959=VERTEX_POINT('',#15960);
#15958=EDGE_CURVE('',#15959,#15910,#15963,.T.);
#15963=LINE('',#15960,#15965);
#15965=VECTOR('',#15966,0.762);
#15966=DIRECTION('',(0.0,1.0,0.0));
#15957=ORIENTED_EDGE('',*,*,#15958,.F.);
#15968=EDGE_CURVE('',#15763,#15959,#15973,.T.);
#15973=LINE('',#15764,#15975);
#15975=VECTOR('',#15976,6.4473695284);
#15976=DIRECTION('',(0.0,0.0,-1.0));
#15967=ORIENTED_EDGE('',*,*,#15968,.F.);
#15977=ORIENTED_EDGE('',*,*,#15762,.T.);
#15987=ORIENTED_EDGE('',*,*,#15919,.T.);
#15997=STYLED_ITEM('',(#34),#15998);
#15998=ADVANCED_FACE('',(#16004),#15999,.T.);
#15999=PLANE('',#16000);
#16000=AXIS2_PLACEMENT_3D('',#16001,#16002,#16003);
#16001=CARTESIAN_POINT('',(22.479,-0.381,2.862));
#16002=DIRECTION('',(0.0,-1.0,0.0));
#16003=DIRECTION('',(0.,0.,1.));
#16004=FACE_OUTER_BOUND('',#16005,.T.);
#16005=EDGE_LOOP('',(#16006,#16016,#16026,#16036));
#16007=EDGE_CURVE('',#15863,#15959,#16012,.T.);
#16012=LINE('',#15864,#16014);
#16014=VECTOR('',#16015,0.762);
#16015=DIRECTION('',(-1.0,0.0,0.0));
#16006=ORIENTED_EDGE('',*,*,#16007,.F.);
#16016=ORIENTED_EDGE('',*,*,#15890,.T.);
#16026=ORIENTED_EDGE('',*,*,#15811,.T.);
#16036=ORIENTED_EDGE('',*,*,#15968,.T.);
#16046=STYLED_ITEM('',(#34),#16047);
#16047=ADVANCED_FACE('',(#16053),#16048,.T.);
#16048=PLANE('',#16049);
#16049=AXIS2_PLACEMENT_3D('',#16050,#16051,#16052);
#16050=CARTESIAN_POINT('',(22.479,0.381,2.862));
#16051=DIRECTION('',(0.0,0.0,-1.0));
#16052=DIRECTION('',(0.,1.,0.));
#16053=FACE_OUTER_BOUND('',#16054,.T.);
#16054=EDGE_LOOP('',(#16055,#16065,#16075,#16085));
#16055=ORIENTED_EDGE('',*,*,#15909,.T.);
#16065=ORIENTED_EDGE('',*,*,#15860,.T.);
#16075=ORIENTED_EDGE('',*,*,#16007,.T.);
#16085=ORIENTED_EDGE('',*,*,#15958,.T.);
#16095=STYLED_ITEM('',(#34),#16096);
#16096=ADVANCED_FACE('',(#16102),#16097,.T.);
#16097=PLANE('',#16098);
#16098=AXIS2_PLACEMENT_3D('',#16099,#16100,#16101);
#16099=CARTESIAN_POINT('',(22.479,-0.381,0.0));
#16100=DIRECTION('',(0.0,0.0,1.0));
#16101=DIRECTION('',(0.,1.,0.));
#16102=FACE_OUTER_BOUND('',#16103,.T.);
#16103=EDGE_LOOP('',(#16104,#16114,#16124,#16134));
#16107=CARTESIAN_POINT('',(23.241,-0.381,0.0));
#16106=VERTEX_POINT('',#16107);
#16109=CARTESIAN_POINT('',(22.479,-0.381,0.0));
#16108=VERTEX_POINT('',#16109);
#16105=EDGE_CURVE('',#16106,#16108,#16110,.T.);
#16110=LINE('',#16107,#16112);
#16112=VECTOR('',#16113,0.762);
#16113=DIRECTION('',(-1.0,0.0,0.0));
#16104=ORIENTED_EDGE('',*,*,#16105,.F.);
#16117=CARTESIAN_POINT('',(23.241,0.381,0.0));
#16116=VERTEX_POINT('',#16117);
#16115=EDGE_CURVE('',#16116,#16106,#16120,.T.);
#16120=LINE('',#16117,#16122);
#16122=VECTOR('',#16123,0.762);
#16123=DIRECTION('',(0.0,-1.0,0.0));
#16114=ORIENTED_EDGE('',*,*,#16115,.F.);
#16127=CARTESIAN_POINT('',(22.479,0.381,0.0));
#16126=VERTEX_POINT('',#16127);
#16125=EDGE_CURVE('',#16126,#16116,#16130,.T.);
#16130=LINE('',#16127,#16132);
#16132=VECTOR('',#16133,0.762);
#16133=DIRECTION('',(1.0,0.0,0.0));
#16124=ORIENTED_EDGE('',*,*,#16125,.F.);
#16135=EDGE_CURVE('',#16108,#16126,#16140,.T.);
#16140=LINE('',#16109,#16142);
#16142=VECTOR('',#16143,0.762);
#16143=DIRECTION('',(0.0,1.0,0.0));
#16134=ORIENTED_EDGE('',*,*,#16135,.F.);
#16144=STYLED_ITEM('',(#34),#16145);
#16145=ADVANCED_FACE('',(#16151),#16146,.T.);
#16146=PLANE('',#16147);
#16147=AXIS2_PLACEMENT_3D('',#16148,#16149,#16150);
#16148=CARTESIAN_POINT('',(23.241,-0.381,-4.89));
#16149=DIRECTION('',(1.0,0.0,0.0));
#16150=DIRECTION('',(0.,0.,1.));
#16151=FACE_OUTER_BOUND('',#16152,.T.);
#16152=EDGE_LOOP('',(#16153,#16163,#16173,#16183));
#16156=CARTESIAN_POINT('',(23.241,0.381,-4.89));
#16155=VERTEX_POINT('',#16156);
#16158=CARTESIAN_POINT('',(23.241,-0.381,-4.89));
#16157=VERTEX_POINT('',#16158);
#16154=EDGE_CURVE('',#16155,#16157,#16159,.T.);
#16159=LINE('',#16156,#16161);
#16161=VECTOR('',#16162,0.762);
#16162=DIRECTION('',(0.0,-1.0,0.0));
#16153=ORIENTED_EDGE('',*,*,#16154,.F.);
#16164=EDGE_CURVE('',#16116,#16155,#16169,.T.);
#16169=LINE('',#16117,#16171);
#16171=VECTOR('',#16172,4.8895);
#16172=DIRECTION('',(0.0,0.0,-1.0));
#16163=ORIENTED_EDGE('',*,*,#16164,.F.);
#16173=ORIENTED_EDGE('',*,*,#16115,.T.);
#16184=EDGE_CURVE('',#16157,#16106,#16189,.T.);
#16189=LINE('',#16158,#16191);
#16191=VECTOR('',#16192,4.8895);
#16192=DIRECTION('',(0.0,0.0,1.0));
#16183=ORIENTED_EDGE('',*,*,#16184,.F.);
#16193=STYLED_ITEM('',(#34),#16194);
#16194=ADVANCED_FACE('',(#16200),#16195,.T.);
#16195=PLANE('',#16196);
#16196=AXIS2_PLACEMENT_3D('',#16197,#16198,#16199);
#16197=CARTESIAN_POINT('',(23.241,0.381,-4.89));
#16198=DIRECTION('',(0.0,1.0,0.0));
#16199=DIRECTION('',(0.,0.,1.));
#16200=FACE_OUTER_BOUND('',#16201,.T.);
#16201=EDGE_LOOP('',(#16202,#16212,#16222,#16232));
#16205=CARTESIAN_POINT('',(22.479,0.381,-4.89));
#16204=VERTEX_POINT('',#16205);
#16203=EDGE_CURVE('',#16204,#16155,#16208,.T.);
#16208=LINE('',#16205,#16210);
#16210=VECTOR('',#16211,0.762);
#16211=DIRECTION('',(1.0,0.0,0.0));
#16202=ORIENTED_EDGE('',*,*,#16203,.F.);
#16213=EDGE_CURVE('',#16126,#16204,#16218,.T.);
#16218=LINE('',#16127,#16220);
#16220=VECTOR('',#16221,4.8895);
#16221=DIRECTION('',(0.0,0.0,-1.0));
#16212=ORIENTED_EDGE('',*,*,#16213,.F.);
#16222=ORIENTED_EDGE('',*,*,#16125,.T.);
#16232=ORIENTED_EDGE('',*,*,#16164,.T.);
#16242=STYLED_ITEM('',(#34),#16243);
#16243=ADVANCED_FACE('',(#16249),#16244,.T.);
#16244=PLANE('',#16245);
#16245=AXIS2_PLACEMENT_3D('',#16246,#16247,#16248);
#16246=CARTESIAN_POINT('',(22.479,0.381,-4.89));
#16247=DIRECTION('',(-1.0,0.0,0.0));
#16248=DIRECTION('',(0.,0.,1.));
#16249=FACE_OUTER_BOUND('',#16250,.T.);
#16250=EDGE_LOOP('',(#16251,#16261,#16271,#16281));
#16254=CARTESIAN_POINT('',(22.479,-0.381,-4.89));
#16253=VERTEX_POINT('',#16254);
#16252=EDGE_CURVE('',#16253,#16204,#16257,.T.);
#16257=LINE('',#16254,#16259);
#16259=VECTOR('',#16260,0.762);
#16260=DIRECTION('',(0.0,1.0,0.0));
#16251=ORIENTED_EDGE('',*,*,#16252,.F.);
#16262=EDGE_CURVE('',#16108,#16253,#16267,.T.);
#16267=LINE('',#16109,#16269);
#16269=VECTOR('',#16270,4.8895);
#16270=DIRECTION('',(0.0,0.0,-1.0));
#16261=ORIENTED_EDGE('',*,*,#16262,.F.);
#16271=ORIENTED_EDGE('',*,*,#16135,.T.);
#16281=ORIENTED_EDGE('',*,*,#16213,.T.);
#16291=STYLED_ITEM('',(#34),#16292);
#16292=ADVANCED_FACE('',(#16298),#16293,.T.);
#16293=PLANE('',#16294);
#16294=AXIS2_PLACEMENT_3D('',#16295,#16296,#16297);
#16295=CARTESIAN_POINT('',(22.479,-0.381,-4.89));
#16296=DIRECTION('',(0.0,-1.0,0.0));
#16297=DIRECTION('',(0.,0.,1.));
#16298=FACE_OUTER_BOUND('',#16299,.T.);
#16299=EDGE_LOOP('',(#16300,#16310,#16320,#16330));
#16301=EDGE_CURVE('',#16157,#16253,#16306,.T.);
#16306=LINE('',#16158,#16308);
#16308=VECTOR('',#16309,0.762);
#16309=DIRECTION('',(-1.0,0.0,0.0));
#16300=ORIENTED_EDGE('',*,*,#16301,.F.);
#16310=ORIENTED_EDGE('',*,*,#16184,.T.);
#16320=ORIENTED_EDGE('',*,*,#16105,.T.);
#16330=ORIENTED_EDGE('',*,*,#16262,.T.);
#16340=STYLED_ITEM('',(#34),#16341);
#16341=ADVANCED_FACE('',(#16347),#16342,.T.);
#16342=PLANE('',#16343);
#16343=AXIS2_PLACEMENT_3D('',#16344,#16345,#16346);
#16344=CARTESIAN_POINT('',(23.05,-0.19,-5.08));
#16345=DIRECTION('',(0.707,0.0,-0.707));
#16346=DIRECTION('',(0.,0.,1.));
#16347=FACE_OUTER_BOUND('',#16348,.T.);
#16348=EDGE_LOOP('',(#16349,#16359,#16369,#16379));
#16352=CARTESIAN_POINT('',(23.05,0.19,-5.08));
#16351=VERTEX_POINT('',#16352);
#16354=CARTESIAN_POINT('',(23.05,-0.19,-5.08));
#16353=VERTEX_POINT('',#16354);
#16350=EDGE_CURVE('',#16351,#16353,#16355,.T.);
#16355=LINE('',#16352,#16357);
#16357=VECTOR('',#16358,0.381);
#16358=DIRECTION('',(0.0,-1.0,0.0));
#16349=ORIENTED_EDGE('',*,*,#16350,.F.);
#16360=EDGE_CURVE('',#16155,#16351,#16365,.T.);
#16365=LINE('',#16156,#16367);
#16367=VECTOR('',#16368,0.329955678841871);
#16368=DIRECTION('',(-0.577,-0.577,-0.577));
#16359=ORIENTED_EDGE('',*,*,#16360,.F.);
#16369=ORIENTED_EDGE('',*,*,#16154,.T.);
#16380=EDGE_CURVE('',#16353,#16157,#16385,.T.);
#16385=LINE('',#16354,#16387);
#16387=VECTOR('',#16388,0.329955678841871);
#16388=DIRECTION('',(0.577,-0.577,0.577));
#16379=ORIENTED_EDGE('',*,*,#16380,.F.);
#16389=STYLED_ITEM('',(#34),#16390);
#16390=ADVANCED_FACE('',(#16396),#16391,.T.);
#16391=PLANE('',#16392);
#16392=AXIS2_PLACEMENT_3D('',#16393,#16394,#16395);
#16393=CARTESIAN_POINT('',(23.05,0.19,-5.08));
#16394=DIRECTION('',(0.0,0.707,-0.707));
#16395=DIRECTION('',(0.,0.,1.));
#16396=FACE_OUTER_BOUND('',#16397,.T.);
#16397=EDGE_LOOP('',(#16398,#16408,#16418,#16428));
#16401=CARTESIAN_POINT('',(22.67,0.19,-5.08));
#16400=VERTEX_POINT('',#16401);
#16399=EDGE_CURVE('',#16400,#16351,#16404,.T.);
#16404=LINE('',#16401,#16406);
#16406=VECTOR('',#16407,0.381);
#16407=DIRECTION('',(1.0,0.0,0.0));
#16398=ORIENTED_EDGE('',*,*,#16399,.F.);
#16409=EDGE_CURVE('',#16204,#16400,#16414,.T.);
#16414=LINE('',#16205,#16416);
#16416=VECTOR('',#16417,0.329955678841871);
#16417=DIRECTION('',(0.577,-0.577,-0.577));
#16408=ORIENTED_EDGE('',*,*,#16409,.F.);
#16418=ORIENTED_EDGE('',*,*,#16203,.T.);
#16428=ORIENTED_EDGE('',*,*,#16360,.T.);
#16438=STYLED_ITEM('',(#34),#16439);
#16439=ADVANCED_FACE('',(#16445),#16440,.T.);
#16440=PLANE('',#16441);
#16441=AXIS2_PLACEMENT_3D('',#16442,#16443,#16444);
#16442=CARTESIAN_POINT('',(22.67,0.19,-5.08));
#16443=DIRECTION('',(-0.707,0.0,-0.707));
#16444=DIRECTION('',(0.,0.,1.));
#16445=FACE_OUTER_BOUND('',#16446,.T.);
#16446=EDGE_LOOP('',(#16447,#16457,#16467,#16477));
#16450=CARTESIAN_POINT('',(22.67,-0.19,-5.08));
#16449=VERTEX_POINT('',#16450);
#16448=EDGE_CURVE('',#16449,#16400,#16453,.T.);
#16453=LINE('',#16450,#16455);
#16455=VECTOR('',#16456,0.381);
#16456=DIRECTION('',(0.0,1.0,0.0));
#16447=ORIENTED_EDGE('',*,*,#16448,.F.);
#16458=EDGE_CURVE('',#16253,#16449,#16463,.T.);
#16463=LINE('',#16254,#16465);
#16465=VECTOR('',#16466,0.329955678841871);
#16466=DIRECTION('',(0.577,0.577,-0.577));
#16457=ORIENTED_EDGE('',*,*,#16458,.F.);
#16467=ORIENTED_EDGE('',*,*,#16252,.T.);
#16477=ORIENTED_EDGE('',*,*,#16409,.T.);
#16487=STYLED_ITEM('',(#34),#16488);
#16488=ADVANCED_FACE('',(#16494),#16489,.T.);
#16489=PLANE('',#16490);
#16490=AXIS2_PLACEMENT_3D('',#16491,#16492,#16493);
#16491=CARTESIAN_POINT('',(22.67,-0.19,-5.08));
#16492=DIRECTION('',(0.0,-0.707,-0.707));
#16493=DIRECTION('',(0.,0.,1.));
#16494=FACE_OUTER_BOUND('',#16495,.T.);
#16495=EDGE_LOOP('',(#16496,#16506,#16516,#16526));
#16497=EDGE_CURVE('',#16353,#16449,#16502,.T.);
#16502=LINE('',#16354,#16504);
#16504=VECTOR('',#16505,0.381);
#16505=DIRECTION('',(-1.0,0.0,0.0));
#16496=ORIENTED_EDGE('',*,*,#16497,.F.);
#16506=ORIENTED_EDGE('',*,*,#16380,.T.);
#16516=ORIENTED_EDGE('',*,*,#16301,.T.);
#16526=ORIENTED_EDGE('',*,*,#16458,.T.);
#16536=STYLED_ITEM('',(#34),#16537);
#16537=ADVANCED_FACE('',(#16543),#16538,.T.);
#16538=PLANE('',#16539);
#16539=AXIS2_PLACEMENT_3D('',#16540,#16541,#16542);
#16540=CARTESIAN_POINT('',(22.67,0.19,-5.08));
#16541=DIRECTION('',(0.0,0.0,-1.0));
#16542=DIRECTION('',(0.,1.,0.));
#16543=FACE_OUTER_BOUND('',#16544,.T.);
#16544=EDGE_LOOP('',(#16545,#16555,#16565,#16575));
#16545=ORIENTED_EDGE('',*,*,#16399,.T.);
#16555=ORIENTED_EDGE('',*,*,#16350,.T.);
#16565=ORIENTED_EDGE('',*,*,#16497,.T.);
#16575=ORIENTED_EDGE('',*,*,#16448,.T.);
#16585=MANIFOLD_SOLID_BREP($,#16586);
#16586=CLOSED_SHELL('',(#16590,#16639,#16688,#16737,#16786,#16835,#16884,#16933,#16982,#17031));
#16587=MANIFOLD_SOLID_BREP($,#16588);
#16588=CLOSED_SHELL('',(#17080,#17129,#17178,#17227,#17276,#17325,#17374,#17423,#17472,#17521));
#16589=STYLED_ITEM('',(#34),#16590);
#16590=ADVANCED_FACE('',(#16596),#16591,.T.);
#16591=PLANE('',#16592);
#16592=AXIS2_PLACEMENT_3D('',#16593,#16594,#16595);
#16593=CARTESIAN_POINT('',(20.13,-0.19,9.5));
#16594=DIRECTION('',(0.0,0.0,1.0));
#16595=DIRECTION('',(0.,1.,0.));
#16596=FACE_OUTER_BOUND('',#16597,.T.);
#16597=EDGE_LOOP('',(#16598,#16608,#16618,#16628));
#16601=CARTESIAN_POINT('',(20.51,-0.19,9.5));
#16600=VERTEX_POINT('',#16601);
#16603=CARTESIAN_POINT('',(20.13,-0.19,9.5));
#16602=VERTEX_POINT('',#16603);
#16599=EDGE_CURVE('',#16600,#16602,#16604,.T.);
#16604=LINE('',#16601,#16606);
#16606=VECTOR('',#16607,0.381);
#16607=DIRECTION('',(-1.0,0.0,0.0));
#16598=ORIENTED_EDGE('',*,*,#16599,.F.);
#16611=CARTESIAN_POINT('',(20.51,0.19,9.5));
#16610=VERTEX_POINT('',#16611);
#16609=EDGE_CURVE('',#16610,#16600,#16614,.T.);
#16614=LINE('',#16611,#16616);
#16616=VECTOR('',#16617,0.381);
#16617=DIRECTION('',(0.0,-1.0,0.0));
#16608=ORIENTED_EDGE('',*,*,#16609,.F.);
#16621=CARTESIAN_POINT('',(20.13,0.19,9.5));
#16620=VERTEX_POINT('',#16621);
#16619=EDGE_CURVE('',#16620,#16610,#16624,.T.);
#16624=LINE('',#16621,#16626);
#16626=VECTOR('',#16627,0.381);
#16627=DIRECTION('',(1.0,0.0,0.0));
#16618=ORIENTED_EDGE('',*,*,#16619,.F.);
#16629=EDGE_CURVE('',#16602,#16620,#16634,.T.);
#16634=LINE('',#16603,#16636);
#16636=VECTOR('',#16637,0.381);
#16637=DIRECTION('',(0.0,1.0,0.0));
#16628=ORIENTED_EDGE('',*,*,#16629,.F.);
#16638=STYLED_ITEM('',(#34),#16639);
#16639=ADVANCED_FACE('',(#16645),#16640,.T.);
#16640=PLANE('',#16641);
#16641=AXIS2_PLACEMENT_3D('',#16642,#16643,#16644);
#16642=CARTESIAN_POINT('',(20.701,-0.381,9.309));
#16643=DIRECTION('',(0.707,0.0,0.707));
#16644=DIRECTION('',(0.,0.,1.));
#16645=FACE_OUTER_BOUND('',#16646,.T.);
#16646=EDGE_LOOP('',(#16647,#16657,#16667,#16677));
#16650=CARTESIAN_POINT('',(20.701,0.381,9.309));
#16649=VERTEX_POINT('',#16650);
#16652=CARTESIAN_POINT('',(20.701,-0.381,9.309));
#16651=VERTEX_POINT('',#16652);
#16648=EDGE_CURVE('',#16649,#16651,#16653,.T.);
#16653=LINE('',#16650,#16655);
#16655=VECTOR('',#16656,0.762);
#16656=DIRECTION('',(0.0,-1.0,0.0));
#16647=ORIENTED_EDGE('',*,*,#16648,.F.);
#16658=EDGE_CURVE('',#16610,#16649,#16663,.T.);
#16663=LINE('',#16611,#16665);
#16665=VECTOR('',#16666,0.329955678841871);
#16666=DIRECTION('',(0.577,0.577,-0.577));
#16657=ORIENTED_EDGE('',*,*,#16658,.F.);
#16667=ORIENTED_EDGE('',*,*,#16609,.T.);
#16678=EDGE_CURVE('',#16651,#16600,#16683,.T.);
#16683=LINE('',#16652,#16685);
#16685=VECTOR('',#16686,0.329955678841871);
#16686=DIRECTION('',(-0.577,0.577,0.577));
#16677=ORIENTED_EDGE('',*,*,#16678,.F.);
#16687=STYLED_ITEM('',(#34),#16688);
#16688=ADVANCED_FACE('',(#16694),#16689,.T.);
#16689=PLANE('',#16690);
#16690=AXIS2_PLACEMENT_3D('',#16691,#16692,#16693);
#16691=CARTESIAN_POINT('',(20.701,0.381,9.309));
#16692=DIRECTION('',(0.0,0.707,0.707));
#16693=DIRECTION('',(0.,0.,1.));
#16694=FACE_OUTER_BOUND('',#16695,.T.);
#16695=EDGE_LOOP('',(#16696,#16706,#16716,#16726));
#16699=CARTESIAN_POINT('',(19.939,0.381,9.309));
#16698=VERTEX_POINT('',#16699);
#16697=EDGE_CURVE('',#16698,#16649,#16702,.T.);
#16702=LINE('',#16699,#16704);
#16704=VECTOR('',#16705,0.762);
#16705=DIRECTION('',(1.0,0.0,0.0));
#16696=ORIENTED_EDGE('',*,*,#16697,.F.);
#16707=EDGE_CURVE('',#16620,#16698,#16712,.T.);
#16712=LINE('',#16621,#16714);
#16714=VECTOR('',#16715,0.329955678841871);
#16715=DIRECTION('',(-0.577,0.577,-0.577));
#16706=ORIENTED_EDGE('',*,*,#16707,.F.);
#16716=ORIENTED_EDGE('',*,*,#16619,.T.);
#16726=ORIENTED_EDGE('',*,*,#16658,.T.);
#16736=STYLED_ITEM('',(#34),#16737);
#16737=ADVANCED_FACE('',(#16743),#16738,.T.);
#16738=PLANE('',#16739);
#16739=AXIS2_PLACEMENT_3D('',#16740,#16741,#16742);
#16740=CARTESIAN_POINT('',(19.939,0.381,9.309));
#16741=DIRECTION('',(-0.707,0.0,0.707));
#16742=DIRECTION('',(0.,0.,1.));
#16743=FACE_OUTER_BOUND('',#16744,.T.);
#16744=EDGE_LOOP('',(#16745,#16755,#16765,#16775));
#16748=CARTESIAN_POINT('',(19.939,-0.381,9.309));
#16747=VERTEX_POINT('',#16748);
#16746=EDGE_CURVE('',#16747,#16698,#16751,.T.);
#16751=LINE('',#16748,#16753);
#16753=VECTOR('',#16754,0.762);
#16754=DIRECTION('',(0.0,1.0,0.0));
#16745=ORIENTED_EDGE('',*,*,#16746,.F.);
#16756=EDGE_CURVE('',#16602,#16747,#16761,.T.);
#16761=LINE('',#16603,#16763);
#16763=VECTOR('',#16764,0.329955678841871);
#16764=DIRECTION('',(-0.577,-0.577,-0.577));
#16755=ORIENTED_EDGE('',*,*,#16756,.F.);
#16765=ORIENTED_EDGE('',*,*,#16629,.T.);
#16775=ORIENTED_EDGE('',*,*,#16707,.T.);
#16785=STYLED_ITEM('',(#34),#16786);
#16786=ADVANCED_FACE('',(#16792),#16787,.T.);
#16787=PLANE('',#16788);
#16788=AXIS2_PLACEMENT_3D('',#16789,#16790,#16791);
#16789=CARTESIAN_POINT('',(19.939,-0.381,9.309));
#16790=DIRECTION('',(0.0,-0.707,0.707));
#16791=DIRECTION('',(0.,0.,1.));
#16792=FACE_OUTER_BOUND('',#16793,.T.);
#16793=EDGE_LOOP('',(#16794,#16804,#16814,#16824));
#16795=EDGE_CURVE('',#16651,#16747,#16800,.T.);
#16800=LINE('',#16652,#16802);
#16802=VECTOR('',#16803,0.762);
#16803=DIRECTION('',(-1.0,0.0,0.0));
#16794=ORIENTED_EDGE('',*,*,#16795,.F.);
#16804=ORIENTED_EDGE('',*,*,#16678,.T.);
#16814=ORIENTED_EDGE('',*,*,#16599,.T.);
#16824=ORIENTED_EDGE('',*,*,#16756,.T.);
#16834=STYLED_ITEM('',(#34),#16835);
#16835=ADVANCED_FACE('',(#16841),#16836,.T.);
#16836=PLANE('',#16837);
#16837=AXIS2_PLACEMENT_3D('',#16838,#16839,#16840);
#16838=CARTESIAN_POINT('',(20.701,-0.381,2.862));
#16839=DIRECTION('',(1.0,0.0,0.0));
#16840=DIRECTION('',(0.,0.,1.));
#16841=FACE_OUTER_BOUND('',#16842,.T.);
#16842=EDGE_LOOP('',(#16843,#16853,#16863,#16873));
#16846=CARTESIAN_POINT('',(20.701,0.381,2.862));
#16845=VERTEX_POINT('',#16846);
#16848=CARTESIAN_POINT('',(20.701,-0.381,2.862));
#16847=VERTEX_POINT('',#16848);
#16844=EDGE_CURVE('',#16845,#16847,#16849,.T.);
#16849=LINE('',#16846,#16851);
#16851=VECTOR('',#16852,0.762);
#16852=DIRECTION('',(0.0,-1.0,0.0));
#16843=ORIENTED_EDGE('',*,*,#16844,.F.);
#16854=EDGE_CURVE('',#16649,#16845,#16859,.T.);
#16859=LINE('',#16650,#16861);
#16861=VECTOR('',#16862,6.4473695284);
#16862=DIRECTION('',(0.0,0.0,-1.0));
#16853=ORIENTED_EDGE('',*,*,#16854,.F.);
#16863=ORIENTED_EDGE('',*,*,#16648,.T.);
#16874=EDGE_CURVE('',#16847,#16651,#16879,.T.);
#16879=LINE('',#16848,#16881);
#16881=VECTOR('',#16882,6.4473695284);
#16882=DIRECTION('',(0.0,0.0,1.0));
#16873=ORIENTED_EDGE('',*,*,#16874,.F.);
#16883=STYLED_ITEM('',(#34),#16884);
#16884=ADVANCED_FACE('',(#16890),#16885,.T.);
#16885=PLANE('',#16886);
#16886=AXIS2_PLACEMENT_3D('',#16887,#16888,#16889);
#16887=CARTESIAN_POINT('',(20.701,0.381,2.862));
#16888=DIRECTION('',(0.0,1.0,0.0));
#16889=DIRECTION('',(0.,0.,1.));
#16890=FACE_OUTER_BOUND('',#16891,.T.);
#16891=EDGE_LOOP('',(#16892,#16902,#16912,#16922));
#16895=CARTESIAN_POINT('',(19.939,0.381,2.862));
#16894=VERTEX_POINT('',#16895);
#16893=EDGE_CURVE('',#16894,#16845,#16898,.T.);
#16898=LINE('',#16895,#16900);
#16900=VECTOR('',#16901,0.762);
#16901=DIRECTION('',(1.0,0.0,0.0));
#16892=ORIENTED_EDGE('',*,*,#16893,.F.);
#16903=EDGE_CURVE('',#16698,#16894,#16908,.T.);
#16908=LINE('',#16699,#16910);
#16910=VECTOR('',#16911,6.4473695284);
#16911=DIRECTION('',(0.0,0.0,-1.0));
#16902=ORIENTED_EDGE('',*,*,#16903,.F.);
#16912=ORIENTED_EDGE('',*,*,#16697,.T.);
#16922=ORIENTED_EDGE('',*,*,#16854,.T.);
#16932=STYLED_ITEM('',(#34),#16933);
#16933=ADVANCED_FACE('',(#16939),#16934,.T.);
#16934=PLANE('',#16935);
#16935=AXIS2_PLACEMENT_3D('',#16936,#16937,#16938);
#16936=CARTESIAN_POINT('',(19.939,0.381,2.862));
#16937=DIRECTION('',(-1.0,0.0,0.0));
#16938=DIRECTION('',(0.,0.,1.));
#16939=FACE_OUTER_BOUND('',#16940,.T.);
#16940=EDGE_LOOP('',(#16941,#16951,#16961,#16971));
#16944=CARTESIAN_POINT('',(19.939,-0.381,2.862));
#16943=VERTEX_POINT('',#16944);
#16942=EDGE_CURVE('',#16943,#16894,#16947,.T.);
#16947=LINE('',#16944,#16949);
#16949=VECTOR('',#16950,0.762);
#16950=DIRECTION('',(0.0,1.0,0.0));
#16941=ORIENTED_EDGE('',*,*,#16942,.F.);
#16952=EDGE_CURVE('',#16747,#16943,#16957,.T.);
#16957=LINE('',#16748,#16959);
#16959=VECTOR('',#16960,6.4473695284);
#16960=DIRECTION('',(0.0,0.0,-1.0));
#16951=ORIENTED_EDGE('',*,*,#16952,.F.);
#16961=ORIENTED_EDGE('',*,*,#16746,.T.);
#16971=ORIENTED_EDGE('',*,*,#16903,.T.);
#16981=STYLED_ITEM('',(#34),#16982);
#16982=ADVANCED_FACE('',(#16988),#16983,.T.);
#16983=PLANE('',#16984);
#16984=AXIS2_PLACEMENT_3D('',#16985,#16986,#16987);
#16985=CARTESIAN_POINT('',(19.939,-0.381,2.862));
#16986=DIRECTION('',(0.0,-1.0,0.0));
#16987=DIRECTION('',(0.,0.,1.));
#16988=FACE_OUTER_BOUND('',#16989,.T.);
#16989=EDGE_LOOP('',(#16990,#17000,#17010,#17020));
#16991=EDGE_CURVE('',#16847,#16943,#16996,.T.);
#16996=LINE('',#16848,#16998);
#16998=VECTOR('',#16999,0.762);
#16999=DIRECTION('',(-1.0,0.0,0.0));
#16990=ORIENTED_EDGE('',*,*,#16991,.F.);
#17000=ORIENTED_EDGE('',*,*,#16874,.T.);
#17010=ORIENTED_EDGE('',*,*,#16795,.T.);
#17020=ORIENTED_EDGE('',*,*,#16952,.T.);
#17030=STYLED_ITEM('',(#34),#17031);
#17031=ADVANCED_FACE('',(#17037),#17032,.T.);
#17032=PLANE('',#17033);
#17033=AXIS2_PLACEMENT_3D('',#17034,#17035,#17036);
#17034=CARTESIAN_POINT('',(19.939,0.381,2.862));
#17035=DIRECTION('',(0.0,0.0,-1.0));
#17036=DIRECTION('',(0.,1.,0.));
#17037=FACE_OUTER_BOUND('',#17038,.T.);
#17038=EDGE_LOOP('',(#17039,#17049,#17059,#17069));
#17039=ORIENTED_EDGE('',*,*,#16893,.T.);
#17049=ORIENTED_EDGE('',*,*,#16844,.T.);
#17059=ORIENTED_EDGE('',*,*,#16991,.T.);
#17069=ORIENTED_EDGE('',*,*,#16942,.T.);
#17079=STYLED_ITEM('',(#34),#17080);
#17080=ADVANCED_FACE('',(#17086),#17081,.T.);
#17081=PLANE('',#17082);
#17082=AXIS2_PLACEMENT_3D('',#17083,#17084,#17085);
#17083=CARTESIAN_POINT('',(19.939,-0.381,0.0));
#17084=DIRECTION('',(0.0,0.0,1.0));
#17085=DIRECTION('',(0.,1.,0.));
#17086=FACE_OUTER_BOUND('',#17087,.T.);
#17087=EDGE_LOOP('',(#17088,#17098,#17108,#17118));
#17091=CARTESIAN_POINT('',(20.701,-0.381,0.0));
#17090=VERTEX_POINT('',#17091);
#17093=CARTESIAN_POINT('',(19.939,-0.381,0.0));
#17092=VERTEX_POINT('',#17093);
#17089=EDGE_CURVE('',#17090,#17092,#17094,.T.);
#17094=LINE('',#17091,#17096);
#17096=VECTOR('',#17097,0.762);
#17097=DIRECTION('',(-1.0,0.0,0.0));
#17088=ORIENTED_EDGE('',*,*,#17089,.F.);
#17101=CARTESIAN_POINT('',(20.701,0.381,0.0));
#17100=VERTEX_POINT('',#17101);
#17099=EDGE_CURVE('',#17100,#17090,#17104,.T.);
#17104=LINE('',#17101,#17106);
#17106=VECTOR('',#17107,0.762);
#17107=DIRECTION('',(0.0,-1.0,0.0));
#17098=ORIENTED_EDGE('',*,*,#17099,.F.);
#17111=CARTESIAN_POINT('',(19.939,0.381,0.0));
#17110=VERTEX_POINT('',#17111);
#17109=EDGE_CURVE('',#17110,#17100,#17114,.T.);
#17114=LINE('',#17111,#17116);
#17116=VECTOR('',#17117,0.762);
#17117=DIRECTION('',(1.0,0.0,0.0));
#17108=ORIENTED_EDGE('',*,*,#17109,.F.);
#17119=EDGE_CURVE('',#17092,#17110,#17124,.T.);
#17124=LINE('',#17093,#17126);
#17126=VECTOR('',#17127,0.762);
#17127=DIRECTION('',(0.0,1.0,0.0));
#17118=ORIENTED_EDGE('',*,*,#17119,.F.);
#17128=STYLED_ITEM('',(#34),#17129);
#17129=ADVANCED_FACE('',(#17135),#17130,.T.);
#17130=PLANE('',#17131);
#17131=AXIS2_PLACEMENT_3D('',#17132,#17133,#17134);
#17132=CARTESIAN_POINT('',(20.701,-0.381,-4.89));
#17133=DIRECTION('',(1.0,0.0,0.0));
#17134=DIRECTION('',(0.,0.,1.));
#17135=FACE_OUTER_BOUND('',#17136,.T.);
#17136=EDGE_LOOP('',(#17137,#17147,#17157,#17167));
#17140=CARTESIAN_POINT('',(20.701,0.381,-4.89));
#17139=VERTEX_POINT('',#17140);
#17142=CARTESIAN_POINT('',(20.701,-0.381,-4.89));
#17141=VERTEX_POINT('',#17142);
#17138=EDGE_CURVE('',#17139,#17141,#17143,.T.);
#17143=LINE('',#17140,#17145);
#17145=VECTOR('',#17146,0.762);
#17146=DIRECTION('',(0.0,-1.0,0.0));
#17137=ORIENTED_EDGE('',*,*,#17138,.F.);
#17148=EDGE_CURVE('',#17100,#17139,#17153,.T.);
#17153=LINE('',#17101,#17155);
#17155=VECTOR('',#17156,4.8895);
#17156=DIRECTION('',(0.0,0.0,-1.0));
#17147=ORIENTED_EDGE('',*,*,#17148,.F.);
#17157=ORIENTED_EDGE('',*,*,#17099,.T.);
#17168=EDGE_CURVE('',#17141,#17090,#17173,.T.);
#17173=LINE('',#17142,#17175);
#17175=VECTOR('',#17176,4.8895);
#17176=DIRECTION('',(0.0,0.0,1.0));
#17167=ORIENTED_EDGE('',*,*,#17168,.F.);
#17177=STYLED_ITEM('',(#34),#17178);
#17178=ADVANCED_FACE('',(#17184),#17179,.T.);
#17179=PLANE('',#17180);
#17180=AXIS2_PLACEMENT_3D('',#17181,#17182,#17183);
#17181=CARTESIAN_POINT('',(20.701,0.381,-4.89));
#17182=DIRECTION('',(0.0,1.0,0.0));
#17183=DIRECTION('',(0.,0.,1.));
#17184=FACE_OUTER_BOUND('',#17185,.T.);
#17185=EDGE_LOOP('',(#17186,#17196,#17206,#17216));
#17189=CARTESIAN_POINT('',(19.939,0.381,-4.89));
#17188=VERTEX_POINT('',#17189);
#17187=EDGE_CURVE('',#17188,#17139,#17192,.T.);
#17192=LINE('',#17189,#17194);
#17194=VECTOR('',#17195,0.762);
#17195=DIRECTION('',(1.0,0.0,0.0));
#17186=ORIENTED_EDGE('',*,*,#17187,.F.);
#17197=EDGE_CURVE('',#17110,#17188,#17202,.T.);
#17202=LINE('',#17111,#17204);
#17204=VECTOR('',#17205,4.8895);
#17205=DIRECTION('',(0.0,0.0,-1.0));
#17196=ORIENTED_EDGE('',*,*,#17197,.F.);
#17206=ORIENTED_EDGE('',*,*,#17109,.T.);
#17216=ORIENTED_EDGE('',*,*,#17148,.T.);
#17226=STYLED_ITEM('',(#34),#17227);
#17227=ADVANCED_FACE('',(#17233),#17228,.T.);
#17228=PLANE('',#17229);
#17229=AXIS2_PLACEMENT_3D('',#17230,#17231,#17232);
#17230=CARTESIAN_POINT('',(19.939,0.381,-4.89));
#17231=DIRECTION('',(-1.0,0.0,0.0));
#17232=DIRECTION('',(0.,0.,1.));
#17233=FACE_OUTER_BOUND('',#17234,.T.);
#17234=EDGE_LOOP('',(#17235,#17245,#17255,#17265));
#17238=CARTESIAN_POINT('',(19.939,-0.381,-4.89));
#17237=VERTEX_POINT('',#17238);
#17236=EDGE_CURVE('',#17237,#17188,#17241,.T.);
#17241=LINE('',#17238,#17243);
#17243=VECTOR('',#17244,0.762);
#17244=DIRECTION('',(0.0,1.0,0.0));
#17235=ORIENTED_EDGE('',*,*,#17236,.F.);
#17246=EDGE_CURVE('',#17092,#17237,#17251,.T.);
#17251=LINE('',#17093,#17253);
#17253=VECTOR('',#17254,4.8895);
#17254=DIRECTION('',(0.0,0.0,-1.0));
#17245=ORIENTED_EDGE('',*,*,#17246,.F.);
#17255=ORIENTED_EDGE('',*,*,#17119,.T.);
#17265=ORIENTED_EDGE('',*,*,#17197,.T.);
#17275=STYLED_ITEM('',(#34),#17276);
#17276=ADVANCED_FACE('',(#17282),#17277,.T.);
#17277=PLANE('',#17278);
#17278=AXIS2_PLACEMENT_3D('',#17279,#17280,#17281);
#17279=CARTESIAN_POINT('',(19.939,-0.381,-4.89));
#17280=DIRECTION('',(0.0,-1.0,0.0));
#17281=DIRECTION('',(0.,0.,1.));
#17282=FACE_OUTER_BOUND('',#17283,.T.);
#17283=EDGE_LOOP('',(#17284,#17294,#17304,#17314));
#17285=EDGE_CURVE('',#17141,#17237,#17290,.T.);
#17290=LINE('',#17142,#17292);
#17292=VECTOR('',#17293,0.762);
#17293=DIRECTION('',(-1.0,0.0,0.0));
#17284=ORIENTED_EDGE('',*,*,#17285,.F.);
#17294=ORIENTED_EDGE('',*,*,#17168,.T.);
#17304=ORIENTED_EDGE('',*,*,#17089,.T.);
#17314=ORIENTED_EDGE('',*,*,#17246,.T.);
#17324=STYLED_ITEM('',(#34),#17325);
#17325=ADVANCED_FACE('',(#17331),#17326,.T.);
#17326=PLANE('',#17327);
#17327=AXIS2_PLACEMENT_3D('',#17328,#17329,#17330);
#17328=CARTESIAN_POINT('',(20.51,-0.19,-5.08));
#17329=DIRECTION('',(0.707,0.0,-0.707));
#17330=DIRECTION('',(0.,0.,1.));
#17331=FACE_OUTER_BOUND('',#17332,.T.);
#17332=EDGE_LOOP('',(#17333,#17343,#17353,#17363));
#17336=CARTESIAN_POINT('',(20.51,0.19,-5.08));
#17335=VERTEX_POINT('',#17336);
#17338=CARTESIAN_POINT('',(20.51,-0.19,-5.08));
#17337=VERTEX_POINT('',#17338);
#17334=EDGE_CURVE('',#17335,#17337,#17339,.T.);
#17339=LINE('',#17336,#17341);
#17341=VECTOR('',#17342,0.381);
#17342=DIRECTION('',(0.0,-1.0,0.0));
#17333=ORIENTED_EDGE('',*,*,#17334,.F.);
#17344=EDGE_CURVE('',#17139,#17335,#17349,.T.);
#17349=LINE('',#17140,#17351);
#17351=VECTOR('',#17352,0.329955678841871);
#17352=DIRECTION('',(-0.577,-0.577,-0.577));
#17343=ORIENTED_EDGE('',*,*,#17344,.F.);
#17353=ORIENTED_EDGE('',*,*,#17138,.T.);
#17364=EDGE_CURVE('',#17337,#17141,#17369,.T.);
#17369=LINE('',#17338,#17371);
#17371=VECTOR('',#17372,0.329955678841871);
#17372=DIRECTION('',(0.577,-0.577,0.577));
#17363=ORIENTED_EDGE('',*,*,#17364,.F.);
#17373=STYLED_ITEM('',(#34),#17374);
#17374=ADVANCED_FACE('',(#17380),#17375,.T.);
#17375=PLANE('',#17376);
#17376=AXIS2_PLACEMENT_3D('',#17377,#17378,#17379);
#17377=CARTESIAN_POINT('',(20.51,0.19,-5.08));
#17378=DIRECTION('',(0.0,0.707,-0.707));
#17379=DIRECTION('',(0.,0.,1.));
#17380=FACE_OUTER_BOUND('',#17381,.T.);
#17381=EDGE_LOOP('',(#17382,#17392,#17402,#17412));
#17385=CARTESIAN_POINT('',(20.13,0.19,-5.08));
#17384=VERTEX_POINT('',#17385);
#17383=EDGE_CURVE('',#17384,#17335,#17388,.T.);
#17388=LINE('',#17385,#17390);
#17390=VECTOR('',#17391,0.381);
#17391=DIRECTION('',(1.0,0.0,0.0));
#17382=ORIENTED_EDGE('',*,*,#17383,.F.);
#17393=EDGE_CURVE('',#17188,#17384,#17398,.T.);
#17398=LINE('',#17189,#17400);
#17400=VECTOR('',#17401,0.329955678841871);
#17401=DIRECTION('',(0.577,-0.577,-0.577));
#17392=ORIENTED_EDGE('',*,*,#17393,.F.);
#17402=ORIENTED_EDGE('',*,*,#17187,.T.);
#17412=ORIENTED_EDGE('',*,*,#17344,.T.);
#17422=STYLED_ITEM('',(#34),#17423);
#17423=ADVANCED_FACE('',(#17429),#17424,.T.);
#17424=PLANE('',#17425);
#17425=AXIS2_PLACEMENT_3D('',#17426,#17427,#17428);
#17426=CARTESIAN_POINT('',(20.13,0.19,-5.08));
#17427=DIRECTION('',(-0.707,0.0,-0.707));
#17428=DIRECTION('',(0.,0.,1.));
#17429=FACE_OUTER_BOUND('',#17430,.T.);
#17430=EDGE_LOOP('',(#17431,#17441,#17451,#17461));
#17434=CARTESIAN_POINT('',(20.13,-0.19,-5.08));
#17433=VERTEX_POINT('',#17434);
#17432=EDGE_CURVE('',#17433,#17384,#17437,.T.);
#17437=LINE('',#17434,#17439);
#17439=VECTOR('',#17440,0.381);
#17440=DIRECTION('',(0.0,1.0,0.0));
#17431=ORIENTED_EDGE('',*,*,#17432,.F.);
#17442=EDGE_CURVE('',#17237,#17433,#17447,.T.);
#17447=LINE('',#17238,#17449);
#17449=VECTOR('',#17450,0.329955678841871);
#17450=DIRECTION('',(0.577,0.577,-0.577));
#17441=ORIENTED_EDGE('',*,*,#17442,.F.);
#17451=ORIENTED_EDGE('',*,*,#17236,.T.);
#17461=ORIENTED_EDGE('',*,*,#17393,.T.);
#17471=STYLED_ITEM('',(#34),#17472);
#17472=ADVANCED_FACE('',(#17478),#17473,.T.);
#17473=PLANE('',#17474);
#17474=AXIS2_PLACEMENT_3D('',#17475,#17476,#17477);
#17475=CARTESIAN_POINT('',(20.13,-0.19,-5.08));
#17476=DIRECTION('',(0.0,-0.707,-0.707));
#17477=DIRECTION('',(0.,0.,1.));
#17478=FACE_OUTER_BOUND('',#17479,.T.);
#17479=EDGE_LOOP('',(#17480,#17490,#17500,#17510));
#17481=EDGE_CURVE('',#17337,#17433,#17486,.T.);
#17486=LINE('',#17338,#17488);
#17488=VECTOR('',#17489,0.381);
#17489=DIRECTION('',(-1.0,0.0,0.0));
#17480=ORIENTED_EDGE('',*,*,#17481,.F.);
#17490=ORIENTED_EDGE('',*,*,#17364,.T.);
#17500=ORIENTED_EDGE('',*,*,#17285,.T.);
#17510=ORIENTED_EDGE('',*,*,#17442,.T.);
#17520=STYLED_ITEM('',(#34),#17521);
#17521=ADVANCED_FACE('',(#17527),#17522,.T.);
#17522=PLANE('',#17523);
#17523=AXIS2_PLACEMENT_3D('',#17524,#17525,#17526);
#17524=CARTESIAN_POINT('',(20.13,0.19,-5.08));
#17525=DIRECTION('',(0.0,0.0,-1.0));
#17526=DIRECTION('',(0.,1.,0.));
#17527=FACE_OUTER_BOUND('',#17528,.T.);
#17528=EDGE_LOOP('',(#17529,#17539,#17549,#17559));
#17529=ORIENTED_EDGE('',*,*,#17383,.T.);
#17539=ORIENTED_EDGE('',*,*,#17334,.T.);
#17549=ORIENTED_EDGE('',*,*,#17481,.T.);
#17559=ORIENTED_EDGE('',*,*,#17432,.T.);
#17569=MANIFOLD_SOLID_BREP($,#17570);
#17570=CLOSED_SHELL('',(#17574,#17623,#17672,#17721,#17770,#17819,#17868,#17917,#17966,#18015));
#17571=MANIFOLD_SOLID_BREP($,#17572);
#17572=CLOSED_SHELL('',(#18064,#18113,#18162,#18211,#18260,#18309,#18358,#18407,#18456,#18505));
#17573=STYLED_ITEM('',(#34),#17574);
#17574=ADVANCED_FACE('',(#17580),#17575,.T.);
#17575=PLANE('',#17576);
#17576=AXIS2_PLACEMENT_3D('',#17577,#17578,#17579);
#17577=CARTESIAN_POINT('',(17.59,-0.19,9.5));
#17578=DIRECTION('',(0.0,0.0,1.0));
#17579=DIRECTION('',(0.,1.,0.));
#17580=FACE_OUTER_BOUND('',#17581,.T.);
#17581=EDGE_LOOP('',(#17582,#17592,#17602,#17612));
#17585=CARTESIAN_POINT('',(17.97,-0.19,9.5));
#17584=VERTEX_POINT('',#17585);
#17587=CARTESIAN_POINT('',(17.59,-0.19,9.5));
#17586=VERTEX_POINT('',#17587);
#17583=EDGE_CURVE('',#17584,#17586,#17588,.T.);
#17588=LINE('',#17585,#17590);
#17590=VECTOR('',#17591,0.381);
#17591=DIRECTION('',(-1.0,0.0,0.0));
#17582=ORIENTED_EDGE('',*,*,#17583,.F.);
#17595=CARTESIAN_POINT('',(17.97,0.19,9.5));
#17594=VERTEX_POINT('',#17595);
#17593=EDGE_CURVE('',#17594,#17584,#17598,.T.);
#17598=LINE('',#17595,#17600);
#17600=VECTOR('',#17601,0.381);
#17601=DIRECTION('',(0.0,-1.0,0.0));
#17592=ORIENTED_EDGE('',*,*,#17593,.F.);
#17605=CARTESIAN_POINT('',(17.59,0.19,9.5));
#17604=VERTEX_POINT('',#17605);
#17603=EDGE_CURVE('',#17604,#17594,#17608,.T.);
#17608=LINE('',#17605,#17610);
#17610=VECTOR('',#17611,0.381);
#17611=DIRECTION('',(1.0,0.0,0.0));
#17602=ORIENTED_EDGE('',*,*,#17603,.F.);
#17613=EDGE_CURVE('',#17586,#17604,#17618,.T.);
#17618=LINE('',#17587,#17620);
#17620=VECTOR('',#17621,0.381);
#17621=DIRECTION('',(0.0,1.0,0.0));
#17612=ORIENTED_EDGE('',*,*,#17613,.F.);
#17622=STYLED_ITEM('',(#34),#17623);
#17623=ADVANCED_FACE('',(#17629),#17624,.T.);
#17624=PLANE('',#17625);
#17625=AXIS2_PLACEMENT_3D('',#17626,#17627,#17628);
#17626=CARTESIAN_POINT('',(18.161,-0.381,9.309));
#17627=DIRECTION('',(0.707,0.0,0.707));
#17628=DIRECTION('',(0.,0.,1.));
#17629=FACE_OUTER_BOUND('',#17630,.T.);
#17630=EDGE_LOOP('',(#17631,#17641,#17651,#17661));
#17634=CARTESIAN_POINT('',(18.161,0.381,9.309));
#17633=VERTEX_POINT('',#17634);
#17636=CARTESIAN_POINT('',(18.161,-0.381,9.309));
#17635=VERTEX_POINT('',#17636);
#17632=EDGE_CURVE('',#17633,#17635,#17637,.T.);
#17637=LINE('',#17634,#17639);
#17639=VECTOR('',#17640,0.762);
#17640=DIRECTION('',(0.0,-1.0,0.0));
#17631=ORIENTED_EDGE('',*,*,#17632,.F.);
#17642=EDGE_CURVE('',#17594,#17633,#17647,.T.);
#17647=LINE('',#17595,#17649);
#17649=VECTOR('',#17650,0.329955678841871);
#17650=DIRECTION('',(0.577,0.577,-0.577));
#17641=ORIENTED_EDGE('',*,*,#17642,.F.);
#17651=ORIENTED_EDGE('',*,*,#17593,.T.);
#17662=EDGE_CURVE('',#17635,#17584,#17667,.T.);
#17667=LINE('',#17636,#17669);
#17669=VECTOR('',#17670,0.329955678841871);
#17670=DIRECTION('',(-0.577,0.577,0.577));
#17661=ORIENTED_EDGE('',*,*,#17662,.F.);
#17671=STYLED_ITEM('',(#34),#17672);
#17672=ADVANCED_FACE('',(#17678),#17673,.T.);
#17673=PLANE('',#17674);
#17674=AXIS2_PLACEMENT_3D('',#17675,#17676,#17677);
#17675=CARTESIAN_POINT('',(18.161,0.381,9.309));
#17676=DIRECTION('',(0.0,0.707,0.707));
#17677=DIRECTION('',(0.,0.,1.));
#17678=FACE_OUTER_BOUND('',#17679,.T.);
#17679=EDGE_LOOP('',(#17680,#17690,#17700,#17710));
#17683=CARTESIAN_POINT('',(17.399,0.381,9.309));
#17682=VERTEX_POINT('',#17683);
#17681=EDGE_CURVE('',#17682,#17633,#17686,.T.);
#17686=LINE('',#17683,#17688);
#17688=VECTOR('',#17689,0.762);
#17689=DIRECTION('',(1.0,0.0,0.0));
#17680=ORIENTED_EDGE('',*,*,#17681,.F.);
#17691=EDGE_CURVE('',#17604,#17682,#17696,.T.);
#17696=LINE('',#17605,#17698);
#17698=VECTOR('',#17699,0.329955678841871);
#17699=DIRECTION('',(-0.577,0.577,-0.577));
#17690=ORIENTED_EDGE('',*,*,#17691,.F.);
#17700=ORIENTED_EDGE('',*,*,#17603,.T.);
#17710=ORIENTED_EDGE('',*,*,#17642,.T.);
#17720=STYLED_ITEM('',(#34),#17721);
#17721=ADVANCED_FACE('',(#17727),#17722,.T.);
#17722=PLANE('',#17723);
#17723=AXIS2_PLACEMENT_3D('',#17724,#17725,#17726);
#17724=CARTESIAN_POINT('',(17.399,0.381,9.309));
#17725=DIRECTION('',(-0.707,0.0,0.707));
#17726=DIRECTION('',(0.,0.,1.));
#17727=FACE_OUTER_BOUND('',#17728,.T.);
#17728=EDGE_LOOP('',(#17729,#17739,#17749,#17759));
#17732=CARTESIAN_POINT('',(17.399,-0.381,9.309));
#17731=VERTEX_POINT('',#17732);
#17730=EDGE_CURVE('',#17731,#17682,#17735,.T.);
#17735=LINE('',#17732,#17737);
#17737=VECTOR('',#17738,0.762);
#17738=DIRECTION('',(0.0,1.0,0.0));
#17729=ORIENTED_EDGE('',*,*,#17730,.F.);
#17740=EDGE_CURVE('',#17586,#17731,#17745,.T.);
#17745=LINE('',#17587,#17747);
#17747=VECTOR('',#17748,0.329955678841871);
#17748=DIRECTION('',(-0.577,-0.577,-0.577));
#17739=ORIENTED_EDGE('',*,*,#17740,.F.);
#17749=ORIENTED_EDGE('',*,*,#17613,.T.);
#17759=ORIENTED_EDGE('',*,*,#17691,.T.);
#17769=STYLED_ITEM('',(#34),#17770);
#17770=ADVANCED_FACE('',(#17776),#17771,.T.);
#17771=PLANE('',#17772);
#17772=AXIS2_PLACEMENT_3D('',#17773,#17774,#17775);
#17773=CARTESIAN_POINT('',(17.399,-0.381,9.309));
#17774=DIRECTION('',(0.0,-0.707,0.707));
#17775=DIRECTION('',(0.,0.,1.));
#17776=FACE_OUTER_BOUND('',#17777,.T.);
#17777=EDGE_LOOP('',(#17778,#17788,#17798,#17808));
#17779=EDGE_CURVE('',#17635,#17731,#17784,.T.);
#17784=LINE('',#17636,#17786);
#17786=VECTOR('',#17787,0.762);
#17787=DIRECTION('',(-1.0,0.0,0.0));
#17778=ORIENTED_EDGE('',*,*,#17779,.F.);
#17788=ORIENTED_EDGE('',*,*,#17662,.T.);
#17798=ORIENTED_EDGE('',*,*,#17583,.T.);
#17808=ORIENTED_EDGE('',*,*,#17740,.T.);
#17818=STYLED_ITEM('',(#34),#17819);
#17819=ADVANCED_FACE('',(#17825),#17820,.T.);
#17820=PLANE('',#17821);
#17821=AXIS2_PLACEMENT_3D('',#17822,#17823,#17824);
#17822=CARTESIAN_POINT('',(18.161,-0.381,2.862));
#17823=DIRECTION('',(1.0,0.0,0.0));
#17824=DIRECTION('',(0.,0.,1.));
#17825=FACE_OUTER_BOUND('',#17826,.T.);
#17826=EDGE_LOOP('',(#17827,#17837,#17847,#17857));
#17830=CARTESIAN_POINT('',(18.161,0.381,2.862));
#17829=VERTEX_POINT('',#17830);
#17832=CARTESIAN_POINT('',(18.161,-0.381,2.862));
#17831=VERTEX_POINT('',#17832);
#17828=EDGE_CURVE('',#17829,#17831,#17833,.T.);
#17833=LINE('',#17830,#17835);
#17835=VECTOR('',#17836,0.762);
#17836=DIRECTION('',(0.0,-1.0,0.0));
#17827=ORIENTED_EDGE('',*,*,#17828,.F.);
#17838=EDGE_CURVE('',#17633,#17829,#17843,.T.);
#17843=LINE('',#17634,#17845);
#17845=VECTOR('',#17846,6.4473695284);
#17846=DIRECTION('',(0.0,0.0,-1.0));
#17837=ORIENTED_EDGE('',*,*,#17838,.F.);
#17847=ORIENTED_EDGE('',*,*,#17632,.T.);
#17858=EDGE_CURVE('',#17831,#17635,#17863,.T.);
#17863=LINE('',#17832,#17865);
#17865=VECTOR('',#17866,6.4473695284);
#17866=DIRECTION('',(0.0,0.0,1.0));
#17857=ORIENTED_EDGE('',*,*,#17858,.F.);
#17867=STYLED_ITEM('',(#34),#17868);
#17868=ADVANCED_FACE('',(#17874),#17869,.T.);
#17869=PLANE('',#17870);
#17870=AXIS2_PLACEMENT_3D('',#17871,#17872,#17873);
#17871=CARTESIAN_POINT('',(18.161,0.381,2.862));
#17872=DIRECTION('',(0.0,1.0,0.0));
#17873=DIRECTION('',(0.,0.,1.));
#17874=FACE_OUTER_BOUND('',#17875,.T.);
#17875=EDGE_LOOP('',(#17876,#17886,#17896,#17906));
#17879=CARTESIAN_POINT('',(17.399,0.381,2.862));
#17878=VERTEX_POINT('',#17879);
#17877=EDGE_CURVE('',#17878,#17829,#17882,.T.);
#17882=LINE('',#17879,#17884);
#17884=VECTOR('',#17885,0.762);
#17885=DIRECTION('',(1.0,0.0,0.0));
#17876=ORIENTED_EDGE('',*,*,#17877,.F.);
#17887=EDGE_CURVE('',#17682,#17878,#17892,.T.);
#17892=LINE('',#17683,#17894);
#17894=VECTOR('',#17895,6.4473695284);
#17895=DIRECTION('',(0.0,0.0,-1.0));
#17886=ORIENTED_EDGE('',*,*,#17887,.F.);
#17896=ORIENTED_EDGE('',*,*,#17681,.T.);
#17906=ORIENTED_EDGE('',*,*,#17838,.T.);
#17916=STYLED_ITEM('',(#34),#17917);
#17917=ADVANCED_FACE('',(#17923),#17918,.T.);
#17918=PLANE('',#17919);
#17919=AXIS2_PLACEMENT_3D('',#17920,#17921,#17922);
#17920=CARTESIAN_POINT('',(17.399,0.381,2.862));
#17921=DIRECTION('',(-1.0,0.0,0.0));
#17922=DIRECTION('',(0.,0.,1.));
#17923=FACE_OUTER_BOUND('',#17924,.T.);
#17924=EDGE_LOOP('',(#17925,#17935,#17945,#17955));
#17928=CARTESIAN_POINT('',(17.399,-0.381,2.862));
#17927=VERTEX_POINT('',#17928);
#17926=EDGE_CURVE('',#17927,#17878,#17931,.T.);
#17931=LINE('',#17928,#17933);
#17933=VECTOR('',#17934,0.762);
#17934=DIRECTION('',(0.0,1.0,0.0));
#17925=ORIENTED_EDGE('',*,*,#17926,.F.);
#17936=EDGE_CURVE('',#17731,#17927,#17941,.T.);
#17941=LINE('',#17732,#17943);
#17943=VECTOR('',#17944,6.4473695284);
#17944=DIRECTION('',(0.0,0.0,-1.0));
#17935=ORIENTED_EDGE('',*,*,#17936,.F.);
#17945=ORIENTED_EDGE('',*,*,#17730,.T.);
#17955=ORIENTED_EDGE('',*,*,#17887,.T.);
#17965=STYLED_ITEM('',(#34),#17966);
#17966=ADVANCED_FACE('',(#17972),#17967,.T.);
#17967=PLANE('',#17968);
#17968=AXIS2_PLACEMENT_3D('',#17969,#17970,#17971);
#17969=CARTESIAN_POINT('',(17.399,-0.381,2.862));
#17970=DIRECTION('',(0.0,-1.0,0.0));
#17971=DIRECTION('',(0.,0.,1.));
#17972=FACE_OUTER_BOUND('',#17973,.T.);
#17973=EDGE_LOOP('',(#17974,#17984,#17994,#18004));
#17975=EDGE_CURVE('',#17831,#17927,#17980,.T.);
#17980=LINE('',#17832,#17982);
#17982=VECTOR('',#17983,0.762);
#17983=DIRECTION('',(-1.0,0.0,0.0));
#17974=ORIENTED_EDGE('',*,*,#17975,.F.);
#17984=ORIENTED_EDGE('',*,*,#17858,.T.);
#17994=ORIENTED_EDGE('',*,*,#17779,.T.);
#18004=ORIENTED_EDGE('',*,*,#17936,.T.);
#18014=STYLED_ITEM('',(#34),#18015);
#18015=ADVANCED_FACE('',(#18021),#18016,.T.);
#18016=PLANE('',#18017);
#18017=AXIS2_PLACEMENT_3D('',#18018,#18019,#18020);
#18018=CARTESIAN_POINT('',(17.399,0.381,2.862));
#18019=DIRECTION('',(0.0,0.0,-1.0));
#18020=DIRECTION('',(0.,1.,0.));
#18021=FACE_OUTER_BOUND('',#18022,.T.);
#18022=EDGE_LOOP('',(#18023,#18033,#18043,#18053));
#18023=ORIENTED_EDGE('',*,*,#17877,.T.);
#18033=ORIENTED_EDGE('',*,*,#17828,.T.);
#18043=ORIENTED_EDGE('',*,*,#17975,.T.);
#18053=ORIENTED_EDGE('',*,*,#17926,.T.);
#18063=STYLED_ITEM('',(#34),#18064);
#18064=ADVANCED_FACE('',(#18070),#18065,.T.);
#18065=PLANE('',#18066);
#18066=AXIS2_PLACEMENT_3D('',#18067,#18068,#18069);
#18067=CARTESIAN_POINT('',(17.399,-0.381,0.0));
#18068=DIRECTION('',(0.0,0.0,1.0));
#18069=DIRECTION('',(0.,1.,0.));
#18070=FACE_OUTER_BOUND('',#18071,.T.);
#18071=EDGE_LOOP('',(#18072,#18082,#18092,#18102));
#18075=CARTESIAN_POINT('',(18.161,-0.381,0.0));
#18074=VERTEX_POINT('',#18075);
#18077=CARTESIAN_POINT('',(17.399,-0.381,0.0));
#18076=VERTEX_POINT('',#18077);
#18073=EDGE_CURVE('',#18074,#18076,#18078,.T.);
#18078=LINE('',#18075,#18080);
#18080=VECTOR('',#18081,0.762);
#18081=DIRECTION('',(-1.0,0.0,0.0));
#18072=ORIENTED_EDGE('',*,*,#18073,.F.);
#18085=CARTESIAN_POINT('',(18.161,0.381,0.0));
#18084=VERTEX_POINT('',#18085);
#18083=EDGE_CURVE('',#18084,#18074,#18088,.T.);
#18088=LINE('',#18085,#18090);
#18090=VECTOR('',#18091,0.762);
#18091=DIRECTION('',(0.0,-1.0,0.0));
#18082=ORIENTED_EDGE('',*,*,#18083,.F.);
#18095=CARTESIAN_POINT('',(17.399,0.381,0.0));
#18094=VERTEX_POINT('',#18095);
#18093=EDGE_CURVE('',#18094,#18084,#18098,.T.);
#18098=LINE('',#18095,#18100);
#18100=VECTOR('',#18101,0.762);
#18101=DIRECTION('',(1.0,0.0,0.0));
#18092=ORIENTED_EDGE('',*,*,#18093,.F.);
#18103=EDGE_CURVE('',#18076,#18094,#18108,.T.);
#18108=LINE('',#18077,#18110);
#18110=VECTOR('',#18111,0.762);
#18111=DIRECTION('',(0.0,1.0,0.0));
#18102=ORIENTED_EDGE('',*,*,#18103,.F.);
#18112=STYLED_ITEM('',(#34),#18113);
#18113=ADVANCED_FACE('',(#18119),#18114,.T.);
#18114=PLANE('',#18115);
#18115=AXIS2_PLACEMENT_3D('',#18116,#18117,#18118);
#18116=CARTESIAN_POINT('',(18.161,-0.381,-4.89));
#18117=DIRECTION('',(1.0,0.0,0.0));
#18118=DIRECTION('',(0.,0.,1.));
#18119=FACE_OUTER_BOUND('',#18120,.T.);
#18120=EDGE_LOOP('',(#18121,#18131,#18141,#18151));
#18124=CARTESIAN_POINT('',(18.161,0.381,-4.89));
#18123=VERTEX_POINT('',#18124);
#18126=CARTESIAN_POINT('',(18.161,-0.381,-4.89));
#18125=VERTEX_POINT('',#18126);
#18122=EDGE_CURVE('',#18123,#18125,#18127,.T.);
#18127=LINE('',#18124,#18129);
#18129=VECTOR('',#18130,0.762);
#18130=DIRECTION('',(0.0,-1.0,0.0));
#18121=ORIENTED_EDGE('',*,*,#18122,.F.);
#18132=EDGE_CURVE('',#18084,#18123,#18137,.T.);
#18137=LINE('',#18085,#18139);
#18139=VECTOR('',#18140,4.8895);
#18140=DIRECTION('',(0.0,0.0,-1.0));
#18131=ORIENTED_EDGE('',*,*,#18132,.F.);
#18141=ORIENTED_EDGE('',*,*,#18083,.T.);
#18152=EDGE_CURVE('',#18125,#18074,#18157,.T.);
#18157=LINE('',#18126,#18159);
#18159=VECTOR('',#18160,4.8895);
#18160=DIRECTION('',(0.0,0.0,1.0));
#18151=ORIENTED_EDGE('',*,*,#18152,.F.);
#18161=STYLED_ITEM('',(#34),#18162);
#18162=ADVANCED_FACE('',(#18168),#18163,.T.);
#18163=PLANE('',#18164);
#18164=AXIS2_PLACEMENT_3D('',#18165,#18166,#18167);
#18165=CARTESIAN_POINT('',(18.161,0.381,-4.89));
#18166=DIRECTION('',(0.0,1.0,0.0));
#18167=DIRECTION('',(0.,0.,1.));
#18168=FACE_OUTER_BOUND('',#18169,.T.);
#18169=EDGE_LOOP('',(#18170,#18180,#18190,#18200));
#18173=CARTESIAN_POINT('',(17.399,0.381,-4.89));
#18172=VERTEX_POINT('',#18173);
#18171=EDGE_CURVE('',#18172,#18123,#18176,.T.);
#18176=LINE('',#18173,#18178);
#18178=VECTOR('',#18179,0.762);
#18179=DIRECTION('',(1.0,0.0,0.0));
#18170=ORIENTED_EDGE('',*,*,#18171,.F.);
#18181=EDGE_CURVE('',#18094,#18172,#18186,.T.);
#18186=LINE('',#18095,#18188);
#18188=VECTOR('',#18189,4.8895);
#18189=DIRECTION('',(0.0,0.0,-1.0));
#18180=ORIENTED_EDGE('',*,*,#18181,.F.);
#18190=ORIENTED_EDGE('',*,*,#18093,.T.);
#18200=ORIENTED_EDGE('',*,*,#18132,.T.);
#18210=STYLED_ITEM('',(#34),#18211);
#18211=ADVANCED_FACE('',(#18217),#18212,.T.);
#18212=PLANE('',#18213);
#18213=AXIS2_PLACEMENT_3D('',#18214,#18215,#18216);
#18214=CARTESIAN_POINT('',(17.399,0.381,-4.89));
#18215=DIRECTION('',(-1.0,0.0,0.0));
#18216=DIRECTION('',(0.,0.,1.));
#18217=FACE_OUTER_BOUND('',#18218,.T.);
#18218=EDGE_LOOP('',(#18219,#18229,#18239,#18249));
#18222=CARTESIAN_POINT('',(17.399,-0.381,-4.89));
#18221=VERTEX_POINT('',#18222);
#18220=EDGE_CURVE('',#18221,#18172,#18225,.T.);
#18225=LINE('',#18222,#18227);
#18227=VECTOR('',#18228,0.762);
#18228=DIRECTION('',(0.0,1.0,0.0));
#18219=ORIENTED_EDGE('',*,*,#18220,.F.);
#18230=EDGE_CURVE('',#18076,#18221,#18235,.T.);
#18235=LINE('',#18077,#18237);
#18237=VECTOR('',#18238,4.8895);
#18238=DIRECTION('',(0.0,0.0,-1.0));
#18229=ORIENTED_EDGE('',*,*,#18230,.F.);
#18239=ORIENTED_EDGE('',*,*,#18103,.T.);
#18249=ORIENTED_EDGE('',*,*,#18181,.T.);
#18259=STYLED_ITEM('',(#34),#18260);
#18260=ADVANCED_FACE('',(#18266),#18261,.T.);
#18261=PLANE('',#18262);
#18262=AXIS2_PLACEMENT_3D('',#18263,#18264,#18265);
#18263=CARTESIAN_POINT('',(17.399,-0.381,-4.89));
#18264=DIRECTION('',(0.0,-1.0,0.0));
#18265=DIRECTION('',(0.,0.,1.));
#18266=FACE_OUTER_BOUND('',#18267,.T.);
#18267=EDGE_LOOP('',(#18268,#18278,#18288,#18298));
#18269=EDGE_CURVE('',#18125,#18221,#18274,.T.);
#18274=LINE('',#18126,#18276);
#18276=VECTOR('',#18277,0.762);
#18277=DIRECTION('',(-1.0,0.0,0.0));
#18268=ORIENTED_EDGE('',*,*,#18269,.F.);
#18278=ORIENTED_EDGE('',*,*,#18152,.T.);
#18288=ORIENTED_EDGE('',*,*,#18073,.T.);
#18298=ORIENTED_EDGE('',*,*,#18230,.T.);
#18308=STYLED_ITEM('',(#34),#18309);
#18309=ADVANCED_FACE('',(#18315),#18310,.T.);
#18310=PLANE('',#18311);
#18311=AXIS2_PLACEMENT_3D('',#18312,#18313,#18314);
#18312=CARTESIAN_POINT('',(17.97,-0.19,-5.08));
#18313=DIRECTION('',(0.707,0.0,-0.707));
#18314=DIRECTION('',(0.,0.,1.));
#18315=FACE_OUTER_BOUND('',#18316,.T.);
#18316=EDGE_LOOP('',(#18317,#18327,#18337,#18347));
#18320=CARTESIAN_POINT('',(17.97,0.19,-5.08));
#18319=VERTEX_POINT('',#18320);
#18322=CARTESIAN_POINT('',(17.97,-0.19,-5.08));
#18321=VERTEX_POINT('',#18322);
#18318=EDGE_CURVE('',#18319,#18321,#18323,.T.);
#18323=LINE('',#18320,#18325);
#18325=VECTOR('',#18326,0.381);
#18326=DIRECTION('',(0.0,-1.0,0.0));
#18317=ORIENTED_EDGE('',*,*,#18318,.F.);
#18328=EDGE_CURVE('',#18123,#18319,#18333,.T.);
#18333=LINE('',#18124,#18335);
#18335=VECTOR('',#18336,0.329955678841871);
#18336=DIRECTION('',(-0.577,-0.577,-0.577));
#18327=ORIENTED_EDGE('',*,*,#18328,.F.);
#18337=ORIENTED_EDGE('',*,*,#18122,.T.);
#18348=EDGE_CURVE('',#18321,#18125,#18353,.T.);
#18353=LINE('',#18322,#18355);
#18355=VECTOR('',#18356,0.329955678841871);
#18356=DIRECTION('',(0.577,-0.577,0.577));
#18347=ORIENTED_EDGE('',*,*,#18348,.F.);
#18357=STYLED_ITEM('',(#34),#18358);
#18358=ADVANCED_FACE('',(#18364),#18359,.T.);
#18359=PLANE('',#18360);
#18360=AXIS2_PLACEMENT_3D('',#18361,#18362,#18363);
#18361=CARTESIAN_POINT('',(17.97,0.19,-5.08));
#18362=DIRECTION('',(0.0,0.707,-0.707));
#18363=DIRECTION('',(0.,0.,1.));
#18364=FACE_OUTER_BOUND('',#18365,.T.);
#18365=EDGE_LOOP('',(#18366,#18376,#18386,#18396));
#18369=CARTESIAN_POINT('',(17.59,0.19,-5.08));
#18368=VERTEX_POINT('',#18369);
#18367=EDGE_CURVE('',#18368,#18319,#18372,.T.);
#18372=LINE('',#18369,#18374);
#18374=VECTOR('',#18375,0.381);
#18375=DIRECTION('',(1.0,0.0,0.0));
#18366=ORIENTED_EDGE('',*,*,#18367,.F.);
#18377=EDGE_CURVE('',#18172,#18368,#18382,.T.);
#18382=LINE('',#18173,#18384);
#18384=VECTOR('',#18385,0.329955678841871);
#18385=DIRECTION('',(0.577,-0.577,-0.577));
#18376=ORIENTED_EDGE('',*,*,#18377,.F.);
#18386=ORIENTED_EDGE('',*,*,#18171,.T.);
#18396=ORIENTED_EDGE('',*,*,#18328,.T.);
#18406=STYLED_ITEM('',(#34),#18407);
#18407=ADVANCED_FACE('',(#18413),#18408,.T.);
#18408=PLANE('',#18409);
#18409=AXIS2_PLACEMENT_3D('',#18410,#18411,#18412);
#18410=CARTESIAN_POINT('',(17.59,0.19,-5.08));
#18411=DIRECTION('',(-0.707,0.0,-0.707));
#18412=DIRECTION('',(0.,0.,1.));
#18413=FACE_OUTER_BOUND('',#18414,.T.);
#18414=EDGE_LOOP('',(#18415,#18425,#18435,#18445));
#18418=CARTESIAN_POINT('',(17.59,-0.19,-5.08));
#18417=VERTEX_POINT('',#18418);
#18416=EDGE_CURVE('',#18417,#18368,#18421,.T.);
#18421=LINE('',#18418,#18423);
#18423=VECTOR('',#18424,0.381);
#18424=DIRECTION('',(0.0,1.0,0.0));
#18415=ORIENTED_EDGE('',*,*,#18416,.F.);
#18426=EDGE_CURVE('',#18221,#18417,#18431,.T.);
#18431=LINE('',#18222,#18433);
#18433=VECTOR('',#18434,0.329955678841871);
#18434=DIRECTION('',(0.577,0.577,-0.577));
#18425=ORIENTED_EDGE('',*,*,#18426,.F.);
#18435=ORIENTED_EDGE('',*,*,#18220,.T.);
#18445=ORIENTED_EDGE('',*,*,#18377,.T.);
#18455=STYLED_ITEM('',(#34),#18456);
#18456=ADVANCED_FACE('',(#18462),#18457,.T.);
#18457=PLANE('',#18458);
#18458=AXIS2_PLACEMENT_3D('',#18459,#18460,#18461);
#18459=CARTESIAN_POINT('',(17.59,-0.19,-5.08));
#18460=DIRECTION('',(0.0,-0.707,-0.707));
#18461=DIRECTION('',(0.,0.,1.));
#18462=FACE_OUTER_BOUND('',#18463,.T.);
#18463=EDGE_LOOP('',(#18464,#18474,#18484,#18494));
#18465=EDGE_CURVE('',#18321,#18417,#18470,.T.);
#18470=LINE('',#18322,#18472);
#18472=VECTOR('',#18473,0.381);
#18473=DIRECTION('',(-1.0,0.0,0.0));
#18464=ORIENTED_EDGE('',*,*,#18465,.F.);
#18474=ORIENTED_EDGE('',*,*,#18348,.T.);
#18484=ORIENTED_EDGE('',*,*,#18269,.T.);
#18494=ORIENTED_EDGE('',*,*,#18426,.T.);
#18504=STYLED_ITEM('',(#34),#18505);
#18505=ADVANCED_FACE('',(#18511),#18506,.T.);
#18506=PLANE('',#18507);
#18507=AXIS2_PLACEMENT_3D('',#18508,#18509,#18510);
#18508=CARTESIAN_POINT('',(17.59,0.19,-5.08));
#18509=DIRECTION('',(0.0,0.0,-1.0));
#18510=DIRECTION('',(0.,1.,0.));
#18511=FACE_OUTER_BOUND('',#18512,.T.);
#18512=EDGE_LOOP('',(#18513,#18523,#18533,#18543));
#18513=ORIENTED_EDGE('',*,*,#18367,.T.);
#18523=ORIENTED_EDGE('',*,*,#18318,.T.);
#18533=ORIENTED_EDGE('',*,*,#18465,.T.);
#18543=ORIENTED_EDGE('',*,*,#18416,.T.);
#18553=MANIFOLD_SOLID_BREP($,#18554);
#18554=CLOSED_SHELL('',(#18558,#18607,#18656,#18705,#18754,#18803,#18852,#18901,#18950,#18999));
#18555=MANIFOLD_SOLID_BREP($,#18556);
#18556=CLOSED_SHELL('',(#19048,#19097,#19146,#19195,#19244,#19293,#19342,#19391,#19440,#19489));
#18557=STYLED_ITEM('',(#34),#18558);
#18558=ADVANCED_FACE('',(#18564),#18559,.T.);
#18559=PLANE('',#18560);
#18560=AXIS2_PLACEMENT_3D('',#18561,#18562,#18563);
#18561=CARTESIAN_POINT('',(15.05,-0.19,9.5));
#18562=DIRECTION('',(0.0,0.0,1.0));
#18563=DIRECTION('',(0.,1.,0.));
#18564=FACE_OUTER_BOUND('',#18565,.T.);
#18565=EDGE_LOOP('',(#18566,#18576,#18586,#18596));
#18569=CARTESIAN_POINT('',(15.43,-0.19,9.5));
#18568=VERTEX_POINT('',#18569);
#18571=CARTESIAN_POINT('',(15.05,-0.19,9.5));
#18570=VERTEX_POINT('',#18571);
#18567=EDGE_CURVE('',#18568,#18570,#18572,.T.);
#18572=LINE('',#18569,#18574);
#18574=VECTOR('',#18575,0.381);
#18575=DIRECTION('',(-1.0,0.0,0.0));
#18566=ORIENTED_EDGE('',*,*,#18567,.F.);
#18579=CARTESIAN_POINT('',(15.43,0.19,9.5));
#18578=VERTEX_POINT('',#18579);
#18577=EDGE_CURVE('',#18578,#18568,#18582,.T.);
#18582=LINE('',#18579,#18584);
#18584=VECTOR('',#18585,0.381);
#18585=DIRECTION('',(0.0,-1.0,0.0));
#18576=ORIENTED_EDGE('',*,*,#18577,.F.);
#18589=CARTESIAN_POINT('',(15.05,0.19,9.5));
#18588=VERTEX_POINT('',#18589);
#18587=EDGE_CURVE('',#18588,#18578,#18592,.T.);
#18592=LINE('',#18589,#18594);
#18594=VECTOR('',#18595,0.381);
#18595=DIRECTION('',(1.0,0.0,0.0));
#18586=ORIENTED_EDGE('',*,*,#18587,.F.);
#18597=EDGE_CURVE('',#18570,#18588,#18602,.T.);
#18602=LINE('',#18571,#18604);
#18604=VECTOR('',#18605,0.381);
#18605=DIRECTION('',(0.0,1.0,0.0));
#18596=ORIENTED_EDGE('',*,*,#18597,.F.);
#18606=STYLED_ITEM('',(#34),#18607);
#18607=ADVANCED_FACE('',(#18613),#18608,.T.);
#18608=PLANE('',#18609);
#18609=AXIS2_PLACEMENT_3D('',#18610,#18611,#18612);
#18610=CARTESIAN_POINT('',(15.621,-0.381,9.309));
#18611=DIRECTION('',(0.707,0.0,0.707));
#18612=DIRECTION('',(0.,0.,1.));
#18613=FACE_OUTER_BOUND('',#18614,.T.);
#18614=EDGE_LOOP('',(#18615,#18625,#18635,#18645));
#18618=CARTESIAN_POINT('',(15.621,0.381,9.309));
#18617=VERTEX_POINT('',#18618);
#18620=CARTESIAN_POINT('',(15.621,-0.381,9.309));
#18619=VERTEX_POINT('',#18620);
#18616=EDGE_CURVE('',#18617,#18619,#18621,.T.);
#18621=LINE('',#18618,#18623);
#18623=VECTOR('',#18624,0.762);
#18624=DIRECTION('',(0.0,-1.0,0.0));
#18615=ORIENTED_EDGE('',*,*,#18616,.F.);
#18626=EDGE_CURVE('',#18578,#18617,#18631,.T.);
#18631=LINE('',#18579,#18633);
#18633=VECTOR('',#18634,0.329955678841871);
#18634=DIRECTION('',(0.577,0.577,-0.577));
#18625=ORIENTED_EDGE('',*,*,#18626,.F.);
#18635=ORIENTED_EDGE('',*,*,#18577,.T.);
#18646=EDGE_CURVE('',#18619,#18568,#18651,.T.);
#18651=LINE('',#18620,#18653);
#18653=VECTOR('',#18654,0.329955678841871);
#18654=DIRECTION('',(-0.577,0.577,0.577));
#18645=ORIENTED_EDGE('',*,*,#18646,.F.);
#18655=STYLED_ITEM('',(#34),#18656);
#18656=ADVANCED_FACE('',(#18662),#18657,.T.);
#18657=PLANE('',#18658);
#18658=AXIS2_PLACEMENT_3D('',#18659,#18660,#18661);
#18659=CARTESIAN_POINT('',(15.621,0.381,9.309));
#18660=DIRECTION('',(0.0,0.707,0.707));
#18661=DIRECTION('',(0.,0.,1.));
#18662=FACE_OUTER_BOUND('',#18663,.T.);
#18663=EDGE_LOOP('',(#18664,#18674,#18684,#18694));
#18667=CARTESIAN_POINT('',(14.859,0.381,9.309));
#18666=VERTEX_POINT('',#18667);
#18665=EDGE_CURVE('',#18666,#18617,#18670,.T.);
#18670=LINE('',#18667,#18672);
#18672=VECTOR('',#18673,0.762);
#18673=DIRECTION('',(1.0,0.0,0.0));
#18664=ORIENTED_EDGE('',*,*,#18665,.F.);
#18675=EDGE_CURVE('',#18588,#18666,#18680,.T.);
#18680=LINE('',#18589,#18682);
#18682=VECTOR('',#18683,0.329955678841871);
#18683=DIRECTION('',(-0.577,0.577,-0.577));
#18674=ORIENTED_EDGE('',*,*,#18675,.F.);
#18684=ORIENTED_EDGE('',*,*,#18587,.T.);
#18694=ORIENTED_EDGE('',*,*,#18626,.T.);
#18704=STYLED_ITEM('',(#34),#18705);
#18705=ADVANCED_FACE('',(#18711),#18706,.T.);
#18706=PLANE('',#18707);
#18707=AXIS2_PLACEMENT_3D('',#18708,#18709,#18710);
#18708=CARTESIAN_POINT('',(14.859,0.381,9.309));
#18709=DIRECTION('',(-0.707,0.0,0.707));
#18710=DIRECTION('',(0.,0.,1.));
#18711=FACE_OUTER_BOUND('',#18712,.T.);
#18712=EDGE_LOOP('',(#18713,#18723,#18733,#18743));
#18716=CARTESIAN_POINT('',(14.859,-0.381,9.309));
#18715=VERTEX_POINT('',#18716);
#18714=EDGE_CURVE('',#18715,#18666,#18719,.T.);
#18719=LINE('',#18716,#18721);
#18721=VECTOR('',#18722,0.762);
#18722=DIRECTION('',(0.0,1.0,0.0));
#18713=ORIENTED_EDGE('',*,*,#18714,.F.);
#18724=EDGE_CURVE('',#18570,#18715,#18729,.T.);
#18729=LINE('',#18571,#18731);
#18731=VECTOR('',#18732,0.329955678841871);
#18732=DIRECTION('',(-0.577,-0.577,-0.577));
#18723=ORIENTED_EDGE('',*,*,#18724,.F.);
#18733=ORIENTED_EDGE('',*,*,#18597,.T.);
#18743=ORIENTED_EDGE('',*,*,#18675,.T.);
#18753=STYLED_ITEM('',(#34),#18754);
#18754=ADVANCED_FACE('',(#18760),#18755,.T.);
#18755=PLANE('',#18756);
#18756=AXIS2_PLACEMENT_3D('',#18757,#18758,#18759);
#18757=CARTESIAN_POINT('',(14.859,-0.381,9.309));
#18758=DIRECTION('',(0.0,-0.707,0.707));
#18759=DIRECTION('',(0.,0.,1.));
#18760=FACE_OUTER_BOUND('',#18761,.T.);
#18761=EDGE_LOOP('',(#18762,#18772,#18782,#18792));
#18763=EDGE_CURVE('',#18619,#18715,#18768,.T.);
#18768=LINE('',#18620,#18770);
#18770=VECTOR('',#18771,0.762);
#18771=DIRECTION('',(-1.0,0.0,0.0));
#18762=ORIENTED_EDGE('',*,*,#18763,.F.);
#18772=ORIENTED_EDGE('',*,*,#18646,.T.);
#18782=ORIENTED_EDGE('',*,*,#18567,.T.);
#18792=ORIENTED_EDGE('',*,*,#18724,.T.);
#18802=STYLED_ITEM('',(#34),#18803);
#18803=ADVANCED_FACE('',(#18809),#18804,.T.);
#18804=PLANE('',#18805);
#18805=AXIS2_PLACEMENT_3D('',#18806,#18807,#18808);
#18806=CARTESIAN_POINT('',(15.621,-0.381,2.862));
#18807=DIRECTION('',(1.0,0.0,0.0));
#18808=DIRECTION('',(0.,0.,1.));
#18809=FACE_OUTER_BOUND('',#18810,.T.);
#18810=EDGE_LOOP('',(#18811,#18821,#18831,#18841));
#18814=CARTESIAN_POINT('',(15.621,0.381,2.862));
#18813=VERTEX_POINT('',#18814);
#18816=CARTESIAN_POINT('',(15.621,-0.381,2.862));
#18815=VERTEX_POINT('',#18816);
#18812=EDGE_CURVE('',#18813,#18815,#18817,.T.);
#18817=LINE('',#18814,#18819);
#18819=VECTOR('',#18820,0.762);
#18820=DIRECTION('',(0.0,-1.0,0.0));
#18811=ORIENTED_EDGE('',*,*,#18812,.F.);
#18822=EDGE_CURVE('',#18617,#18813,#18827,.T.);
#18827=LINE('',#18618,#18829);
#18829=VECTOR('',#18830,6.4473695284);
#18830=DIRECTION('',(0.0,0.0,-1.0));
#18821=ORIENTED_EDGE('',*,*,#18822,.F.);
#18831=ORIENTED_EDGE('',*,*,#18616,.T.);
#18842=EDGE_CURVE('',#18815,#18619,#18847,.T.);
#18847=LINE('',#18816,#18849);
#18849=VECTOR('',#18850,6.4473695284);
#18850=DIRECTION('',(0.0,0.0,1.0));
#18841=ORIENTED_EDGE('',*,*,#18842,.F.);
#18851=STYLED_ITEM('',(#34),#18852);
#18852=ADVANCED_FACE('',(#18858),#18853,.T.);
#18853=PLANE('',#18854);
#18854=AXIS2_PLACEMENT_3D('',#18855,#18856,#18857);
#18855=CARTESIAN_POINT('',(15.621,0.381,2.862));
#18856=DIRECTION('',(0.0,1.0,0.0));
#18857=DIRECTION('',(0.,0.,1.));
#18858=FACE_OUTER_BOUND('',#18859,.T.);
#18859=EDGE_LOOP('',(#18860,#18870,#18880,#18890));
#18863=CARTESIAN_POINT('',(14.859,0.381,2.862));
#18862=VERTEX_POINT('',#18863);
#18861=EDGE_CURVE('',#18862,#18813,#18866,.T.);
#18866=LINE('',#18863,#18868);
#18868=VECTOR('',#18869,0.762);
#18869=DIRECTION('',(1.0,0.0,0.0));
#18860=ORIENTED_EDGE('',*,*,#18861,.F.);
#18871=EDGE_CURVE('',#18666,#18862,#18876,.T.);
#18876=LINE('',#18667,#18878);
#18878=VECTOR('',#18879,6.4473695284);
#18879=DIRECTION('',(0.0,0.0,-1.0));
#18870=ORIENTED_EDGE('',*,*,#18871,.F.);
#18880=ORIENTED_EDGE('',*,*,#18665,.T.);
#18890=ORIENTED_EDGE('',*,*,#18822,.T.);
#18900=STYLED_ITEM('',(#34),#18901);
#18901=ADVANCED_FACE('',(#18907),#18902,.T.);
#18902=PLANE('',#18903);
#18903=AXIS2_PLACEMENT_3D('',#18904,#18905,#18906);
#18904=CARTESIAN_POINT('',(14.859,0.381,2.862));
#18905=DIRECTION('',(-1.0,0.0,0.0));
#18906=DIRECTION('',(0.,0.,1.));
#18907=FACE_OUTER_BOUND('',#18908,.T.);
#18908=EDGE_LOOP('',(#18909,#18919,#18929,#18939));
#18912=CARTESIAN_POINT('',(14.859,-0.381,2.862));
#18911=VERTEX_POINT('',#18912);
#18910=EDGE_CURVE('',#18911,#18862,#18915,.T.);
#18915=LINE('',#18912,#18917);
#18917=VECTOR('',#18918,0.762);
#18918=DIRECTION('',(0.0,1.0,0.0));
#18909=ORIENTED_EDGE('',*,*,#18910,.F.);
#18920=EDGE_CURVE('',#18715,#18911,#18925,.T.);
#18925=LINE('',#18716,#18927);
#18927=VECTOR('',#18928,6.4473695284);
#18928=DIRECTION('',(0.0,0.0,-1.0));
#18919=ORIENTED_EDGE('',*,*,#18920,.F.);
#18929=ORIENTED_EDGE('',*,*,#18714,.T.);
#18939=ORIENTED_EDGE('',*,*,#18871,.T.);
#18949=STYLED_ITEM('',(#34),#18950);
#18950=ADVANCED_FACE('',(#18956),#18951,.T.);
#18951=PLANE('',#18952);
#18952=AXIS2_PLACEMENT_3D('',#18953,#18954,#18955);
#18953=CARTESIAN_POINT('',(14.859,-0.381,2.862));
#18954=DIRECTION('',(0.0,-1.0,0.0));
#18955=DIRECTION('',(0.,0.,1.));
#18956=FACE_OUTER_BOUND('',#18957,.T.);
#18957=EDGE_LOOP('',(#18958,#18968,#18978,#18988));
#18959=EDGE_CURVE('',#18815,#18911,#18964,.T.);
#18964=LINE('',#18816,#18966);
#18966=VECTOR('',#18967,0.762);
#18967=DIRECTION('',(-1.0,0.0,0.0));
#18958=ORIENTED_EDGE('',*,*,#18959,.F.);
#18968=ORIENTED_EDGE('',*,*,#18842,.T.);
#18978=ORIENTED_EDGE('',*,*,#18763,.T.);
#18988=ORIENTED_EDGE('',*,*,#18920,.T.);
#18998=STYLED_ITEM('',(#34),#18999);
#18999=ADVANCED_FACE('',(#19005),#19000,.T.);
#19000=PLANE('',#19001);
#19001=AXIS2_PLACEMENT_3D('',#19002,#19003,#19004);
#19002=CARTESIAN_POINT('',(14.859,0.381,2.862));
#19003=DIRECTION('',(0.0,0.0,-1.0));
#19004=DIRECTION('',(0.,1.,0.));
#19005=FACE_OUTER_BOUND('',#19006,.T.);
#19006=EDGE_LOOP('',(#19007,#19017,#19027,#19037));
#19007=ORIENTED_EDGE('',*,*,#18861,.T.);
#19017=ORIENTED_EDGE('',*,*,#18812,.T.);
#19027=ORIENTED_EDGE('',*,*,#18959,.T.);
#19037=ORIENTED_EDGE('',*,*,#18910,.T.);
#19047=STYLED_ITEM('',(#34),#19048);
#19048=ADVANCED_FACE('',(#19054),#19049,.T.);
#19049=PLANE('',#19050);
#19050=AXIS2_PLACEMENT_3D('',#19051,#19052,#19053);
#19051=CARTESIAN_POINT('',(14.859,-0.381,0.0));
#19052=DIRECTION('',(0.0,0.0,1.0));
#19053=DIRECTION('',(0.,1.,0.));
#19054=FACE_OUTER_BOUND('',#19055,.T.);
#19055=EDGE_LOOP('',(#19056,#19066,#19076,#19086));
#19059=CARTESIAN_POINT('',(15.621,-0.381,0.0));
#19058=VERTEX_POINT('',#19059);
#19061=CARTESIAN_POINT('',(14.859,-0.381,0.0));
#19060=VERTEX_POINT('',#19061);
#19057=EDGE_CURVE('',#19058,#19060,#19062,.T.);
#19062=LINE('',#19059,#19064);
#19064=VECTOR('',#19065,0.762);
#19065=DIRECTION('',(-1.0,0.0,0.0));
#19056=ORIENTED_EDGE('',*,*,#19057,.F.);
#19069=CARTESIAN_POINT('',(15.621,0.381,0.0));
#19068=VERTEX_POINT('',#19069);
#19067=EDGE_CURVE('',#19068,#19058,#19072,.T.);
#19072=LINE('',#19069,#19074);
#19074=VECTOR('',#19075,0.762);
#19075=DIRECTION('',(0.0,-1.0,0.0));
#19066=ORIENTED_EDGE('',*,*,#19067,.F.);
#19079=CARTESIAN_POINT('',(14.859,0.381,0.0));
#19078=VERTEX_POINT('',#19079);
#19077=EDGE_CURVE('',#19078,#19068,#19082,.T.);
#19082=LINE('',#19079,#19084);
#19084=VECTOR('',#19085,0.762);
#19085=DIRECTION('',(1.0,0.0,0.0));
#19076=ORIENTED_EDGE('',*,*,#19077,.F.);
#19087=EDGE_CURVE('',#19060,#19078,#19092,.T.);
#19092=LINE('',#19061,#19094);
#19094=VECTOR('',#19095,0.762);
#19095=DIRECTION('',(0.0,1.0,0.0));
#19086=ORIENTED_EDGE('',*,*,#19087,.F.);
#19096=STYLED_ITEM('',(#34),#19097);
#19097=ADVANCED_FACE('',(#19103),#19098,.T.);
#19098=PLANE('',#19099);
#19099=AXIS2_PLACEMENT_3D('',#19100,#19101,#19102);
#19100=CARTESIAN_POINT('',(15.621,-0.381,-4.89));
#19101=DIRECTION('',(1.0,0.0,0.0));
#19102=DIRECTION('',(0.,0.,1.));
#19103=FACE_OUTER_BOUND('',#19104,.T.);
#19104=EDGE_LOOP('',(#19105,#19115,#19125,#19135));
#19108=CARTESIAN_POINT('',(15.621,0.381,-4.89));
#19107=VERTEX_POINT('',#19108);
#19110=CARTESIAN_POINT('',(15.621,-0.381,-4.89));
#19109=VERTEX_POINT('',#19110);
#19106=EDGE_CURVE('',#19107,#19109,#19111,.T.);
#19111=LINE('',#19108,#19113);
#19113=VECTOR('',#19114,0.762);
#19114=DIRECTION('',(0.0,-1.0,0.0));
#19105=ORIENTED_EDGE('',*,*,#19106,.F.);
#19116=EDGE_CURVE('',#19068,#19107,#19121,.T.);
#19121=LINE('',#19069,#19123);
#19123=VECTOR('',#19124,4.8895);
#19124=DIRECTION('',(0.0,0.0,-1.0));
#19115=ORIENTED_EDGE('',*,*,#19116,.F.);
#19125=ORIENTED_EDGE('',*,*,#19067,.T.);
#19136=EDGE_CURVE('',#19109,#19058,#19141,.T.);
#19141=LINE('',#19110,#19143);
#19143=VECTOR('',#19144,4.8895);
#19144=DIRECTION('',(0.0,0.0,1.0));
#19135=ORIENTED_EDGE('',*,*,#19136,.F.);
#19145=STYLED_ITEM('',(#34),#19146);
#19146=ADVANCED_FACE('',(#19152),#19147,.T.);
#19147=PLANE('',#19148);
#19148=AXIS2_PLACEMENT_3D('',#19149,#19150,#19151);
#19149=CARTESIAN_POINT('',(15.621,0.381,-4.89));
#19150=DIRECTION('',(0.0,1.0,0.0));
#19151=DIRECTION('',(0.,0.,1.));
#19152=FACE_OUTER_BOUND('',#19153,.T.);
#19153=EDGE_LOOP('',(#19154,#19164,#19174,#19184));
#19157=CARTESIAN_POINT('',(14.859,0.381,-4.89));
#19156=VERTEX_POINT('',#19157);
#19155=EDGE_CURVE('',#19156,#19107,#19160,.T.);
#19160=LINE('',#19157,#19162);
#19162=VECTOR('',#19163,0.762);
#19163=DIRECTION('',(1.0,0.0,0.0));
#19154=ORIENTED_EDGE('',*,*,#19155,.F.);
#19165=EDGE_CURVE('',#19078,#19156,#19170,.T.);
#19170=LINE('',#19079,#19172);
#19172=VECTOR('',#19173,4.8895);
#19173=DIRECTION('',(0.0,0.0,-1.0));
#19164=ORIENTED_EDGE('',*,*,#19165,.F.);
#19174=ORIENTED_EDGE('',*,*,#19077,.T.);
#19184=ORIENTED_EDGE('',*,*,#19116,.T.);
#19194=STYLED_ITEM('',(#34),#19195);
#19195=ADVANCED_FACE('',(#19201),#19196,.T.);
#19196=PLANE('',#19197);
#19197=AXIS2_PLACEMENT_3D('',#19198,#19199,#19200);
#19198=CARTESIAN_POINT('',(14.859,0.381,-4.89));
#19199=DIRECTION('',(-1.0,0.0,0.0));
#19200=DIRECTION('',(0.,0.,1.));
#19201=FACE_OUTER_BOUND('',#19202,.T.);
#19202=EDGE_LOOP('',(#19203,#19213,#19223,#19233));
#19206=CARTESIAN_POINT('',(14.859,-0.381,-4.89));
#19205=VERTEX_POINT('',#19206);
#19204=EDGE_CURVE('',#19205,#19156,#19209,.T.);
#19209=LINE('',#19206,#19211);
#19211=VECTOR('',#19212,0.762);
#19212=DIRECTION('',(0.0,1.0,0.0));
#19203=ORIENTED_EDGE('',*,*,#19204,.F.);
#19214=EDGE_CURVE('',#19060,#19205,#19219,.T.);
#19219=LINE('',#19061,#19221);
#19221=VECTOR('',#19222,4.8895);
#19222=DIRECTION('',(0.0,0.0,-1.0));
#19213=ORIENTED_EDGE('',*,*,#19214,.F.);
#19223=ORIENTED_EDGE('',*,*,#19087,.T.);
#19233=ORIENTED_EDGE('',*,*,#19165,.T.);
#19243=STYLED_ITEM('',(#34),#19244);
#19244=ADVANCED_FACE('',(#19250),#19245,.T.);
#19245=PLANE('',#19246);
#19246=AXIS2_PLACEMENT_3D('',#19247,#19248,#19249);
#19247=CARTESIAN_POINT('',(14.859,-0.381,-4.89));
#19248=DIRECTION('',(0.0,-1.0,0.0));
#19249=DIRECTION('',(0.,0.,1.));
#19250=FACE_OUTER_BOUND('',#19251,.T.);
#19251=EDGE_LOOP('',(#19252,#19262,#19272,#19282));
#19253=EDGE_CURVE('',#19109,#19205,#19258,.T.);
#19258=LINE('',#19110,#19260);
#19260=VECTOR('',#19261,0.762);
#19261=DIRECTION('',(-1.0,0.0,0.0));
#19252=ORIENTED_EDGE('',*,*,#19253,.F.);
#19262=ORIENTED_EDGE('',*,*,#19136,.T.);
#19272=ORIENTED_EDGE('',*,*,#19057,.T.);
#19282=ORIENTED_EDGE('',*,*,#19214,.T.);
#19292=STYLED_ITEM('',(#34),#19293);
#19293=ADVANCED_FACE('',(#19299),#19294,.T.);
#19294=PLANE('',#19295);
#19295=AXIS2_PLACEMENT_3D('',#19296,#19297,#19298);
#19296=CARTESIAN_POINT('',(15.43,-0.19,-5.08));
#19297=DIRECTION('',(0.707,0.0,-0.707));
#19298=DIRECTION('',(0.,0.,1.));
#19299=FACE_OUTER_BOUND('',#19300,.T.);
#19300=EDGE_LOOP('',(#19301,#19311,#19321,#19331));
#19304=CARTESIAN_POINT('',(15.43,0.19,-5.08));
#19303=VERTEX_POINT('',#19304);
#19306=CARTESIAN_POINT('',(15.43,-0.19,-5.08));
#19305=VERTEX_POINT('',#19306);
#19302=EDGE_CURVE('',#19303,#19305,#19307,.T.);
#19307=LINE('',#19304,#19309);
#19309=VECTOR('',#19310,0.381);
#19310=DIRECTION('',(0.0,-1.0,0.0));
#19301=ORIENTED_EDGE('',*,*,#19302,.F.);
#19312=EDGE_CURVE('',#19107,#19303,#19317,.T.);
#19317=LINE('',#19108,#19319);
#19319=VECTOR('',#19320,0.329955678841871);
#19320=DIRECTION('',(-0.577,-0.577,-0.577));
#19311=ORIENTED_EDGE('',*,*,#19312,.F.);
#19321=ORIENTED_EDGE('',*,*,#19106,.T.);
#19332=EDGE_CURVE('',#19305,#19109,#19337,.T.);
#19337=LINE('',#19306,#19339);
#19339=VECTOR('',#19340,0.329955678841871);
#19340=DIRECTION('',(0.577,-0.577,0.577));
#19331=ORIENTED_EDGE('',*,*,#19332,.F.);
#19341=STYLED_ITEM('',(#34),#19342);
#19342=ADVANCED_FACE('',(#19348),#19343,.T.);
#19343=PLANE('',#19344);
#19344=AXIS2_PLACEMENT_3D('',#19345,#19346,#19347);
#19345=CARTESIAN_POINT('',(15.43,0.19,-5.08));
#19346=DIRECTION('',(0.0,0.707,-0.707));
#19347=DIRECTION('',(0.,0.,1.));
#19348=FACE_OUTER_BOUND('',#19349,.T.);
#19349=EDGE_LOOP('',(#19350,#19360,#19370,#19380));
#19353=CARTESIAN_POINT('',(15.05,0.19,-5.08));
#19352=VERTEX_POINT('',#19353);
#19351=EDGE_CURVE('',#19352,#19303,#19356,.T.);
#19356=LINE('',#19353,#19358);
#19358=VECTOR('',#19359,0.381);
#19359=DIRECTION('',(1.0,0.0,0.0));
#19350=ORIENTED_EDGE('',*,*,#19351,.F.);
#19361=EDGE_CURVE('',#19156,#19352,#19366,.T.);
#19366=LINE('',#19157,#19368);
#19368=VECTOR('',#19369,0.329955678841871);
#19369=DIRECTION('',(0.577,-0.577,-0.577));
#19360=ORIENTED_EDGE('',*,*,#19361,.F.);
#19370=ORIENTED_EDGE('',*,*,#19155,.T.);
#19380=ORIENTED_EDGE('',*,*,#19312,.T.);
#19390=STYLED_ITEM('',(#34),#19391);
#19391=ADVANCED_FACE('',(#19397),#19392,.T.);
#19392=PLANE('',#19393);
#19393=AXIS2_PLACEMENT_3D('',#19394,#19395,#19396);
#19394=CARTESIAN_POINT('',(15.05,0.19,-5.08));
#19395=DIRECTION('',(-0.707,0.0,-0.707));
#19396=DIRECTION('',(0.,0.,1.));
#19397=FACE_OUTER_BOUND('',#19398,.T.);
#19398=EDGE_LOOP('',(#19399,#19409,#19419,#19429));
#19402=CARTESIAN_POINT('',(15.05,-0.19,-5.08));
#19401=VERTEX_POINT('',#19402);
#19400=EDGE_CURVE('',#19401,#19352,#19405,.T.);
#19405=LINE('',#19402,#19407);
#19407=VECTOR('',#19408,0.381);
#19408=DIRECTION('',(0.0,1.0,0.0));
#19399=ORIENTED_EDGE('',*,*,#19400,.F.);
#19410=EDGE_CURVE('',#19205,#19401,#19415,.T.);
#19415=LINE('',#19206,#19417);
#19417=VECTOR('',#19418,0.329955678841871);
#19418=DIRECTION('',(0.577,0.577,-0.577));
#19409=ORIENTED_EDGE('',*,*,#19410,.F.);
#19419=ORIENTED_EDGE('',*,*,#19204,.T.);
#19429=ORIENTED_EDGE('',*,*,#19361,.T.);
#19439=STYLED_ITEM('',(#34),#19440);
#19440=ADVANCED_FACE('',(#19446),#19441,.T.);
#19441=PLANE('',#19442);
#19442=AXIS2_PLACEMENT_3D('',#19443,#19444,#19445);
#19443=CARTESIAN_POINT('',(15.05,-0.19,-5.08));
#19444=DIRECTION('',(0.0,-0.707,-0.707));
#19445=DIRECTION('',(0.,0.,1.));
#19446=FACE_OUTER_BOUND('',#19447,.T.);
#19447=EDGE_LOOP('',(#19448,#19458,#19468,#19478));
#19449=EDGE_CURVE('',#19305,#19401,#19454,.T.);
#19454=LINE('',#19306,#19456);
#19456=VECTOR('',#19457,0.381);
#19457=DIRECTION('',(-1.0,0.0,0.0));
#19448=ORIENTED_EDGE('',*,*,#19449,.F.);
#19458=ORIENTED_EDGE('',*,*,#19332,.T.);
#19468=ORIENTED_EDGE('',*,*,#19253,.T.);
#19478=ORIENTED_EDGE('',*,*,#19410,.T.);
#19488=STYLED_ITEM('',(#34),#19489);
#19489=ADVANCED_FACE('',(#19495),#19490,.T.);
#19490=PLANE('',#19491);
#19491=AXIS2_PLACEMENT_3D('',#19492,#19493,#19494);
#19492=CARTESIAN_POINT('',(15.05,0.19,-5.08));
#19493=DIRECTION('',(0.0,0.0,-1.0));
#19494=DIRECTION('',(0.,1.,0.));
#19495=FACE_OUTER_BOUND('',#19496,.T.);
#19496=EDGE_LOOP('',(#19497,#19507,#19517,#19527));
#19497=ORIENTED_EDGE('',*,*,#19351,.T.);
#19507=ORIENTED_EDGE('',*,*,#19302,.T.);
#19517=ORIENTED_EDGE('',*,*,#19449,.T.);
#19527=ORIENTED_EDGE('',*,*,#19400,.T.);
#19537=MANIFOLD_SOLID_BREP($,#19538);
#19538=CLOSED_SHELL('',(#19542,#19591,#19640,#19689,#19738,#19787,#19836,#19885,#19934,#19983));
#19539=MANIFOLD_SOLID_BREP($,#19540);
#19540=CLOSED_SHELL('',(#20032,#20081,#20130,#20179,#20228,#20277,#20326,#20375,#20424,#20473));
#19541=STYLED_ITEM('',(#34),#19542);
#19542=ADVANCED_FACE('',(#19548),#19543,.T.);
#19543=PLANE('',#19544);
#19544=AXIS2_PLACEMENT_3D('',#19545,#19546,#19547);
#19545=CARTESIAN_POINT('',(12.51,-0.19,9.5));
#19546=DIRECTION('',(0.0,0.0,1.0));
#19547=DIRECTION('',(0.,1.,0.));
#19548=FACE_OUTER_BOUND('',#19549,.T.);
#19549=EDGE_LOOP('',(#19550,#19560,#19570,#19580));
#19553=CARTESIAN_POINT('',(12.89,-0.19,9.5));
#19552=VERTEX_POINT('',#19553);
#19555=CARTESIAN_POINT('',(12.51,-0.19,9.5));
#19554=VERTEX_POINT('',#19555);
#19551=EDGE_CURVE('',#19552,#19554,#19556,.T.);
#19556=LINE('',#19553,#19558);
#19558=VECTOR('',#19559,0.381);
#19559=DIRECTION('',(-1.0,0.0,0.0));
#19550=ORIENTED_EDGE('',*,*,#19551,.F.);
#19563=CARTESIAN_POINT('',(12.89,0.19,9.5));
#19562=VERTEX_POINT('',#19563);
#19561=EDGE_CURVE('',#19562,#19552,#19566,.T.);
#19566=LINE('',#19563,#19568);
#19568=VECTOR('',#19569,0.381);
#19569=DIRECTION('',(0.0,-1.0,0.0));
#19560=ORIENTED_EDGE('',*,*,#19561,.F.);
#19573=CARTESIAN_POINT('',(12.51,0.19,9.5));
#19572=VERTEX_POINT('',#19573);
#19571=EDGE_CURVE('',#19572,#19562,#19576,.T.);
#19576=LINE('',#19573,#19578);
#19578=VECTOR('',#19579,0.381);
#19579=DIRECTION('',(1.0,0.0,0.0));
#19570=ORIENTED_EDGE('',*,*,#19571,.F.);
#19581=EDGE_CURVE('',#19554,#19572,#19586,.T.);
#19586=LINE('',#19555,#19588);
#19588=VECTOR('',#19589,0.381);
#19589=DIRECTION('',(0.0,1.0,0.0));
#19580=ORIENTED_EDGE('',*,*,#19581,.F.);
#19590=STYLED_ITEM('',(#34),#19591);
#19591=ADVANCED_FACE('',(#19597),#19592,.T.);
#19592=PLANE('',#19593);
#19593=AXIS2_PLACEMENT_3D('',#19594,#19595,#19596);
#19594=CARTESIAN_POINT('',(13.081,-0.381,9.309));
#19595=DIRECTION('',(0.707,0.0,0.707));
#19596=DIRECTION('',(0.,0.,1.));
#19597=FACE_OUTER_BOUND('',#19598,.T.);
#19598=EDGE_LOOP('',(#19599,#19609,#19619,#19629));
#19602=CARTESIAN_POINT('',(13.081,0.381,9.309));
#19601=VERTEX_POINT('',#19602);
#19604=CARTESIAN_POINT('',(13.081,-0.381,9.309));
#19603=VERTEX_POINT('',#19604);
#19600=EDGE_CURVE('',#19601,#19603,#19605,.T.);
#19605=LINE('',#19602,#19607);
#19607=VECTOR('',#19608,0.762);
#19608=DIRECTION('',(0.0,-1.0,0.0));
#19599=ORIENTED_EDGE('',*,*,#19600,.F.);
#19610=EDGE_CURVE('',#19562,#19601,#19615,.T.);
#19615=LINE('',#19563,#19617);
#19617=VECTOR('',#19618,0.329955678841871);
#19618=DIRECTION('',(0.577,0.577,-0.577));
#19609=ORIENTED_EDGE('',*,*,#19610,.F.);
#19619=ORIENTED_EDGE('',*,*,#19561,.T.);
#19630=EDGE_CURVE('',#19603,#19552,#19635,.T.);
#19635=LINE('',#19604,#19637);
#19637=VECTOR('',#19638,0.329955678841871);
#19638=DIRECTION('',(-0.577,0.577,0.577));
#19629=ORIENTED_EDGE('',*,*,#19630,.F.);
#19639=STYLED_ITEM('',(#34),#19640);
#19640=ADVANCED_FACE('',(#19646),#19641,.T.);
#19641=PLANE('',#19642);
#19642=AXIS2_PLACEMENT_3D('',#19643,#19644,#19645);
#19643=CARTESIAN_POINT('',(13.081,0.381,9.309));
#19644=DIRECTION('',(0.0,0.707,0.707));
#19645=DIRECTION('',(0.,0.,1.));
#19646=FACE_OUTER_BOUND('',#19647,.T.);
#19647=EDGE_LOOP('',(#19648,#19658,#19668,#19678));
#19651=CARTESIAN_POINT('',(12.319,0.381,9.309));
#19650=VERTEX_POINT('',#19651);
#19649=EDGE_CURVE('',#19650,#19601,#19654,.T.);
#19654=LINE('',#19651,#19656);
#19656=VECTOR('',#19657,0.762);
#19657=DIRECTION('',(1.0,0.0,0.0));
#19648=ORIENTED_EDGE('',*,*,#19649,.F.);
#19659=EDGE_CURVE('',#19572,#19650,#19664,.T.);
#19664=LINE('',#19573,#19666);
#19666=VECTOR('',#19667,0.329955678841871);
#19667=DIRECTION('',(-0.577,0.577,-0.577));
#19658=ORIENTED_EDGE('',*,*,#19659,.F.);
#19668=ORIENTED_EDGE('',*,*,#19571,.T.);
#19678=ORIENTED_EDGE('',*,*,#19610,.T.);
#19688=STYLED_ITEM('',(#34),#19689);
#19689=ADVANCED_FACE('',(#19695),#19690,.T.);
#19690=PLANE('',#19691);
#19691=AXIS2_PLACEMENT_3D('',#19692,#19693,#19694);
#19692=CARTESIAN_POINT('',(12.319,0.381,9.309));
#19693=DIRECTION('',(-0.707,0.0,0.707));
#19694=DIRECTION('',(0.,0.,1.));
#19695=FACE_OUTER_BOUND('',#19696,.T.);
#19696=EDGE_LOOP('',(#19697,#19707,#19717,#19727));
#19700=CARTESIAN_POINT('',(12.319,-0.381,9.309));
#19699=VERTEX_POINT('',#19700);
#19698=EDGE_CURVE('',#19699,#19650,#19703,.T.);
#19703=LINE('',#19700,#19705);
#19705=VECTOR('',#19706,0.762);
#19706=DIRECTION('',(0.0,1.0,0.0));
#19697=ORIENTED_EDGE('',*,*,#19698,.F.);
#19708=EDGE_CURVE('',#19554,#19699,#19713,.T.);
#19713=LINE('',#19555,#19715);
#19715=VECTOR('',#19716,0.329955678841871);
#19716=DIRECTION('',(-0.577,-0.577,-0.577));
#19707=ORIENTED_EDGE('',*,*,#19708,.F.);
#19717=ORIENTED_EDGE('',*,*,#19581,.T.);
#19727=ORIENTED_EDGE('',*,*,#19659,.T.);
#19737=STYLED_ITEM('',(#34),#19738);
#19738=ADVANCED_FACE('',(#19744),#19739,.T.);
#19739=PLANE('',#19740);
#19740=AXIS2_PLACEMENT_3D('',#19741,#19742,#19743);
#19741=CARTESIAN_POINT('',(12.319,-0.381,9.309));
#19742=DIRECTION('',(0.0,-0.707,0.707));
#19743=DIRECTION('',(0.,0.,1.));
#19744=FACE_OUTER_BOUND('',#19745,.T.);
#19745=EDGE_LOOP('',(#19746,#19756,#19766,#19776));
#19747=EDGE_CURVE('',#19603,#19699,#19752,.T.);
#19752=LINE('',#19604,#19754);
#19754=VECTOR('',#19755,0.762);
#19755=DIRECTION('',(-1.0,0.0,0.0));
#19746=ORIENTED_EDGE('',*,*,#19747,.F.);
#19756=ORIENTED_EDGE('',*,*,#19630,.T.);
#19766=ORIENTED_EDGE('',*,*,#19551,.T.);
#19776=ORIENTED_EDGE('',*,*,#19708,.T.);
#19786=STYLED_ITEM('',(#34),#19787);
#19787=ADVANCED_FACE('',(#19793),#19788,.T.);
#19788=PLANE('',#19789);
#19789=AXIS2_PLACEMENT_3D('',#19790,#19791,#19792);
#19790=CARTESIAN_POINT('',(13.081,-0.381,2.862));
#19791=DIRECTION('',(1.0,0.0,0.0));
#19792=DIRECTION('',(0.,0.,1.));
#19793=FACE_OUTER_BOUND('',#19794,.T.);
#19794=EDGE_LOOP('',(#19795,#19805,#19815,#19825));
#19798=CARTESIAN_POINT('',(13.081,0.381,2.862));
#19797=VERTEX_POINT('',#19798);
#19800=CARTESIAN_POINT('',(13.081,-0.381,2.862));
#19799=VERTEX_POINT('',#19800);
#19796=EDGE_CURVE('',#19797,#19799,#19801,.T.);
#19801=LINE('',#19798,#19803);
#19803=VECTOR('',#19804,0.762);
#19804=DIRECTION('',(0.0,-1.0,0.0));
#19795=ORIENTED_EDGE('',*,*,#19796,.F.);
#19806=EDGE_CURVE('',#19601,#19797,#19811,.T.);
#19811=LINE('',#19602,#19813);
#19813=VECTOR('',#19814,6.4473695284);
#19814=DIRECTION('',(0.0,0.0,-1.0));
#19805=ORIENTED_EDGE('',*,*,#19806,.F.);
#19815=ORIENTED_EDGE('',*,*,#19600,.T.);
#19826=EDGE_CURVE('',#19799,#19603,#19831,.T.);
#19831=LINE('',#19800,#19833);
#19833=VECTOR('',#19834,6.4473695284);
#19834=DIRECTION('',(0.0,0.0,1.0));
#19825=ORIENTED_EDGE('',*,*,#19826,.F.);
#19835=STYLED_ITEM('',(#34),#19836);
#19836=ADVANCED_FACE('',(#19842),#19837,.T.);
#19837=PLANE('',#19838);
#19838=AXIS2_PLACEMENT_3D('',#19839,#19840,#19841);
#19839=CARTESIAN_POINT('',(13.081,0.381,2.862));
#19840=DIRECTION('',(0.0,1.0,0.0));
#19841=DIRECTION('',(0.,0.,1.));
#19842=FACE_OUTER_BOUND('',#19843,.T.);
#19843=EDGE_LOOP('',(#19844,#19854,#19864,#19874));
#19847=CARTESIAN_POINT('',(12.319,0.381,2.862));
#19846=VERTEX_POINT('',#19847);
#19845=EDGE_CURVE('',#19846,#19797,#19850,.T.);
#19850=LINE('',#19847,#19852);
#19852=VECTOR('',#19853,0.762);
#19853=DIRECTION('',(1.0,0.0,0.0));
#19844=ORIENTED_EDGE('',*,*,#19845,.F.);
#19855=EDGE_CURVE('',#19650,#19846,#19860,.T.);
#19860=LINE('',#19651,#19862);
#19862=VECTOR('',#19863,6.4473695284);
#19863=DIRECTION('',(0.0,0.0,-1.0));
#19854=ORIENTED_EDGE('',*,*,#19855,.F.);
#19864=ORIENTED_EDGE('',*,*,#19649,.T.);
#19874=ORIENTED_EDGE('',*,*,#19806,.T.);
#19884=STYLED_ITEM('',(#34),#19885);
#19885=ADVANCED_FACE('',(#19891),#19886,.T.);
#19886=PLANE('',#19887);
#19887=AXIS2_PLACEMENT_3D('',#19888,#19889,#19890);
#19888=CARTESIAN_POINT('',(12.319,0.381,2.862));
#19889=DIRECTION('',(-1.0,0.0,0.0));
#19890=DIRECTION('',(0.,0.,1.));
#19891=FACE_OUTER_BOUND('',#19892,.T.);
#19892=EDGE_LOOP('',(#19893,#19903,#19913,#19923));
#19896=CARTESIAN_POINT('',(12.319,-0.381,2.862));
#19895=VERTEX_POINT('',#19896);
#19894=EDGE_CURVE('',#19895,#19846,#19899,.T.);
#19899=LINE('',#19896,#19901);
#19901=VECTOR('',#19902,0.762);
#19902=DIRECTION('',(0.0,1.0,0.0));
#19893=ORIENTED_EDGE('',*,*,#19894,.F.);
#19904=EDGE_CURVE('',#19699,#19895,#19909,.T.);
#19909=LINE('',#19700,#19911);
#19911=VECTOR('',#19912,6.4473695284);
#19912=DIRECTION('',(0.0,0.0,-1.0));
#19903=ORIENTED_EDGE('',*,*,#19904,.F.);
#19913=ORIENTED_EDGE('',*,*,#19698,.T.);
#19923=ORIENTED_EDGE('',*,*,#19855,.T.);
#19933=STYLED_ITEM('',(#34),#19934);
#19934=ADVANCED_FACE('',(#19940),#19935,.T.);
#19935=PLANE('',#19936);
#19936=AXIS2_PLACEMENT_3D('',#19937,#19938,#19939);
#19937=CARTESIAN_POINT('',(12.319,-0.381,2.862));
#19938=DIRECTION('',(0.0,-1.0,0.0));
#19939=DIRECTION('',(0.,0.,1.));
#19940=FACE_OUTER_BOUND('',#19941,.T.);
#19941=EDGE_LOOP('',(#19942,#19952,#19962,#19972));
#19943=EDGE_CURVE('',#19799,#19895,#19948,.T.);
#19948=LINE('',#19800,#19950);
#19950=VECTOR('',#19951,0.762);
#19951=DIRECTION('',(-1.0,0.0,0.0));
#19942=ORIENTED_EDGE('',*,*,#19943,.F.);
#19952=ORIENTED_EDGE('',*,*,#19826,.T.);
#19962=ORIENTED_EDGE('',*,*,#19747,.T.);
#19972=ORIENTED_EDGE('',*,*,#19904,.T.);
#19982=STYLED_ITEM('',(#34),#19983);
#19983=ADVANCED_FACE('',(#19989),#19984,.T.);
#19984=PLANE('',#19985);
#19985=AXIS2_PLACEMENT_3D('',#19986,#19987,#19988);
#19986=CARTESIAN_POINT('',(12.319,0.381,2.862));
#19987=DIRECTION('',(0.0,0.0,-1.0));
#19988=DIRECTION('',(0.,1.,0.));
#19989=FACE_OUTER_BOUND('',#19990,.T.);
#19990=EDGE_LOOP('',(#19991,#20001,#20011,#20021));
#19991=ORIENTED_EDGE('',*,*,#19845,.T.);
#20001=ORIENTED_EDGE('',*,*,#19796,.T.);
#20011=ORIENTED_EDGE('',*,*,#19943,.T.);
#20021=ORIENTED_EDGE('',*,*,#19894,.T.);
#20031=STYLED_ITEM('',(#34),#20032);
#20032=ADVANCED_FACE('',(#20038),#20033,.T.);
#20033=PLANE('',#20034);
#20034=AXIS2_PLACEMENT_3D('',#20035,#20036,#20037);
#20035=CARTESIAN_POINT('',(12.319,-0.381,0.0));
#20036=DIRECTION('',(0.0,0.0,1.0));
#20037=DIRECTION('',(0.,1.,0.));
#20038=FACE_OUTER_BOUND('',#20039,.T.);
#20039=EDGE_LOOP('',(#20040,#20050,#20060,#20070));
#20043=CARTESIAN_POINT('',(13.081,-0.381,0.0));
#20042=VERTEX_POINT('',#20043);
#20045=CARTESIAN_POINT('',(12.319,-0.381,0.0));
#20044=VERTEX_POINT('',#20045);
#20041=EDGE_CURVE('',#20042,#20044,#20046,.T.);
#20046=LINE('',#20043,#20048);
#20048=VECTOR('',#20049,0.762);
#20049=DIRECTION('',(-1.0,0.0,0.0));
#20040=ORIENTED_EDGE('',*,*,#20041,.F.);
#20053=CARTESIAN_POINT('',(13.081,0.381,0.0));
#20052=VERTEX_POINT('',#20053);
#20051=EDGE_CURVE('',#20052,#20042,#20056,.T.);
#20056=LINE('',#20053,#20058);
#20058=VECTOR('',#20059,0.762);
#20059=DIRECTION('',(0.0,-1.0,0.0));
#20050=ORIENTED_EDGE('',*,*,#20051,.F.);
#20063=CARTESIAN_POINT('',(12.319,0.381,0.0));
#20062=VERTEX_POINT('',#20063);
#20061=EDGE_CURVE('',#20062,#20052,#20066,.T.);
#20066=LINE('',#20063,#20068);
#20068=VECTOR('',#20069,0.762);
#20069=DIRECTION('',(1.0,0.0,0.0));
#20060=ORIENTED_EDGE('',*,*,#20061,.F.);
#20071=EDGE_CURVE('',#20044,#20062,#20076,.T.);
#20076=LINE('',#20045,#20078);
#20078=VECTOR('',#20079,0.762);
#20079=DIRECTION('',(0.0,1.0,0.0));
#20070=ORIENTED_EDGE('',*,*,#20071,.F.);
#20080=STYLED_ITEM('',(#34),#20081);
#20081=ADVANCED_FACE('',(#20087),#20082,.T.);
#20082=PLANE('',#20083);
#20083=AXIS2_PLACEMENT_3D('',#20084,#20085,#20086);
#20084=CARTESIAN_POINT('',(13.081,-0.381,-4.89));
#20085=DIRECTION('',(1.0,0.0,0.0));
#20086=DIRECTION('',(0.,0.,1.));
#20087=FACE_OUTER_BOUND('',#20088,.T.);
#20088=EDGE_LOOP('',(#20089,#20099,#20109,#20119));
#20092=CARTESIAN_POINT('',(13.081,0.381,-4.89));
#20091=VERTEX_POINT('',#20092);
#20094=CARTESIAN_POINT('',(13.081,-0.381,-4.89));
#20093=VERTEX_POINT('',#20094);
#20090=EDGE_CURVE('',#20091,#20093,#20095,.T.);
#20095=LINE('',#20092,#20097);
#20097=VECTOR('',#20098,0.762);
#20098=DIRECTION('',(0.0,-1.0,0.0));
#20089=ORIENTED_EDGE('',*,*,#20090,.F.);
#20100=EDGE_CURVE('',#20052,#20091,#20105,.T.);
#20105=LINE('',#20053,#20107);
#20107=VECTOR('',#20108,4.8895);
#20108=DIRECTION('',(0.0,0.0,-1.0));
#20099=ORIENTED_EDGE('',*,*,#20100,.F.);
#20109=ORIENTED_EDGE('',*,*,#20051,.T.);
#20120=EDGE_CURVE('',#20093,#20042,#20125,.T.);
#20125=LINE('',#20094,#20127);
#20127=VECTOR('',#20128,4.8895);
#20128=DIRECTION('',(0.0,0.0,1.0));
#20119=ORIENTED_EDGE('',*,*,#20120,.F.);
#20129=STYLED_ITEM('',(#34),#20130);
#20130=ADVANCED_FACE('',(#20136),#20131,.T.);
#20131=PLANE('',#20132);
#20132=AXIS2_PLACEMENT_3D('',#20133,#20134,#20135);
#20133=CARTESIAN_POINT('',(13.081,0.381,-4.89));
#20134=DIRECTION('',(0.0,1.0,0.0));
#20135=DIRECTION('',(0.,0.,1.));
#20136=FACE_OUTER_BOUND('',#20137,.T.);
#20137=EDGE_LOOP('',(#20138,#20148,#20158,#20168));
#20141=CARTESIAN_POINT('',(12.319,0.381,-4.89));
#20140=VERTEX_POINT('',#20141);
#20139=EDGE_CURVE('',#20140,#20091,#20144,.T.);
#20144=LINE('',#20141,#20146);
#20146=VECTOR('',#20147,0.762);
#20147=DIRECTION('',(1.0,0.0,0.0));
#20138=ORIENTED_EDGE('',*,*,#20139,.F.);
#20149=EDGE_CURVE('',#20062,#20140,#20154,.T.);
#20154=LINE('',#20063,#20156);
#20156=VECTOR('',#20157,4.8895);
#20157=DIRECTION('',(0.0,0.0,-1.0));
#20148=ORIENTED_EDGE('',*,*,#20149,.F.);
#20158=ORIENTED_EDGE('',*,*,#20061,.T.);
#20168=ORIENTED_EDGE('',*,*,#20100,.T.);
#20178=STYLED_ITEM('',(#34),#20179);
#20179=ADVANCED_FACE('',(#20185),#20180,.T.);
#20180=PLANE('',#20181);
#20181=AXIS2_PLACEMENT_3D('',#20182,#20183,#20184);
#20182=CARTESIAN_POINT('',(12.319,0.381,-4.89));
#20183=DIRECTION('',(-1.0,0.0,0.0));
#20184=DIRECTION('',(0.,0.,1.));
#20185=FACE_OUTER_BOUND('',#20186,.T.);
#20186=EDGE_LOOP('',(#20187,#20197,#20207,#20217));
#20190=CARTESIAN_POINT('',(12.319,-0.381,-4.89));
#20189=VERTEX_POINT('',#20190);
#20188=EDGE_CURVE('',#20189,#20140,#20193,.T.);
#20193=LINE('',#20190,#20195);
#20195=VECTOR('',#20196,0.762);
#20196=DIRECTION('',(0.0,1.0,0.0));
#20187=ORIENTED_EDGE('',*,*,#20188,.F.);
#20198=EDGE_CURVE('',#20044,#20189,#20203,.T.);
#20203=LINE('',#20045,#20205);
#20205=VECTOR('',#20206,4.8895);
#20206=DIRECTION('',(0.0,0.0,-1.0));
#20197=ORIENTED_EDGE('',*,*,#20198,.F.);
#20207=ORIENTED_EDGE('',*,*,#20071,.T.);
#20217=ORIENTED_EDGE('',*,*,#20149,.T.);
#20227=STYLED_ITEM('',(#34),#20228);
#20228=ADVANCED_FACE('',(#20234),#20229,.T.);
#20229=PLANE('',#20230);
#20230=AXIS2_PLACEMENT_3D('',#20231,#20232,#20233);
#20231=CARTESIAN_POINT('',(12.319,-0.381,-4.89));
#20232=DIRECTION('',(0.0,-1.0,0.0));
#20233=DIRECTION('',(0.,0.,1.));
#20234=FACE_OUTER_BOUND('',#20235,.T.);
#20235=EDGE_LOOP('',(#20236,#20246,#20256,#20266));
#20237=EDGE_CURVE('',#20093,#20189,#20242,.T.);
#20242=LINE('',#20094,#20244);
#20244=VECTOR('',#20245,0.762);
#20245=DIRECTION('',(-1.0,0.0,0.0));
#20236=ORIENTED_EDGE('',*,*,#20237,.F.);
#20246=ORIENTED_EDGE('',*,*,#20120,.T.);
#20256=ORIENTED_EDGE('',*,*,#20041,.T.);
#20266=ORIENTED_EDGE('',*,*,#20198,.T.);
#20276=STYLED_ITEM('',(#34),#20277);
#20277=ADVANCED_FACE('',(#20283),#20278,.T.);
#20278=PLANE('',#20279);
#20279=AXIS2_PLACEMENT_3D('',#20280,#20281,#20282);
#20280=CARTESIAN_POINT('',(12.89,-0.19,-5.08));
#20281=DIRECTION('',(0.707,0.0,-0.707));
#20282=DIRECTION('',(0.,0.,1.));
#20283=FACE_OUTER_BOUND('',#20284,.T.);
#20284=EDGE_LOOP('',(#20285,#20295,#20305,#20315));
#20288=CARTESIAN_POINT('',(12.89,0.19,-5.08));
#20287=VERTEX_POINT('',#20288);
#20290=CARTESIAN_POINT('',(12.89,-0.19,-5.08));
#20289=VERTEX_POINT('',#20290);
#20286=EDGE_CURVE('',#20287,#20289,#20291,.T.);
#20291=LINE('',#20288,#20293);
#20293=VECTOR('',#20294,0.381);
#20294=DIRECTION('',(0.0,-1.0,0.0));
#20285=ORIENTED_EDGE('',*,*,#20286,.F.);
#20296=EDGE_CURVE('',#20091,#20287,#20301,.T.);
#20301=LINE('',#20092,#20303);
#20303=VECTOR('',#20304,0.329955678841871);
#20304=DIRECTION('',(-0.577,-0.577,-0.577));
#20295=ORIENTED_EDGE('',*,*,#20296,.F.);
#20305=ORIENTED_EDGE('',*,*,#20090,.T.);
#20316=EDGE_CURVE('',#20289,#20093,#20321,.T.);
#20321=LINE('',#20290,#20323);
#20323=VECTOR('',#20324,0.329955678841871);
#20324=DIRECTION('',(0.577,-0.577,0.577));
#20315=ORIENTED_EDGE('',*,*,#20316,.F.);
#20325=STYLED_ITEM('',(#34),#20326);
#20326=ADVANCED_FACE('',(#20332),#20327,.T.);
#20327=PLANE('',#20328);
#20328=AXIS2_PLACEMENT_3D('',#20329,#20330,#20331);
#20329=CARTESIAN_POINT('',(12.89,0.19,-5.08));
#20330=DIRECTION('',(0.0,0.707,-0.707));
#20331=DIRECTION('',(0.,0.,1.));
#20332=FACE_OUTER_BOUND('',#20333,.T.);
#20333=EDGE_LOOP('',(#20334,#20344,#20354,#20364));
#20337=CARTESIAN_POINT('',(12.51,0.19,-5.08));
#20336=VERTEX_POINT('',#20337);
#20335=EDGE_CURVE('',#20336,#20287,#20340,.T.);
#20340=LINE('',#20337,#20342);
#20342=VECTOR('',#20343,0.381);
#20343=DIRECTION('',(1.0,0.0,0.0));
#20334=ORIENTED_EDGE('',*,*,#20335,.F.);
#20345=EDGE_CURVE('',#20140,#20336,#20350,.T.);
#20350=LINE('',#20141,#20352);
#20352=VECTOR('',#20353,0.329955678841871);
#20353=DIRECTION('',(0.577,-0.577,-0.577));
#20344=ORIENTED_EDGE('',*,*,#20345,.F.);
#20354=ORIENTED_EDGE('',*,*,#20139,.T.);
#20364=ORIENTED_EDGE('',*,*,#20296,.T.);
#20374=STYLED_ITEM('',(#34),#20375);
#20375=ADVANCED_FACE('',(#20381),#20376,.T.);
#20376=PLANE('',#20377);
#20377=AXIS2_PLACEMENT_3D('',#20378,#20379,#20380);
#20378=CARTESIAN_POINT('',(12.51,0.19,-5.08));
#20379=DIRECTION('',(-0.707,0.0,-0.707));
#20380=DIRECTION('',(0.,0.,1.));
#20381=FACE_OUTER_BOUND('',#20382,.T.);
#20382=EDGE_LOOP('',(#20383,#20393,#20403,#20413));
#20386=CARTESIAN_POINT('',(12.51,-0.19,-5.08));
#20385=VERTEX_POINT('',#20386);
#20384=EDGE_CURVE('',#20385,#20336,#20389,.T.);
#20389=LINE('',#20386,#20391);
#20391=VECTOR('',#20392,0.381);
#20392=DIRECTION('',(0.0,1.0,0.0));
#20383=ORIENTED_EDGE('',*,*,#20384,.F.);
#20394=EDGE_CURVE('',#20189,#20385,#20399,.T.);
#20399=LINE('',#20190,#20401);
#20401=VECTOR('',#20402,0.329955678841871);
#20402=DIRECTION('',(0.577,0.577,-0.577));
#20393=ORIENTED_EDGE('',*,*,#20394,.F.);
#20403=ORIENTED_EDGE('',*,*,#20188,.T.);
#20413=ORIENTED_EDGE('',*,*,#20345,.T.);
#20423=STYLED_ITEM('',(#34),#20424);
#20424=ADVANCED_FACE('',(#20430),#20425,.T.);
#20425=PLANE('',#20426);
#20426=AXIS2_PLACEMENT_3D('',#20427,#20428,#20429);
#20427=CARTESIAN_POINT('',(12.51,-0.19,-5.08));
#20428=DIRECTION('',(0.0,-0.707,-0.707));
#20429=DIRECTION('',(0.,0.,1.));
#20430=FACE_OUTER_BOUND('',#20431,.T.);
#20431=EDGE_LOOP('',(#20432,#20442,#20452,#20462));
#20433=EDGE_CURVE('',#20289,#20385,#20438,.T.);
#20438=LINE('',#20290,#20440);
#20440=VECTOR('',#20441,0.381);
#20441=DIRECTION('',(-1.0,0.0,0.0));
#20432=ORIENTED_EDGE('',*,*,#20433,.F.);
#20442=ORIENTED_EDGE('',*,*,#20316,.T.);
#20452=ORIENTED_EDGE('',*,*,#20237,.T.);
#20462=ORIENTED_EDGE('',*,*,#20394,.T.);
#20472=STYLED_ITEM('',(#34),#20473);
#20473=ADVANCED_FACE('',(#20479),#20474,.T.);
#20474=PLANE('',#20475);
#20475=AXIS2_PLACEMENT_3D('',#20476,#20477,#20478);
#20476=CARTESIAN_POINT('',(12.51,0.19,-5.08));
#20477=DIRECTION('',(0.0,0.0,-1.0));
#20478=DIRECTION('',(0.,1.,0.));
#20479=FACE_OUTER_BOUND('',#20480,.T.);
#20480=EDGE_LOOP('',(#20481,#20491,#20501,#20511));
#20481=ORIENTED_EDGE('',*,*,#20335,.T.);
#20491=ORIENTED_EDGE('',*,*,#20286,.T.);
#20501=ORIENTED_EDGE('',*,*,#20433,.T.);
#20511=ORIENTED_EDGE('',*,*,#20384,.T.);
#20521=MANIFOLD_SOLID_BREP($,#20522);
#20522=CLOSED_SHELL('',(#20526,#20575,#20624,#20673,#20722,#20771,#20820,#20869,#20918,#20967));
#20523=MANIFOLD_SOLID_BREP($,#20524);
#20524=CLOSED_SHELL('',(#21016,#21065,#21114,#21163,#21212,#21261,#21310,#21359,#21408,#21457));
#20525=STYLED_ITEM('',(#34),#20526);
#20526=ADVANCED_FACE('',(#20532),#20527,.T.);
#20527=PLANE('',#20528);
#20528=AXIS2_PLACEMENT_3D('',#20529,#20530,#20531);
#20529=CARTESIAN_POINT('',(9.97,-0.19,9.5));
#20530=DIRECTION('',(0.0,0.0,1.0));
#20531=DIRECTION('',(0.,1.,0.));
#20532=FACE_OUTER_BOUND('',#20533,.T.);
#20533=EDGE_LOOP('',(#20534,#20544,#20554,#20564));
#20537=CARTESIAN_POINT('',(10.35,-0.19,9.5));
#20536=VERTEX_POINT('',#20537);
#20539=CARTESIAN_POINT('',(9.97,-0.19,9.5));
#20538=VERTEX_POINT('',#20539);
#20535=EDGE_CURVE('',#20536,#20538,#20540,.T.);
#20540=LINE('',#20537,#20542);
#20542=VECTOR('',#20543,0.381);
#20543=DIRECTION('',(-1.0,0.0,0.0));
#20534=ORIENTED_EDGE('',*,*,#20535,.F.);
#20547=CARTESIAN_POINT('',(10.35,0.19,9.5));
#20546=VERTEX_POINT('',#20547);
#20545=EDGE_CURVE('',#20546,#20536,#20550,.T.);
#20550=LINE('',#20547,#20552);
#20552=VECTOR('',#20553,0.381);
#20553=DIRECTION('',(0.0,-1.0,0.0));
#20544=ORIENTED_EDGE('',*,*,#20545,.F.);
#20557=CARTESIAN_POINT('',(9.97,0.19,9.5));
#20556=VERTEX_POINT('',#20557);
#20555=EDGE_CURVE('',#20556,#20546,#20560,.T.);
#20560=LINE('',#20557,#20562);
#20562=VECTOR('',#20563,0.381);
#20563=DIRECTION('',(1.0,0.0,0.0));
#20554=ORIENTED_EDGE('',*,*,#20555,.F.);
#20565=EDGE_CURVE('',#20538,#20556,#20570,.T.);
#20570=LINE('',#20539,#20572);
#20572=VECTOR('',#20573,0.381);
#20573=DIRECTION('',(0.0,1.0,0.0));
#20564=ORIENTED_EDGE('',*,*,#20565,.F.);
#20574=STYLED_ITEM('',(#34),#20575);
#20575=ADVANCED_FACE('',(#20581),#20576,.T.);
#20576=PLANE('',#20577);
#20577=AXIS2_PLACEMENT_3D('',#20578,#20579,#20580);
#20578=CARTESIAN_POINT('',(10.541,-0.381,9.309));
#20579=DIRECTION('',(0.707,0.0,0.707));
#20580=DIRECTION('',(0.,0.,1.));
#20581=FACE_OUTER_BOUND('',#20582,.T.);
#20582=EDGE_LOOP('',(#20583,#20593,#20603,#20613));
#20586=CARTESIAN_POINT('',(10.541,0.381,9.309));
#20585=VERTEX_POINT('',#20586);
#20588=CARTESIAN_POINT('',(10.541,-0.381,9.309));
#20587=VERTEX_POINT('',#20588);
#20584=EDGE_CURVE('',#20585,#20587,#20589,.T.);
#20589=LINE('',#20586,#20591);
#20591=VECTOR('',#20592,0.762);
#20592=DIRECTION('',(0.0,-1.0,0.0));
#20583=ORIENTED_EDGE('',*,*,#20584,.F.);
#20594=EDGE_CURVE('',#20546,#20585,#20599,.T.);
#20599=LINE('',#20547,#20601);
#20601=VECTOR('',#20602,0.329955678841871);
#20602=DIRECTION('',(0.577,0.577,-0.577));
#20593=ORIENTED_EDGE('',*,*,#20594,.F.);
#20603=ORIENTED_EDGE('',*,*,#20545,.T.);
#20614=EDGE_CURVE('',#20587,#20536,#20619,.T.);
#20619=LINE('',#20588,#20621);
#20621=VECTOR('',#20622,0.329955678841871);
#20622=DIRECTION('',(-0.577,0.577,0.577));
#20613=ORIENTED_EDGE('',*,*,#20614,.F.);
#20623=STYLED_ITEM('',(#34),#20624);
#20624=ADVANCED_FACE('',(#20630),#20625,.T.);
#20625=PLANE('',#20626);
#20626=AXIS2_PLACEMENT_3D('',#20627,#20628,#20629);
#20627=CARTESIAN_POINT('',(10.541,0.381,9.309));
#20628=DIRECTION('',(0.0,0.707,0.707));
#20629=DIRECTION('',(0.,0.,1.));
#20630=FACE_OUTER_BOUND('',#20631,.T.);
#20631=EDGE_LOOP('',(#20632,#20642,#20652,#20662));
#20635=CARTESIAN_POINT('',(9.779,0.381,9.309));
#20634=VERTEX_POINT('',#20635);
#20633=EDGE_CURVE('',#20634,#20585,#20638,.T.);
#20638=LINE('',#20635,#20640);
#20640=VECTOR('',#20641,0.762);
#20641=DIRECTION('',(1.0,0.0,0.0));
#20632=ORIENTED_EDGE('',*,*,#20633,.F.);
#20643=EDGE_CURVE('',#20556,#20634,#20648,.T.);
#20648=LINE('',#20557,#20650);
#20650=VECTOR('',#20651,0.329955678841871);
#20651=DIRECTION('',(-0.577,0.577,-0.577));
#20642=ORIENTED_EDGE('',*,*,#20643,.F.);
#20652=ORIENTED_EDGE('',*,*,#20555,.T.);
#20662=ORIENTED_EDGE('',*,*,#20594,.T.);
#20672=STYLED_ITEM('',(#34),#20673);
#20673=ADVANCED_FACE('',(#20679),#20674,.T.);
#20674=PLANE('',#20675);
#20675=AXIS2_PLACEMENT_3D('',#20676,#20677,#20678);
#20676=CARTESIAN_POINT('',(9.779,0.381,9.309));
#20677=DIRECTION('',(-0.707,0.0,0.707));
#20678=DIRECTION('',(0.,0.,1.));
#20679=FACE_OUTER_BOUND('',#20680,.T.);
#20680=EDGE_LOOP('',(#20681,#20691,#20701,#20711));
#20684=CARTESIAN_POINT('',(9.779,-0.381,9.309));
#20683=VERTEX_POINT('',#20684);
#20682=EDGE_CURVE('',#20683,#20634,#20687,.T.);
#20687=LINE('',#20684,#20689);
#20689=VECTOR('',#20690,0.762);
#20690=DIRECTION('',(0.0,1.0,0.0));
#20681=ORIENTED_EDGE('',*,*,#20682,.F.);
#20692=EDGE_CURVE('',#20538,#20683,#20697,.T.);
#20697=LINE('',#20539,#20699);
#20699=VECTOR('',#20700,0.329955678841871);
#20700=DIRECTION('',(-0.577,-0.577,-0.577));
#20691=ORIENTED_EDGE('',*,*,#20692,.F.);
#20701=ORIENTED_EDGE('',*,*,#20565,.T.);
#20711=ORIENTED_EDGE('',*,*,#20643,.T.);
#20721=STYLED_ITEM('',(#34),#20722);
#20722=ADVANCED_FACE('',(#20728),#20723,.T.);
#20723=PLANE('',#20724);
#20724=AXIS2_PLACEMENT_3D('',#20725,#20726,#20727);
#20725=CARTESIAN_POINT('',(9.779,-0.381,9.309));
#20726=DIRECTION('',(0.0,-0.707,0.707));
#20727=DIRECTION('',(0.,0.,1.));
#20728=FACE_OUTER_BOUND('',#20729,.T.);
#20729=EDGE_LOOP('',(#20730,#20740,#20750,#20760));
#20731=EDGE_CURVE('',#20587,#20683,#20736,.T.);
#20736=LINE('',#20588,#20738);
#20738=VECTOR('',#20739,0.762);
#20739=DIRECTION('',(-1.0,0.0,0.0));
#20730=ORIENTED_EDGE('',*,*,#20731,.F.);
#20740=ORIENTED_EDGE('',*,*,#20614,.T.);
#20750=ORIENTED_EDGE('',*,*,#20535,.T.);
#20760=ORIENTED_EDGE('',*,*,#20692,.T.);
#20770=STYLED_ITEM('',(#34),#20771);
#20771=ADVANCED_FACE('',(#20777),#20772,.T.);
#20772=PLANE('',#20773);
#20773=AXIS2_PLACEMENT_3D('',#20774,#20775,#20776);
#20774=CARTESIAN_POINT('',(10.541,-0.381,2.862));
#20775=DIRECTION('',(1.0,0.0,0.0));
#20776=DIRECTION('',(0.,0.,1.));
#20777=FACE_OUTER_BOUND('',#20778,.T.);
#20778=EDGE_LOOP('',(#20779,#20789,#20799,#20809));
#20782=CARTESIAN_POINT('',(10.541,0.381,2.862));
#20781=VERTEX_POINT('',#20782);
#20784=CARTESIAN_POINT('',(10.541,-0.381,2.862));
#20783=VERTEX_POINT('',#20784);
#20780=EDGE_CURVE('',#20781,#20783,#20785,.T.);
#20785=LINE('',#20782,#20787);
#20787=VECTOR('',#20788,0.762);
#20788=DIRECTION('',(0.0,-1.0,0.0));
#20779=ORIENTED_EDGE('',*,*,#20780,.F.);
#20790=EDGE_CURVE('',#20585,#20781,#20795,.T.);
#20795=LINE('',#20586,#20797);
#20797=VECTOR('',#20798,6.4473695284);
#20798=DIRECTION('',(0.0,0.0,-1.0));
#20789=ORIENTED_EDGE('',*,*,#20790,.F.);
#20799=ORIENTED_EDGE('',*,*,#20584,.T.);
#20810=EDGE_CURVE('',#20783,#20587,#20815,.T.);
#20815=LINE('',#20784,#20817);
#20817=VECTOR('',#20818,6.4473695284);
#20818=DIRECTION('',(0.0,0.0,1.0));
#20809=ORIENTED_EDGE('',*,*,#20810,.F.);
#20819=STYLED_ITEM('',(#34),#20820);
#20820=ADVANCED_FACE('',(#20826),#20821,.T.);
#20821=PLANE('',#20822);
#20822=AXIS2_PLACEMENT_3D('',#20823,#20824,#20825);
#20823=CARTESIAN_POINT('',(10.541,0.381,2.862));
#20824=DIRECTION('',(0.0,1.0,0.0));
#20825=DIRECTION('',(0.,0.,1.));
#20826=FACE_OUTER_BOUND('',#20827,.T.);
#20827=EDGE_LOOP('',(#20828,#20838,#20848,#20858));
#20831=CARTESIAN_POINT('',(9.779,0.381,2.862));
#20830=VERTEX_POINT('',#20831);
#20829=EDGE_CURVE('',#20830,#20781,#20834,.T.);
#20834=LINE('',#20831,#20836);
#20836=VECTOR('',#20837,0.762);
#20837=DIRECTION('',(1.0,0.0,0.0));
#20828=ORIENTED_EDGE('',*,*,#20829,.F.);
#20839=EDGE_CURVE('',#20634,#20830,#20844,.T.);
#20844=LINE('',#20635,#20846);
#20846=VECTOR('',#20847,6.4473695284);
#20847=DIRECTION('',(0.0,0.0,-1.0));
#20838=ORIENTED_EDGE('',*,*,#20839,.F.);
#20848=ORIENTED_EDGE('',*,*,#20633,.T.);
#20858=ORIENTED_EDGE('',*,*,#20790,.T.);
#20868=STYLED_ITEM('',(#34),#20869);
#20869=ADVANCED_FACE('',(#20875),#20870,.T.);
#20870=PLANE('',#20871);
#20871=AXIS2_PLACEMENT_3D('',#20872,#20873,#20874);
#20872=CARTESIAN_POINT('',(9.779,0.381,2.862));
#20873=DIRECTION('',(-1.0,0.0,0.0));
#20874=DIRECTION('',(0.,0.,1.));
#20875=FACE_OUTER_BOUND('',#20876,.T.);
#20876=EDGE_LOOP('',(#20877,#20887,#20897,#20907));
#20880=CARTESIAN_POINT('',(9.779,-0.381,2.862));
#20879=VERTEX_POINT('',#20880);
#20878=EDGE_CURVE('',#20879,#20830,#20883,.T.);
#20883=LINE('',#20880,#20885);
#20885=VECTOR('',#20886,0.762);
#20886=DIRECTION('',(0.0,1.0,0.0));
#20877=ORIENTED_EDGE('',*,*,#20878,.F.);
#20888=EDGE_CURVE('',#20683,#20879,#20893,.T.);
#20893=LINE('',#20684,#20895);
#20895=VECTOR('',#20896,6.4473695284);
#20896=DIRECTION('',(0.0,0.0,-1.0));
#20887=ORIENTED_EDGE('',*,*,#20888,.F.);
#20897=ORIENTED_EDGE('',*,*,#20682,.T.);
#20907=ORIENTED_EDGE('',*,*,#20839,.T.);
#20917=STYLED_ITEM('',(#34),#20918);
#20918=ADVANCED_FACE('',(#20924),#20919,.T.);
#20919=PLANE('',#20920);
#20920=AXIS2_PLACEMENT_3D('',#20921,#20922,#20923);
#20921=CARTESIAN_POINT('',(9.779,-0.381,2.862));
#20922=DIRECTION('',(0.0,-1.0,0.0));
#20923=DIRECTION('',(0.,0.,1.));
#20924=FACE_OUTER_BOUND('',#20925,.T.);
#20925=EDGE_LOOP('',(#20926,#20936,#20946,#20956));
#20927=EDGE_CURVE('',#20783,#20879,#20932,.T.);
#20932=LINE('',#20784,#20934);
#20934=VECTOR('',#20935,0.762);
#20935=DIRECTION('',(-1.0,0.0,0.0));
#20926=ORIENTED_EDGE('',*,*,#20927,.F.);
#20936=ORIENTED_EDGE('',*,*,#20810,.T.);
#20946=ORIENTED_EDGE('',*,*,#20731,.T.);
#20956=ORIENTED_EDGE('',*,*,#20888,.T.);
#20966=STYLED_ITEM('',(#34),#20967);
#20967=ADVANCED_FACE('',(#20973),#20968,.T.);
#20968=PLANE('',#20969);
#20969=AXIS2_PLACEMENT_3D('',#20970,#20971,#20972);
#20970=CARTESIAN_POINT('',(9.779,0.381,2.862));
#20971=DIRECTION('',(0.0,0.0,-1.0));
#20972=DIRECTION('',(0.,1.,0.));
#20973=FACE_OUTER_BOUND('',#20974,.T.);
#20974=EDGE_LOOP('',(#20975,#20985,#20995,#21005));
#20975=ORIENTED_EDGE('',*,*,#20829,.T.);
#20985=ORIENTED_EDGE('',*,*,#20780,.T.);
#20995=ORIENTED_EDGE('',*,*,#20927,.T.);
#21005=ORIENTED_EDGE('',*,*,#20878,.T.);
#21015=STYLED_ITEM('',(#34),#21016);
#21016=ADVANCED_FACE('',(#21022),#21017,.T.);
#21017=PLANE('',#21018);
#21018=AXIS2_PLACEMENT_3D('',#21019,#21020,#21021);
#21019=CARTESIAN_POINT('',(9.779,-0.381,0.0));
#21020=DIRECTION('',(0.0,0.0,1.0));
#21021=DIRECTION('',(0.,1.,0.));
#21022=FACE_OUTER_BOUND('',#21023,.T.);
#21023=EDGE_LOOP('',(#21024,#21034,#21044,#21054));
#21027=CARTESIAN_POINT('',(10.541,-0.381,0.0));
#21026=VERTEX_POINT('',#21027);
#21029=CARTESIAN_POINT('',(9.779,-0.381,0.0));
#21028=VERTEX_POINT('',#21029);
#21025=EDGE_CURVE('',#21026,#21028,#21030,.T.);
#21030=LINE('',#21027,#21032);
#21032=VECTOR('',#21033,0.762);
#21033=DIRECTION('',(-1.0,0.0,0.0));
#21024=ORIENTED_EDGE('',*,*,#21025,.F.);
#21037=CARTESIAN_POINT('',(10.541,0.381,0.0));
#21036=VERTEX_POINT('',#21037);
#21035=EDGE_CURVE('',#21036,#21026,#21040,.T.);
#21040=LINE('',#21037,#21042);
#21042=VECTOR('',#21043,0.762);
#21043=DIRECTION('',(0.0,-1.0,0.0));
#21034=ORIENTED_EDGE('',*,*,#21035,.F.);
#21047=CARTESIAN_POINT('',(9.779,0.381,0.0));
#21046=VERTEX_POINT('',#21047);
#21045=EDGE_CURVE('',#21046,#21036,#21050,.T.);
#21050=LINE('',#21047,#21052);
#21052=VECTOR('',#21053,0.762);
#21053=DIRECTION('',(1.0,0.0,0.0));
#21044=ORIENTED_EDGE('',*,*,#21045,.F.);
#21055=EDGE_CURVE('',#21028,#21046,#21060,.T.);
#21060=LINE('',#21029,#21062);
#21062=VECTOR('',#21063,0.762);
#21063=DIRECTION('',(0.0,1.0,0.0));
#21054=ORIENTED_EDGE('',*,*,#21055,.F.);
#21064=STYLED_ITEM('',(#34),#21065);
#21065=ADVANCED_FACE('',(#21071),#21066,.T.);
#21066=PLANE('',#21067);
#21067=AXIS2_PLACEMENT_3D('',#21068,#21069,#21070);
#21068=CARTESIAN_POINT('',(10.541,-0.381,-4.89));
#21069=DIRECTION('',(1.0,0.0,0.0));
#21070=DIRECTION('',(0.,0.,1.));
#21071=FACE_OUTER_BOUND('',#21072,.T.);
#21072=EDGE_LOOP('',(#21073,#21083,#21093,#21103));
#21076=CARTESIAN_POINT('',(10.541,0.381,-4.89));
#21075=VERTEX_POINT('',#21076);
#21078=CARTESIAN_POINT('',(10.541,-0.381,-4.89));
#21077=VERTEX_POINT('',#21078);
#21074=EDGE_CURVE('',#21075,#21077,#21079,.T.);
#21079=LINE('',#21076,#21081);
#21081=VECTOR('',#21082,0.762);
#21082=DIRECTION('',(0.0,-1.0,0.0));
#21073=ORIENTED_EDGE('',*,*,#21074,.F.);
#21084=EDGE_CURVE('',#21036,#21075,#21089,.T.);
#21089=LINE('',#21037,#21091);
#21091=VECTOR('',#21092,4.8895);
#21092=DIRECTION('',(0.0,0.0,-1.0));
#21083=ORIENTED_EDGE('',*,*,#21084,.F.);
#21093=ORIENTED_EDGE('',*,*,#21035,.T.);
#21104=EDGE_CURVE('',#21077,#21026,#21109,.T.);
#21109=LINE('',#21078,#21111);
#21111=VECTOR('',#21112,4.8895);
#21112=DIRECTION('',(0.0,0.0,1.0));
#21103=ORIENTED_EDGE('',*,*,#21104,.F.);
#21113=STYLED_ITEM('',(#34),#21114);
#21114=ADVANCED_FACE('',(#21120),#21115,.T.);
#21115=PLANE('',#21116);
#21116=AXIS2_PLACEMENT_3D('',#21117,#21118,#21119);
#21117=CARTESIAN_POINT('',(10.541,0.381,-4.89));
#21118=DIRECTION('',(0.0,1.0,0.0));
#21119=DIRECTION('',(0.,0.,1.));
#21120=FACE_OUTER_BOUND('',#21121,.T.);
#21121=EDGE_LOOP('',(#21122,#21132,#21142,#21152));
#21125=CARTESIAN_POINT('',(9.779,0.381,-4.89));
#21124=VERTEX_POINT('',#21125);
#21123=EDGE_CURVE('',#21124,#21075,#21128,.T.);
#21128=LINE('',#21125,#21130);
#21130=VECTOR('',#21131,0.762);
#21131=DIRECTION('',(1.0,0.0,0.0));
#21122=ORIENTED_EDGE('',*,*,#21123,.F.);
#21133=EDGE_CURVE('',#21046,#21124,#21138,.T.);
#21138=LINE('',#21047,#21140);
#21140=VECTOR('',#21141,4.8895);
#21141=DIRECTION('',(0.0,0.0,-1.0));
#21132=ORIENTED_EDGE('',*,*,#21133,.F.);
#21142=ORIENTED_EDGE('',*,*,#21045,.T.);
#21152=ORIENTED_EDGE('',*,*,#21084,.T.);
#21162=STYLED_ITEM('',(#34),#21163);
#21163=ADVANCED_FACE('',(#21169),#21164,.T.);
#21164=PLANE('',#21165);
#21165=AXIS2_PLACEMENT_3D('',#21166,#21167,#21168);
#21166=CARTESIAN_POINT('',(9.779,0.381,-4.89));
#21167=DIRECTION('',(-1.0,0.0,0.0));
#21168=DIRECTION('',(0.,0.,1.));
#21169=FACE_OUTER_BOUND('',#21170,.T.);
#21170=EDGE_LOOP('',(#21171,#21181,#21191,#21201));
#21174=CARTESIAN_POINT('',(9.779,-0.381,-4.89));
#21173=VERTEX_POINT('',#21174);
#21172=EDGE_CURVE('',#21173,#21124,#21177,.T.);
#21177=LINE('',#21174,#21179);
#21179=VECTOR('',#21180,0.762);
#21180=DIRECTION('',(0.0,1.0,0.0));
#21171=ORIENTED_EDGE('',*,*,#21172,.F.);
#21182=EDGE_CURVE('',#21028,#21173,#21187,.T.);
#21187=LINE('',#21029,#21189);
#21189=VECTOR('',#21190,4.8895);
#21190=DIRECTION('',(0.0,0.0,-1.0));
#21181=ORIENTED_EDGE('',*,*,#21182,.F.);
#21191=ORIENTED_EDGE('',*,*,#21055,.T.);
#21201=ORIENTED_EDGE('',*,*,#21133,.T.);
#21211=STYLED_ITEM('',(#34),#21212);
#21212=ADVANCED_FACE('',(#21218),#21213,.T.);
#21213=PLANE('',#21214);
#21214=AXIS2_PLACEMENT_3D('',#21215,#21216,#21217);
#21215=CARTESIAN_POINT('',(9.779,-0.381,-4.89));
#21216=DIRECTION('',(0.0,-1.0,0.0));
#21217=DIRECTION('',(0.,0.,1.));
#21218=FACE_OUTER_BOUND('',#21219,.T.);
#21219=EDGE_LOOP('',(#21220,#21230,#21240,#21250));
#21221=EDGE_CURVE('',#21077,#21173,#21226,.T.);
#21226=LINE('',#21078,#21228);
#21228=VECTOR('',#21229,0.762);
#21229=DIRECTION('',(-1.0,0.0,0.0));
#21220=ORIENTED_EDGE('',*,*,#21221,.F.);
#21230=ORIENTED_EDGE('',*,*,#21104,.T.);
#21240=ORIENTED_EDGE('',*,*,#21025,.T.);
#21250=ORIENTED_EDGE('',*,*,#21182,.T.);
#21260=STYLED_ITEM('',(#34),#21261);
#21261=ADVANCED_FACE('',(#21267),#21262,.T.);
#21262=PLANE('',#21263);
#21263=AXIS2_PLACEMENT_3D('',#21264,#21265,#21266);
#21264=CARTESIAN_POINT('',(10.35,-0.19,-5.08));
#21265=DIRECTION('',(0.707,0.0,-0.707));
#21266=DIRECTION('',(0.,0.,1.));
#21267=FACE_OUTER_BOUND('',#21268,.T.);
#21268=EDGE_LOOP('',(#21269,#21279,#21289,#21299));
#21272=CARTESIAN_POINT('',(10.35,0.19,-5.08));
#21271=VERTEX_POINT('',#21272);
#21274=CARTESIAN_POINT('',(10.35,-0.19,-5.08));
#21273=VERTEX_POINT('',#21274);
#21270=EDGE_CURVE('',#21271,#21273,#21275,.T.);
#21275=LINE('',#21272,#21277);
#21277=VECTOR('',#21278,0.381);
#21278=DIRECTION('',(0.0,-1.0,0.0));
#21269=ORIENTED_EDGE('',*,*,#21270,.F.);
#21280=EDGE_CURVE('',#21075,#21271,#21285,.T.);
#21285=LINE('',#21076,#21287);
#21287=VECTOR('',#21288,0.329955678841871);
#21288=DIRECTION('',(-0.577,-0.577,-0.577));
#21279=ORIENTED_EDGE('',*,*,#21280,.F.);
#21289=ORIENTED_EDGE('',*,*,#21074,.T.);
#21300=EDGE_CURVE('',#21273,#21077,#21305,.T.);
#21305=LINE('',#21274,#21307);
#21307=VECTOR('',#21308,0.329955678841871);
#21308=DIRECTION('',(0.577,-0.577,0.577));
#21299=ORIENTED_EDGE('',*,*,#21300,.F.);
#21309=STYLED_ITEM('',(#34),#21310);
#21310=ADVANCED_FACE('',(#21316),#21311,.T.);
#21311=PLANE('',#21312);
#21312=AXIS2_PLACEMENT_3D('',#21313,#21314,#21315);
#21313=CARTESIAN_POINT('',(10.35,0.19,-5.08));
#21314=DIRECTION('',(0.0,0.707,-0.707));
#21315=DIRECTION('',(0.,0.,1.));
#21316=FACE_OUTER_BOUND('',#21317,.T.);
#21317=EDGE_LOOP('',(#21318,#21328,#21338,#21348));
#21321=CARTESIAN_POINT('',(9.97,0.19,-5.08));
#21320=VERTEX_POINT('',#21321);
#21319=EDGE_CURVE('',#21320,#21271,#21324,.T.);
#21324=LINE('',#21321,#21326);
#21326=VECTOR('',#21327,0.381);
#21327=DIRECTION('',(1.0,0.0,0.0));
#21318=ORIENTED_EDGE('',*,*,#21319,.F.);
#21329=EDGE_CURVE('',#21124,#21320,#21334,.T.);
#21334=LINE('',#21125,#21336);
#21336=VECTOR('',#21337,0.329955678841871);
#21337=DIRECTION('',(0.577,-0.577,-0.577));
#21328=ORIENTED_EDGE('',*,*,#21329,.F.);
#21338=ORIENTED_EDGE('',*,*,#21123,.T.);
#21348=ORIENTED_EDGE('',*,*,#21280,.T.);
#21358=STYLED_ITEM('',(#34),#21359);
#21359=ADVANCED_FACE('',(#21365),#21360,.T.);
#21360=PLANE('',#21361);
#21361=AXIS2_PLACEMENT_3D('',#21362,#21363,#21364);
#21362=CARTESIAN_POINT('',(9.97,0.19,-5.08));
#21363=DIRECTION('',(-0.707,0.0,-0.707));
#21364=DIRECTION('',(0.,0.,1.));
#21365=FACE_OUTER_BOUND('',#21366,.T.);
#21366=EDGE_LOOP('',(#21367,#21377,#21387,#21397));
#21370=CARTESIAN_POINT('',(9.97,-0.19,-5.08));
#21369=VERTEX_POINT('',#21370);
#21368=EDGE_CURVE('',#21369,#21320,#21373,.T.);
#21373=LINE('',#21370,#21375);
#21375=VECTOR('',#21376,0.381);
#21376=DIRECTION('',(0.0,1.0,0.0));
#21367=ORIENTED_EDGE('',*,*,#21368,.F.);
#21378=EDGE_CURVE('',#21173,#21369,#21383,.T.);
#21383=LINE('',#21174,#21385);
#21385=VECTOR('',#21386,0.329955678841871);
#21386=DIRECTION('',(0.577,0.577,-0.577));
#21377=ORIENTED_EDGE('',*,*,#21378,.F.);
#21387=ORIENTED_EDGE('',*,*,#21172,.T.);
#21397=ORIENTED_EDGE('',*,*,#21329,.T.);
#21407=STYLED_ITEM('',(#34),#21408);
#21408=ADVANCED_FACE('',(#21414),#21409,.T.);
#21409=PLANE('',#21410);
#21410=AXIS2_PLACEMENT_3D('',#21411,#21412,#21413);
#21411=CARTESIAN_POINT('',(9.97,-0.19,-5.08));
#21412=DIRECTION('',(0.0,-0.707,-0.707));
#21413=DIRECTION('',(0.,0.,1.));
#21414=FACE_OUTER_BOUND('',#21415,.T.);
#21415=EDGE_LOOP('',(#21416,#21426,#21436,#21446));
#21417=EDGE_CURVE('',#21273,#21369,#21422,.T.);
#21422=LINE('',#21274,#21424);
#21424=VECTOR('',#21425,0.381);
#21425=DIRECTION('',(-1.0,0.0,0.0));
#21416=ORIENTED_EDGE('',*,*,#21417,.F.);
#21426=ORIENTED_EDGE('',*,*,#21300,.T.);
#21436=ORIENTED_EDGE('',*,*,#21221,.T.);
#21446=ORIENTED_EDGE('',*,*,#21378,.T.);
#21456=STYLED_ITEM('',(#34),#21457);
#21457=ADVANCED_FACE('',(#21463),#21458,.T.);
#21458=PLANE('',#21459);
#21459=AXIS2_PLACEMENT_3D('',#21460,#21461,#21462);
#21460=CARTESIAN_POINT('',(9.97,0.19,-5.08));
#21461=DIRECTION('',(0.0,0.0,-1.0));
#21462=DIRECTION('',(0.,1.,0.));
#21463=FACE_OUTER_BOUND('',#21464,.T.);
#21464=EDGE_LOOP('',(#21465,#21475,#21485,#21495));
#21465=ORIENTED_EDGE('',*,*,#21319,.T.);
#21475=ORIENTED_EDGE('',*,*,#21270,.T.);
#21485=ORIENTED_EDGE('',*,*,#21417,.T.);
#21495=ORIENTED_EDGE('',*,*,#21368,.T.);
#21505=MANIFOLD_SOLID_BREP($,#21506);
#21506=CLOSED_SHELL('',(#21510,#21559,#21608,#21657,#21706,#21755,#21804,#21853,#21902,#21951));
#21507=MANIFOLD_SOLID_BREP($,#21508);
#21508=CLOSED_SHELL('',(#22000,#22049,#22098,#22147,#22196,#22245,#22294,#22343,#22392,#22441));
#21509=STYLED_ITEM('',(#34),#21510);
#21510=ADVANCED_FACE('',(#21516),#21511,.T.);
#21511=PLANE('',#21512);
#21512=AXIS2_PLACEMENT_3D('',#21513,#21514,#21515);
#21513=CARTESIAN_POINT('',(7.43,-0.19,9.5));
#21514=DIRECTION('',(0.0,0.0,1.0));
#21515=DIRECTION('',(0.,1.,0.));
#21516=FACE_OUTER_BOUND('',#21517,.T.);
#21517=EDGE_LOOP('',(#21518,#21528,#21538,#21548));
#21521=CARTESIAN_POINT('',(7.81,-0.19,9.5));
#21520=VERTEX_POINT('',#21521);
#21523=CARTESIAN_POINT('',(7.43,-0.19,9.5));
#21522=VERTEX_POINT('',#21523);
#21519=EDGE_CURVE('',#21520,#21522,#21524,.T.);
#21524=LINE('',#21521,#21526);
#21526=VECTOR('',#21527,0.381);
#21527=DIRECTION('',(-1.0,0.0,0.0));
#21518=ORIENTED_EDGE('',*,*,#21519,.F.);
#21531=CARTESIAN_POINT('',(7.81,0.19,9.5));
#21530=VERTEX_POINT('',#21531);
#21529=EDGE_CURVE('',#21530,#21520,#21534,.T.);
#21534=LINE('',#21531,#21536);
#21536=VECTOR('',#21537,0.381);
#21537=DIRECTION('',(0.0,-1.0,0.0));
#21528=ORIENTED_EDGE('',*,*,#21529,.F.);
#21541=CARTESIAN_POINT('',(7.43,0.19,9.5));
#21540=VERTEX_POINT('',#21541);
#21539=EDGE_CURVE('',#21540,#21530,#21544,.T.);
#21544=LINE('',#21541,#21546);
#21546=VECTOR('',#21547,0.381);
#21547=DIRECTION('',(1.0,0.0,0.0));
#21538=ORIENTED_EDGE('',*,*,#21539,.F.);
#21549=EDGE_CURVE('',#21522,#21540,#21554,.T.);
#21554=LINE('',#21523,#21556);
#21556=VECTOR('',#21557,0.381);
#21557=DIRECTION('',(0.0,1.0,0.0));
#21548=ORIENTED_EDGE('',*,*,#21549,.F.);
#21558=STYLED_ITEM('',(#34),#21559);
#21559=ADVANCED_FACE('',(#21565),#21560,.T.);
#21560=PLANE('',#21561);
#21561=AXIS2_PLACEMENT_3D('',#21562,#21563,#21564);
#21562=CARTESIAN_POINT('',(8.001,-0.381,9.309));
#21563=DIRECTION('',(0.707,0.0,0.707));
#21564=DIRECTION('',(0.,0.,1.));
#21565=FACE_OUTER_BOUND('',#21566,.T.);
#21566=EDGE_LOOP('',(#21567,#21577,#21587,#21597));
#21570=CARTESIAN_POINT('',(8.001,0.381,9.309));
#21569=VERTEX_POINT('',#21570);
#21572=CARTESIAN_POINT('',(8.001,-0.381,9.309));
#21571=VERTEX_POINT('',#21572);
#21568=EDGE_CURVE('',#21569,#21571,#21573,.T.);
#21573=LINE('',#21570,#21575);
#21575=VECTOR('',#21576,0.762);
#21576=DIRECTION('',(0.0,-1.0,0.0));
#21567=ORIENTED_EDGE('',*,*,#21568,.F.);
#21578=EDGE_CURVE('',#21530,#21569,#21583,.T.);
#21583=LINE('',#21531,#21585);
#21585=VECTOR('',#21586,0.329955678841871);
#21586=DIRECTION('',(0.577,0.577,-0.577));
#21577=ORIENTED_EDGE('',*,*,#21578,.F.);
#21587=ORIENTED_EDGE('',*,*,#21529,.T.);
#21598=EDGE_CURVE('',#21571,#21520,#21603,.T.);
#21603=LINE('',#21572,#21605);
#21605=VECTOR('',#21606,0.329955678841871);
#21606=DIRECTION('',(-0.577,0.577,0.577));
#21597=ORIENTED_EDGE('',*,*,#21598,.F.);
#21607=STYLED_ITEM('',(#34),#21608);
#21608=ADVANCED_FACE('',(#21614),#21609,.T.);
#21609=PLANE('',#21610);
#21610=AXIS2_PLACEMENT_3D('',#21611,#21612,#21613);
#21611=CARTESIAN_POINT('',(8.001,0.381,9.309));
#21612=DIRECTION('',(0.0,0.707,0.707));
#21613=DIRECTION('',(0.,0.,1.));
#21614=FACE_OUTER_BOUND('',#21615,.T.);
#21615=EDGE_LOOP('',(#21616,#21626,#21636,#21646));
#21619=CARTESIAN_POINT('',(7.239,0.381,9.309));
#21618=VERTEX_POINT('',#21619);
#21617=EDGE_CURVE('',#21618,#21569,#21622,.T.);
#21622=LINE('',#21619,#21624);
#21624=VECTOR('',#21625,0.762);
#21625=DIRECTION('',(1.0,0.0,0.0));
#21616=ORIENTED_EDGE('',*,*,#21617,.F.);
#21627=EDGE_CURVE('',#21540,#21618,#21632,.T.);
#21632=LINE('',#21541,#21634);
#21634=VECTOR('',#21635,0.329955678841871);
#21635=DIRECTION('',(-0.577,0.577,-0.577));
#21626=ORIENTED_EDGE('',*,*,#21627,.F.);
#21636=ORIENTED_EDGE('',*,*,#21539,.T.);
#21646=ORIENTED_EDGE('',*,*,#21578,.T.);
#21656=STYLED_ITEM('',(#34),#21657);
#21657=ADVANCED_FACE('',(#21663),#21658,.T.);
#21658=PLANE('',#21659);
#21659=AXIS2_PLACEMENT_3D('',#21660,#21661,#21662);
#21660=CARTESIAN_POINT('',(7.239,0.381,9.309));
#21661=DIRECTION('',(-0.707,0.0,0.707));
#21662=DIRECTION('',(0.,0.,1.));
#21663=FACE_OUTER_BOUND('',#21664,.T.);
#21664=EDGE_LOOP('',(#21665,#21675,#21685,#21695));
#21668=CARTESIAN_POINT('',(7.239,-0.381,9.309));
#21667=VERTEX_POINT('',#21668);
#21666=EDGE_CURVE('',#21667,#21618,#21671,.T.);
#21671=LINE('',#21668,#21673);
#21673=VECTOR('',#21674,0.762);
#21674=DIRECTION('',(0.0,1.0,0.0));
#21665=ORIENTED_EDGE('',*,*,#21666,.F.);
#21676=EDGE_CURVE('',#21522,#21667,#21681,.T.);
#21681=LINE('',#21523,#21683);
#21683=VECTOR('',#21684,0.329955678841871);
#21684=DIRECTION('',(-0.577,-0.577,-0.577));
#21675=ORIENTED_EDGE('',*,*,#21676,.F.);
#21685=ORIENTED_EDGE('',*,*,#21549,.T.);
#21695=ORIENTED_EDGE('',*,*,#21627,.T.);
#21705=STYLED_ITEM('',(#34),#21706);
#21706=ADVANCED_FACE('',(#21712),#21707,.T.);
#21707=PLANE('',#21708);
#21708=AXIS2_PLACEMENT_3D('',#21709,#21710,#21711);
#21709=CARTESIAN_POINT('',(7.239,-0.381,9.309));
#21710=DIRECTION('',(0.0,-0.707,0.707));
#21711=DIRECTION('',(0.,0.,1.));
#21712=FACE_OUTER_BOUND('',#21713,.T.);
#21713=EDGE_LOOP('',(#21714,#21724,#21734,#21744));
#21715=EDGE_CURVE('',#21571,#21667,#21720,.T.);
#21720=LINE('',#21572,#21722);
#21722=VECTOR('',#21723,0.762);
#21723=DIRECTION('',(-1.0,0.0,0.0));
#21714=ORIENTED_EDGE('',*,*,#21715,.F.);
#21724=ORIENTED_EDGE('',*,*,#21598,.T.);
#21734=ORIENTED_EDGE('',*,*,#21519,.T.);
#21744=ORIENTED_EDGE('',*,*,#21676,.T.);
#21754=STYLED_ITEM('',(#34),#21755);
#21755=ADVANCED_FACE('',(#21761),#21756,.T.);
#21756=PLANE('',#21757);
#21757=AXIS2_PLACEMENT_3D('',#21758,#21759,#21760);
#21758=CARTESIAN_POINT('',(8.001,-0.381,2.862));
#21759=DIRECTION('',(1.0,0.0,0.0));
#21760=DIRECTION('',(0.,0.,1.));
#21761=FACE_OUTER_BOUND('',#21762,.T.);
#21762=EDGE_LOOP('',(#21763,#21773,#21783,#21793));
#21766=CARTESIAN_POINT('',(8.001,0.381,2.862));
#21765=VERTEX_POINT('',#21766);
#21768=CARTESIAN_POINT('',(8.001,-0.381,2.862));
#21767=VERTEX_POINT('',#21768);
#21764=EDGE_CURVE('',#21765,#21767,#21769,.T.);
#21769=LINE('',#21766,#21771);
#21771=VECTOR('',#21772,0.762);
#21772=DIRECTION('',(0.0,-1.0,0.0));
#21763=ORIENTED_EDGE('',*,*,#21764,.F.);
#21774=EDGE_CURVE('',#21569,#21765,#21779,.T.);
#21779=LINE('',#21570,#21781);
#21781=VECTOR('',#21782,6.4473695284);
#21782=DIRECTION('',(0.0,0.0,-1.0));
#21773=ORIENTED_EDGE('',*,*,#21774,.F.);
#21783=ORIENTED_EDGE('',*,*,#21568,.T.);
#21794=EDGE_CURVE('',#21767,#21571,#21799,.T.);
#21799=LINE('',#21768,#21801);
#21801=VECTOR('',#21802,6.4473695284);
#21802=DIRECTION('',(0.0,0.0,1.0));
#21793=ORIENTED_EDGE('',*,*,#21794,.F.);
#21803=STYLED_ITEM('',(#34),#21804);
#21804=ADVANCED_FACE('',(#21810),#21805,.T.);
#21805=PLANE('',#21806);
#21806=AXIS2_PLACEMENT_3D('',#21807,#21808,#21809);
#21807=CARTESIAN_POINT('',(8.001,0.381,2.862));
#21808=DIRECTION('',(0.0,1.0,0.0));
#21809=DIRECTION('',(0.,0.,1.));
#21810=FACE_OUTER_BOUND('',#21811,.T.);
#21811=EDGE_LOOP('',(#21812,#21822,#21832,#21842));
#21815=CARTESIAN_POINT('',(7.239,0.381,2.862));
#21814=VERTEX_POINT('',#21815);
#21813=EDGE_CURVE('',#21814,#21765,#21818,.T.);
#21818=LINE('',#21815,#21820);
#21820=VECTOR('',#21821,0.762);
#21821=DIRECTION('',(1.0,0.0,0.0));
#21812=ORIENTED_EDGE('',*,*,#21813,.F.);
#21823=EDGE_CURVE('',#21618,#21814,#21828,.T.);
#21828=LINE('',#21619,#21830);
#21830=VECTOR('',#21831,6.4473695284);
#21831=DIRECTION('',(0.0,0.0,-1.0));
#21822=ORIENTED_EDGE('',*,*,#21823,.F.);
#21832=ORIENTED_EDGE('',*,*,#21617,.T.);
#21842=ORIENTED_EDGE('',*,*,#21774,.T.);
#21852=STYLED_ITEM('',(#34),#21853);
#21853=ADVANCED_FACE('',(#21859),#21854,.T.);
#21854=PLANE('',#21855);
#21855=AXIS2_PLACEMENT_3D('',#21856,#21857,#21858);
#21856=CARTESIAN_POINT('',(7.239,0.381,2.862));
#21857=DIRECTION('',(-1.0,0.0,0.0));
#21858=DIRECTION('',(0.,0.,1.));
#21859=FACE_OUTER_BOUND('',#21860,.T.);
#21860=EDGE_LOOP('',(#21861,#21871,#21881,#21891));
#21864=CARTESIAN_POINT('',(7.239,-0.381,2.862));
#21863=VERTEX_POINT('',#21864);
#21862=EDGE_CURVE('',#21863,#21814,#21867,.T.);
#21867=LINE('',#21864,#21869);
#21869=VECTOR('',#21870,0.762);
#21870=DIRECTION('',(0.0,1.0,0.0));
#21861=ORIENTED_EDGE('',*,*,#21862,.F.);
#21872=EDGE_CURVE('',#21667,#21863,#21877,.T.);
#21877=LINE('',#21668,#21879);
#21879=VECTOR('',#21880,6.4473695284);
#21880=DIRECTION('',(0.0,0.0,-1.0));
#21871=ORIENTED_EDGE('',*,*,#21872,.F.);
#21881=ORIENTED_EDGE('',*,*,#21666,.T.);
#21891=ORIENTED_EDGE('',*,*,#21823,.T.);
#21901=STYLED_ITEM('',(#34),#21902);
#21902=ADVANCED_FACE('',(#21908),#21903,.T.);
#21903=PLANE('',#21904);
#21904=AXIS2_PLACEMENT_3D('',#21905,#21906,#21907);
#21905=CARTESIAN_POINT('',(7.239,-0.381,2.862));
#21906=DIRECTION('',(0.0,-1.0,0.0));
#21907=DIRECTION('',(0.,0.,1.));
#21908=FACE_OUTER_BOUND('',#21909,.T.);
#21909=EDGE_LOOP('',(#21910,#21920,#21930,#21940));
#21911=EDGE_CURVE('',#21767,#21863,#21916,.T.);
#21916=LINE('',#21768,#21918);
#21918=VECTOR('',#21919,0.762);
#21919=DIRECTION('',(-1.0,0.0,0.0));
#21910=ORIENTED_EDGE('',*,*,#21911,.F.);
#21920=ORIENTED_EDGE('',*,*,#21794,.T.);
#21930=ORIENTED_EDGE('',*,*,#21715,.T.);
#21940=ORIENTED_EDGE('',*,*,#21872,.T.);
#21950=STYLED_ITEM('',(#34),#21951);
#21951=ADVANCED_FACE('',(#21957),#21952,.T.);
#21952=PLANE('',#21953);
#21953=AXIS2_PLACEMENT_3D('',#21954,#21955,#21956);
#21954=CARTESIAN_POINT('',(7.239,0.381,2.862));
#21955=DIRECTION('',(0.0,0.0,-1.0));
#21956=DIRECTION('',(0.,1.,0.));
#21957=FACE_OUTER_BOUND('',#21958,.T.);
#21958=EDGE_LOOP('',(#21959,#21969,#21979,#21989));
#21959=ORIENTED_EDGE('',*,*,#21813,.T.);
#21969=ORIENTED_EDGE('',*,*,#21764,.T.);
#21979=ORIENTED_EDGE('',*,*,#21911,.T.);
#21989=ORIENTED_EDGE('',*,*,#21862,.T.);
#21999=STYLED_ITEM('',(#34),#22000);
#22000=ADVANCED_FACE('',(#22006),#22001,.T.);
#22001=PLANE('',#22002);
#22002=AXIS2_PLACEMENT_3D('',#22003,#22004,#22005);
#22003=CARTESIAN_POINT('',(7.239,-0.381,0.0));
#22004=DIRECTION('',(0.0,0.0,1.0));
#22005=DIRECTION('',(0.,1.,0.));
#22006=FACE_OUTER_BOUND('',#22007,.T.);
#22007=EDGE_LOOP('',(#22008,#22018,#22028,#22038));
#22011=CARTESIAN_POINT('',(8.001,-0.381,0.0));
#22010=VERTEX_POINT('',#22011);
#22013=CARTESIAN_POINT('',(7.239,-0.381,0.0));
#22012=VERTEX_POINT('',#22013);
#22009=EDGE_CURVE('',#22010,#22012,#22014,.T.);
#22014=LINE('',#22011,#22016);
#22016=VECTOR('',#22017,0.762);
#22017=DIRECTION('',(-1.0,0.0,0.0));
#22008=ORIENTED_EDGE('',*,*,#22009,.F.);
#22021=CARTESIAN_POINT('',(8.001,0.381,0.0));
#22020=VERTEX_POINT('',#22021);
#22019=EDGE_CURVE('',#22020,#22010,#22024,.T.);
#22024=LINE('',#22021,#22026);
#22026=VECTOR('',#22027,0.762);
#22027=DIRECTION('',(0.0,-1.0,0.0));
#22018=ORIENTED_EDGE('',*,*,#22019,.F.);
#22031=CARTESIAN_POINT('',(7.239,0.381,0.0));
#22030=VERTEX_POINT('',#22031);
#22029=EDGE_CURVE('',#22030,#22020,#22034,.T.);
#22034=LINE('',#22031,#22036);
#22036=VECTOR('',#22037,0.762);
#22037=DIRECTION('',(1.0,0.0,0.0));
#22028=ORIENTED_EDGE('',*,*,#22029,.F.);
#22039=EDGE_CURVE('',#22012,#22030,#22044,.T.);
#22044=LINE('',#22013,#22046);
#22046=VECTOR('',#22047,0.762);
#22047=DIRECTION('',(0.0,1.0,0.0));
#22038=ORIENTED_EDGE('',*,*,#22039,.F.);
#22048=STYLED_ITEM('',(#34),#22049);
#22049=ADVANCED_FACE('',(#22055),#22050,.T.);
#22050=PLANE('',#22051);
#22051=AXIS2_PLACEMENT_3D('',#22052,#22053,#22054);
#22052=CARTESIAN_POINT('',(8.001,-0.381,-4.89));
#22053=DIRECTION('',(1.0,0.0,0.0));
#22054=DIRECTION('',(0.,0.,1.));
#22055=FACE_OUTER_BOUND('',#22056,.T.);
#22056=EDGE_LOOP('',(#22057,#22067,#22077,#22087));
#22060=CARTESIAN_POINT('',(8.001,0.381,-4.89));
#22059=VERTEX_POINT('',#22060);
#22062=CARTESIAN_POINT('',(8.001,-0.381,-4.89));
#22061=VERTEX_POINT('',#22062);
#22058=EDGE_CURVE('',#22059,#22061,#22063,.T.);
#22063=LINE('',#22060,#22065);
#22065=VECTOR('',#22066,0.762);
#22066=DIRECTION('',(0.0,-1.0,0.0));
#22057=ORIENTED_EDGE('',*,*,#22058,.F.);
#22068=EDGE_CURVE('',#22020,#22059,#22073,.T.);
#22073=LINE('',#22021,#22075);
#22075=VECTOR('',#22076,4.8895);
#22076=DIRECTION('',(0.0,0.0,-1.0));
#22067=ORIENTED_EDGE('',*,*,#22068,.F.);
#22077=ORIENTED_EDGE('',*,*,#22019,.T.);
#22088=EDGE_CURVE('',#22061,#22010,#22093,.T.);
#22093=LINE('',#22062,#22095);
#22095=VECTOR('',#22096,4.8895);
#22096=DIRECTION('',(0.0,0.0,1.0));
#22087=ORIENTED_EDGE('',*,*,#22088,.F.);
#22097=STYLED_ITEM('',(#34),#22098);
#22098=ADVANCED_FACE('',(#22104),#22099,.T.);
#22099=PLANE('',#22100);
#22100=AXIS2_PLACEMENT_3D('',#22101,#22102,#22103);
#22101=CARTESIAN_POINT('',(8.001,0.381,-4.89));
#22102=DIRECTION('',(0.0,1.0,0.0));
#22103=DIRECTION('',(0.,0.,1.));
#22104=FACE_OUTER_BOUND('',#22105,.T.);
#22105=EDGE_LOOP('',(#22106,#22116,#22126,#22136));
#22109=CARTESIAN_POINT('',(7.239,0.381,-4.89));
#22108=VERTEX_POINT('',#22109);
#22107=EDGE_CURVE('',#22108,#22059,#22112,.T.);
#22112=LINE('',#22109,#22114);
#22114=VECTOR('',#22115,0.762);
#22115=DIRECTION('',(1.0,0.0,0.0));
#22106=ORIENTED_EDGE('',*,*,#22107,.F.);
#22117=EDGE_CURVE('',#22030,#22108,#22122,.T.);
#22122=LINE('',#22031,#22124);
#22124=VECTOR('',#22125,4.8895);
#22125=DIRECTION('',(0.0,0.0,-1.0));
#22116=ORIENTED_EDGE('',*,*,#22117,.F.);
#22126=ORIENTED_EDGE('',*,*,#22029,.T.);
#22136=ORIENTED_EDGE('',*,*,#22068,.T.);
#22146=STYLED_ITEM('',(#34),#22147);
#22147=ADVANCED_FACE('',(#22153),#22148,.T.);
#22148=PLANE('',#22149);
#22149=AXIS2_PLACEMENT_3D('',#22150,#22151,#22152);
#22150=CARTESIAN_POINT('',(7.239,0.381,-4.89));
#22151=DIRECTION('',(-1.0,0.0,0.0));
#22152=DIRECTION('',(0.,0.,1.));
#22153=FACE_OUTER_BOUND('',#22154,.T.);
#22154=EDGE_LOOP('',(#22155,#22165,#22175,#22185));
#22158=CARTESIAN_POINT('',(7.239,-0.381,-4.89));
#22157=VERTEX_POINT('',#22158);
#22156=EDGE_CURVE('',#22157,#22108,#22161,.T.);
#22161=LINE('',#22158,#22163);
#22163=VECTOR('',#22164,0.762);
#22164=DIRECTION('',(0.0,1.0,0.0));
#22155=ORIENTED_EDGE('',*,*,#22156,.F.);
#22166=EDGE_CURVE('',#22012,#22157,#22171,.T.);
#22171=LINE('',#22013,#22173);
#22173=VECTOR('',#22174,4.8895);
#22174=DIRECTION('',(0.0,0.0,-1.0));
#22165=ORIENTED_EDGE('',*,*,#22166,.F.);
#22175=ORIENTED_EDGE('',*,*,#22039,.T.);
#22185=ORIENTED_EDGE('',*,*,#22117,.T.);
#22195=STYLED_ITEM('',(#34),#22196);
#22196=ADVANCED_FACE('',(#22202),#22197,.T.);
#22197=PLANE('',#22198);
#22198=AXIS2_PLACEMENT_3D('',#22199,#22200,#22201);
#22199=CARTESIAN_POINT('',(7.239,-0.381,-4.89));
#22200=DIRECTION('',(0.0,-1.0,0.0));
#22201=DIRECTION('',(0.,0.,1.));
#22202=FACE_OUTER_BOUND('',#22203,.T.);
#22203=EDGE_LOOP('',(#22204,#22214,#22224,#22234));
#22205=EDGE_CURVE('',#22061,#22157,#22210,.T.);
#22210=LINE('',#22062,#22212);
#22212=VECTOR('',#22213,0.762);
#22213=DIRECTION('',(-1.0,0.0,0.0));
#22204=ORIENTED_EDGE('',*,*,#22205,.F.);
#22214=ORIENTED_EDGE('',*,*,#22088,.T.);
#22224=ORIENTED_EDGE('',*,*,#22009,.T.);
#22234=ORIENTED_EDGE('',*,*,#22166,.T.);
#22244=STYLED_ITEM('',(#34),#22245);
#22245=ADVANCED_FACE('',(#22251),#22246,.T.);
#22246=PLANE('',#22247);
#22247=AXIS2_PLACEMENT_3D('',#22248,#22249,#22250);
#22248=CARTESIAN_POINT('',(7.81,-0.19,-5.08));
#22249=DIRECTION('',(0.707,0.0,-0.707));
#22250=DIRECTION('',(0.,0.,1.));
#22251=FACE_OUTER_BOUND('',#22252,.T.);
#22252=EDGE_LOOP('',(#22253,#22263,#22273,#22283));
#22256=CARTESIAN_POINT('',(7.81,0.19,-5.08));
#22255=VERTEX_POINT('',#22256);
#22258=CARTESIAN_POINT('',(7.81,-0.19,-5.08));
#22257=VERTEX_POINT('',#22258);
#22254=EDGE_CURVE('',#22255,#22257,#22259,.T.);
#22259=LINE('',#22256,#22261);
#22261=VECTOR('',#22262,0.381);
#22262=DIRECTION('',(0.0,-1.0,0.0));
#22253=ORIENTED_EDGE('',*,*,#22254,.F.);
#22264=EDGE_CURVE('',#22059,#22255,#22269,.T.);
#22269=LINE('',#22060,#22271);
#22271=VECTOR('',#22272,0.329955678841871);
#22272=DIRECTION('',(-0.577,-0.577,-0.577));
#22263=ORIENTED_EDGE('',*,*,#22264,.F.);
#22273=ORIENTED_EDGE('',*,*,#22058,.T.);
#22284=EDGE_CURVE('',#22257,#22061,#22289,.T.);
#22289=LINE('',#22258,#22291);
#22291=VECTOR('',#22292,0.329955678841871);
#22292=DIRECTION('',(0.577,-0.577,0.577));
#22283=ORIENTED_EDGE('',*,*,#22284,.F.);
#22293=STYLED_ITEM('',(#34),#22294);
#22294=ADVANCED_FACE('',(#22300),#22295,.T.);
#22295=PLANE('',#22296);
#22296=AXIS2_PLACEMENT_3D('',#22297,#22298,#22299);
#22297=CARTESIAN_POINT('',(7.81,0.19,-5.08));
#22298=DIRECTION('',(0.0,0.707,-0.707));
#22299=DIRECTION('',(0.,0.,1.));
#22300=FACE_OUTER_BOUND('',#22301,.T.);
#22301=EDGE_LOOP('',(#22302,#22312,#22322,#22332));
#22305=CARTESIAN_POINT('',(7.43,0.19,-5.08));
#22304=VERTEX_POINT('',#22305);
#22303=EDGE_CURVE('',#22304,#22255,#22308,.T.);
#22308=LINE('',#22305,#22310);
#22310=VECTOR('',#22311,0.381);
#22311=DIRECTION('',(1.0,0.0,0.0));
#22302=ORIENTED_EDGE('',*,*,#22303,.F.);
#22313=EDGE_CURVE('',#22108,#22304,#22318,.T.);
#22318=LINE('',#22109,#22320);
#22320=VECTOR('',#22321,0.329955678841871);
#22321=DIRECTION('',(0.577,-0.577,-0.577));
#22312=ORIENTED_EDGE('',*,*,#22313,.F.);
#22322=ORIENTED_EDGE('',*,*,#22107,.T.);
#22332=ORIENTED_EDGE('',*,*,#22264,.T.);
#22342=STYLED_ITEM('',(#34),#22343);
#22343=ADVANCED_FACE('',(#22349),#22344,.T.);
#22344=PLANE('',#22345);
#22345=AXIS2_PLACEMENT_3D('',#22346,#22347,#22348);
#22346=CARTESIAN_POINT('',(7.43,0.19,-5.08));
#22347=DIRECTION('',(-0.707,0.0,-0.707));
#22348=DIRECTION('',(0.,0.,1.));
#22349=FACE_OUTER_BOUND('',#22350,.T.);
#22350=EDGE_LOOP('',(#22351,#22361,#22371,#22381));
#22354=CARTESIAN_POINT('',(7.43,-0.19,-5.08));
#22353=VERTEX_POINT('',#22354);
#22352=EDGE_CURVE('',#22353,#22304,#22357,.T.);
#22357=LINE('',#22354,#22359);
#22359=VECTOR('',#22360,0.381);
#22360=DIRECTION('',(0.0,1.0,0.0));
#22351=ORIENTED_EDGE('',*,*,#22352,.F.);
#22362=EDGE_CURVE('',#22157,#22353,#22367,.T.);
#22367=LINE('',#22158,#22369);
#22369=VECTOR('',#22370,0.329955678841871);
#22370=DIRECTION('',(0.577,0.577,-0.577));
#22361=ORIENTED_EDGE('',*,*,#22362,.F.);
#22371=ORIENTED_EDGE('',*,*,#22156,.T.);
#22381=ORIENTED_EDGE('',*,*,#22313,.T.);
#22391=STYLED_ITEM('',(#34),#22392);
#22392=ADVANCED_FACE('',(#22398),#22393,.T.);
#22393=PLANE('',#22394);
#22394=AXIS2_PLACEMENT_3D('',#22395,#22396,#22397);
#22395=CARTESIAN_POINT('',(7.43,-0.19,-5.08));
#22396=DIRECTION('',(0.0,-0.707,-0.707));
#22397=DIRECTION('',(0.,0.,1.));
#22398=FACE_OUTER_BOUND('',#22399,.T.);
#22399=EDGE_LOOP('',(#22400,#22410,#22420,#22430));
#22401=EDGE_CURVE('',#22257,#22353,#22406,.T.);
#22406=LINE('',#22258,#22408);
#22408=VECTOR('',#22409,0.381);
#22409=DIRECTION('',(-1.0,0.0,0.0));
#22400=ORIENTED_EDGE('',*,*,#22401,.F.);
#22410=ORIENTED_EDGE('',*,*,#22284,.T.);
#22420=ORIENTED_EDGE('',*,*,#22205,.T.);
#22430=ORIENTED_EDGE('',*,*,#22362,.T.);
#22440=STYLED_ITEM('',(#34),#22441);
#22441=ADVANCED_FACE('',(#22447),#22442,.T.);
#22442=PLANE('',#22443);
#22443=AXIS2_PLACEMENT_3D('',#22444,#22445,#22446);
#22444=CARTESIAN_POINT('',(7.43,0.19,-5.08));
#22445=DIRECTION('',(0.0,0.0,-1.0));
#22446=DIRECTION('',(0.,1.,0.));
#22447=FACE_OUTER_BOUND('',#22448,.T.);
#22448=EDGE_LOOP('',(#22449,#22459,#22469,#22479));
#22449=ORIENTED_EDGE('',*,*,#22303,.T.);
#22459=ORIENTED_EDGE('',*,*,#22254,.T.);
#22469=ORIENTED_EDGE('',*,*,#22401,.T.);
#22479=ORIENTED_EDGE('',*,*,#22352,.T.);
#22489=MANIFOLD_SOLID_BREP($,#22490);
#22490=CLOSED_SHELL('',(#22494,#22543,#22592,#22641,#22690,#22739,#22788,#22837,#22886,#22935));
#22491=MANIFOLD_SOLID_BREP($,#22492);
#22492=CLOSED_SHELL('',(#22984,#23033,#23082,#23131,#23180,#23229,#23278,#23327,#23376,#23425));
#22493=STYLED_ITEM('',(#34),#22494);
#22494=ADVANCED_FACE('',(#22500),#22495,.T.);
#22495=PLANE('',#22496);
#22496=AXIS2_PLACEMENT_3D('',#22497,#22498,#22499);
#22497=CARTESIAN_POINT('',(4.89,-0.19,9.5));
#22498=DIRECTION('',(0.0,0.0,1.0));
#22499=DIRECTION('',(0.,1.,0.));
#22500=FACE_OUTER_BOUND('',#22501,.T.);
#22501=EDGE_LOOP('',(#22502,#22512,#22522,#22532));
#22505=CARTESIAN_POINT('',(5.27,-0.19,9.5));
#22504=VERTEX_POINT('',#22505);
#22507=CARTESIAN_POINT('',(4.89,-0.19,9.5));
#22506=VERTEX_POINT('',#22507);
#22503=EDGE_CURVE('',#22504,#22506,#22508,.T.);
#22508=LINE('',#22505,#22510);
#22510=VECTOR('',#22511,0.381);
#22511=DIRECTION('',(-1.0,0.0,0.0));
#22502=ORIENTED_EDGE('',*,*,#22503,.F.);
#22515=CARTESIAN_POINT('',(5.27,0.19,9.5));
#22514=VERTEX_POINT('',#22515);
#22513=EDGE_CURVE('',#22514,#22504,#22518,.T.);
#22518=LINE('',#22515,#22520);
#22520=VECTOR('',#22521,0.381);
#22521=DIRECTION('',(0.0,-1.0,0.0));
#22512=ORIENTED_EDGE('',*,*,#22513,.F.);
#22525=CARTESIAN_POINT('',(4.89,0.19,9.5));
#22524=VERTEX_POINT('',#22525);
#22523=EDGE_CURVE('',#22524,#22514,#22528,.T.);
#22528=LINE('',#22525,#22530);
#22530=VECTOR('',#22531,0.381);
#22531=DIRECTION('',(1.0,0.0,0.0));
#22522=ORIENTED_EDGE('',*,*,#22523,.F.);
#22533=EDGE_CURVE('',#22506,#22524,#22538,.T.);
#22538=LINE('',#22507,#22540);
#22540=VECTOR('',#22541,0.381);
#22541=DIRECTION('',(0.0,1.0,0.0));
#22532=ORIENTED_EDGE('',*,*,#22533,.F.);
#22542=STYLED_ITEM('',(#34),#22543);
#22543=ADVANCED_FACE('',(#22549),#22544,.T.);
#22544=PLANE('',#22545);
#22545=AXIS2_PLACEMENT_3D('',#22546,#22547,#22548);
#22546=CARTESIAN_POINT('',(5.461,-0.381,9.309));
#22547=DIRECTION('',(0.707,0.0,0.707));
#22548=DIRECTION('',(0.,0.,1.));
#22549=FACE_OUTER_BOUND('',#22550,.T.);
#22550=EDGE_LOOP('',(#22551,#22561,#22571,#22581));
#22554=CARTESIAN_POINT('',(5.461,0.381,9.309));
#22553=VERTEX_POINT('',#22554);
#22556=CARTESIAN_POINT('',(5.461,-0.381,9.309));
#22555=VERTEX_POINT('',#22556);
#22552=EDGE_CURVE('',#22553,#22555,#22557,.T.);
#22557=LINE('',#22554,#22559);
#22559=VECTOR('',#22560,0.762);
#22560=DIRECTION('',(0.0,-1.0,0.0));
#22551=ORIENTED_EDGE('',*,*,#22552,.F.);
#22562=EDGE_CURVE('',#22514,#22553,#22567,.T.);
#22567=LINE('',#22515,#22569);
#22569=VECTOR('',#22570,0.329955678841871);
#22570=DIRECTION('',(0.577,0.577,-0.577));
#22561=ORIENTED_EDGE('',*,*,#22562,.F.);
#22571=ORIENTED_EDGE('',*,*,#22513,.T.);
#22582=EDGE_CURVE('',#22555,#22504,#22587,.T.);
#22587=LINE('',#22556,#22589);
#22589=VECTOR('',#22590,0.329955678841871);
#22590=DIRECTION('',(-0.577,0.577,0.577));
#22581=ORIENTED_EDGE('',*,*,#22582,.F.);
#22591=STYLED_ITEM('',(#34),#22592);
#22592=ADVANCED_FACE('',(#22598),#22593,.T.);
#22593=PLANE('',#22594);
#22594=AXIS2_PLACEMENT_3D('',#22595,#22596,#22597);
#22595=CARTESIAN_POINT('',(5.461,0.381,9.309));
#22596=DIRECTION('',(0.0,0.707,0.707));
#22597=DIRECTION('',(0.,0.,1.));
#22598=FACE_OUTER_BOUND('',#22599,.T.);
#22599=EDGE_LOOP('',(#22600,#22610,#22620,#22630));
#22603=CARTESIAN_POINT('',(4.699,0.381,9.309));
#22602=VERTEX_POINT('',#22603);
#22601=EDGE_CURVE('',#22602,#22553,#22606,.T.);
#22606=LINE('',#22603,#22608);
#22608=VECTOR('',#22609,0.762);
#22609=DIRECTION('',(1.0,0.0,0.0));
#22600=ORIENTED_EDGE('',*,*,#22601,.F.);
#22611=EDGE_CURVE('',#22524,#22602,#22616,.T.);
#22616=LINE('',#22525,#22618);
#22618=VECTOR('',#22619,0.329955678841871);
#22619=DIRECTION('',(-0.577,0.577,-0.577));
#22610=ORIENTED_EDGE('',*,*,#22611,.F.);
#22620=ORIENTED_EDGE('',*,*,#22523,.T.);
#22630=ORIENTED_EDGE('',*,*,#22562,.T.);
#22640=STYLED_ITEM('',(#34),#22641);
#22641=ADVANCED_FACE('',(#22647),#22642,.T.);
#22642=PLANE('',#22643);
#22643=AXIS2_PLACEMENT_3D('',#22644,#22645,#22646);
#22644=CARTESIAN_POINT('',(4.699,0.381,9.309));
#22645=DIRECTION('',(-0.707,0.0,0.707));
#22646=DIRECTION('',(0.,0.,1.));
#22647=FACE_OUTER_BOUND('',#22648,.T.);
#22648=EDGE_LOOP('',(#22649,#22659,#22669,#22679));
#22652=CARTESIAN_POINT('',(4.699,-0.381,9.309));
#22651=VERTEX_POINT('',#22652);
#22650=EDGE_CURVE('',#22651,#22602,#22655,.T.);
#22655=LINE('',#22652,#22657);
#22657=VECTOR('',#22658,0.762);
#22658=DIRECTION('',(0.0,1.0,0.0));
#22649=ORIENTED_EDGE('',*,*,#22650,.F.);
#22660=EDGE_CURVE('',#22506,#22651,#22665,.T.);
#22665=LINE('',#22507,#22667);
#22667=VECTOR('',#22668,0.329955678841871);
#22668=DIRECTION('',(-0.577,-0.577,-0.577));
#22659=ORIENTED_EDGE('',*,*,#22660,.F.);
#22669=ORIENTED_EDGE('',*,*,#22533,.T.);
#22679=ORIENTED_EDGE('',*,*,#22611,.T.);
#22689=STYLED_ITEM('',(#34),#22690);
#22690=ADVANCED_FACE('',(#22696),#22691,.T.);
#22691=PLANE('',#22692);
#22692=AXIS2_PLACEMENT_3D('',#22693,#22694,#22695);
#22693=CARTESIAN_POINT('',(4.699,-0.381,9.309));
#22694=DIRECTION('',(0.0,-0.707,0.707));
#22695=DIRECTION('',(0.,0.,1.));
#22696=FACE_OUTER_BOUND('',#22697,.T.);
#22697=EDGE_LOOP('',(#22698,#22708,#22718,#22728));
#22699=EDGE_CURVE('',#22555,#22651,#22704,.T.);
#22704=LINE('',#22556,#22706);
#22706=VECTOR('',#22707,0.762);
#22707=DIRECTION('',(-1.0,0.0,0.0));
#22698=ORIENTED_EDGE('',*,*,#22699,.F.);
#22708=ORIENTED_EDGE('',*,*,#22582,.T.);
#22718=ORIENTED_EDGE('',*,*,#22503,.T.);
#22728=ORIENTED_EDGE('',*,*,#22660,.T.);
#22738=STYLED_ITEM('',(#34),#22739);
#22739=ADVANCED_FACE('',(#22745),#22740,.T.);
#22740=PLANE('',#22741);
#22741=AXIS2_PLACEMENT_3D('',#22742,#22743,#22744);
#22742=CARTESIAN_POINT('',(5.461,-0.381,2.862));
#22743=DIRECTION('',(1.0,0.0,0.0));
#22744=DIRECTION('',(0.,0.,1.));
#22745=FACE_OUTER_BOUND('',#22746,.T.);
#22746=EDGE_LOOP('',(#22747,#22757,#22767,#22777));
#22750=CARTESIAN_POINT('',(5.461,0.381,2.862));
#22749=VERTEX_POINT('',#22750);
#22752=CARTESIAN_POINT('',(5.461,-0.381,2.862));
#22751=VERTEX_POINT('',#22752);
#22748=EDGE_CURVE('',#22749,#22751,#22753,.T.);
#22753=LINE('',#22750,#22755);
#22755=VECTOR('',#22756,0.762);
#22756=DIRECTION('',(0.0,-1.0,0.0));
#22747=ORIENTED_EDGE('',*,*,#22748,.F.);
#22758=EDGE_CURVE('',#22553,#22749,#22763,.T.);
#22763=LINE('',#22554,#22765);
#22765=VECTOR('',#22766,6.4473695284);
#22766=DIRECTION('',(0.0,0.0,-1.0));
#22757=ORIENTED_EDGE('',*,*,#22758,.F.);
#22767=ORIENTED_EDGE('',*,*,#22552,.T.);
#22778=EDGE_CURVE('',#22751,#22555,#22783,.T.);
#22783=LINE('',#22752,#22785);
#22785=VECTOR('',#22786,6.4473695284);
#22786=DIRECTION('',(0.0,0.0,1.0));
#22777=ORIENTED_EDGE('',*,*,#22778,.F.);
#22787=STYLED_ITEM('',(#34),#22788);
#22788=ADVANCED_FACE('',(#22794),#22789,.T.);
#22789=PLANE('',#22790);
#22790=AXIS2_PLACEMENT_3D('',#22791,#22792,#22793);
#22791=CARTESIAN_POINT('',(5.461,0.381,2.862));
#22792=DIRECTION('',(0.0,1.0,0.0));
#22793=DIRECTION('',(0.,0.,1.));
#22794=FACE_OUTER_BOUND('',#22795,.T.);
#22795=EDGE_LOOP('',(#22796,#22806,#22816,#22826));
#22799=CARTESIAN_POINT('',(4.699,0.381,2.862));
#22798=VERTEX_POINT('',#22799);
#22797=EDGE_CURVE('',#22798,#22749,#22802,.T.);
#22802=LINE('',#22799,#22804);
#22804=VECTOR('',#22805,0.762);
#22805=DIRECTION('',(1.0,0.0,0.0));
#22796=ORIENTED_EDGE('',*,*,#22797,.F.);
#22807=EDGE_CURVE('',#22602,#22798,#22812,.T.);
#22812=LINE('',#22603,#22814);
#22814=VECTOR('',#22815,6.4473695284);
#22815=DIRECTION('',(0.0,0.0,-1.0));
#22806=ORIENTED_EDGE('',*,*,#22807,.F.);
#22816=ORIENTED_EDGE('',*,*,#22601,.T.);
#22826=ORIENTED_EDGE('',*,*,#22758,.T.);
#22836=STYLED_ITEM('',(#34),#22837);
#22837=ADVANCED_FACE('',(#22843),#22838,.T.);
#22838=PLANE('',#22839);
#22839=AXIS2_PLACEMENT_3D('',#22840,#22841,#22842);
#22840=CARTESIAN_POINT('',(4.699,0.381,2.862));
#22841=DIRECTION('',(-1.0,0.0,0.0));
#22842=DIRECTION('',(0.,0.,1.));
#22843=FACE_OUTER_BOUND('',#22844,.T.);
#22844=EDGE_LOOP('',(#22845,#22855,#22865,#22875));
#22848=CARTESIAN_POINT('',(4.699,-0.381,2.862));
#22847=VERTEX_POINT('',#22848);
#22846=EDGE_CURVE('',#22847,#22798,#22851,.T.);
#22851=LINE('',#22848,#22853);
#22853=VECTOR('',#22854,0.762);
#22854=DIRECTION('',(0.0,1.0,0.0));
#22845=ORIENTED_EDGE('',*,*,#22846,.F.);
#22856=EDGE_CURVE('',#22651,#22847,#22861,.T.);
#22861=LINE('',#22652,#22863);
#22863=VECTOR('',#22864,6.4473695284);
#22864=DIRECTION('',(0.0,0.0,-1.0));
#22855=ORIENTED_EDGE('',*,*,#22856,.F.);
#22865=ORIENTED_EDGE('',*,*,#22650,.T.);
#22875=ORIENTED_EDGE('',*,*,#22807,.T.);
#22885=STYLED_ITEM('',(#34),#22886);
#22886=ADVANCED_FACE('',(#22892),#22887,.T.);
#22887=PLANE('',#22888);
#22888=AXIS2_PLACEMENT_3D('',#22889,#22890,#22891);
#22889=CARTESIAN_POINT('',(4.699,-0.381,2.862));
#22890=DIRECTION('',(0.0,-1.0,0.0));
#22891=DIRECTION('',(0.,0.,1.));
#22892=FACE_OUTER_BOUND('',#22893,.T.);
#22893=EDGE_LOOP('',(#22894,#22904,#22914,#22924));
#22895=EDGE_CURVE('',#22751,#22847,#22900,.T.);
#22900=LINE('',#22752,#22902);
#22902=VECTOR('',#22903,0.762);
#22903=DIRECTION('',(-1.0,0.0,0.0));
#22894=ORIENTED_EDGE('',*,*,#22895,.F.);
#22904=ORIENTED_EDGE('',*,*,#22778,.T.);
#22914=ORIENTED_EDGE('',*,*,#22699,.T.);
#22924=ORIENTED_EDGE('',*,*,#22856,.T.);
#22934=STYLED_ITEM('',(#34),#22935);
#22935=ADVANCED_FACE('',(#22941),#22936,.T.);
#22936=PLANE('',#22937);
#22937=AXIS2_PLACEMENT_3D('',#22938,#22939,#22940);
#22938=CARTESIAN_POINT('',(4.699,0.381,2.862));
#22939=DIRECTION('',(0.0,0.0,-1.0));
#22940=DIRECTION('',(0.,1.,0.));
#22941=FACE_OUTER_BOUND('',#22942,.T.);
#22942=EDGE_LOOP('',(#22943,#22953,#22963,#22973));
#22943=ORIENTED_EDGE('',*,*,#22797,.T.);
#22953=ORIENTED_EDGE('',*,*,#22748,.T.);
#22963=ORIENTED_EDGE('',*,*,#22895,.T.);
#22973=ORIENTED_EDGE('',*,*,#22846,.T.);
#22983=STYLED_ITEM('',(#34),#22984);
#22984=ADVANCED_FACE('',(#22990),#22985,.T.);
#22985=PLANE('',#22986);
#22986=AXIS2_PLACEMENT_3D('',#22987,#22988,#22989);
#22987=CARTESIAN_POINT('',(4.699,-0.381,0.0));
#22988=DIRECTION('',(0.0,0.0,1.0));
#22989=DIRECTION('',(0.,1.,0.));
#22990=FACE_OUTER_BOUND('',#22991,.T.);
#22991=EDGE_LOOP('',(#22992,#23002,#23012,#23022));
#22995=CARTESIAN_POINT('',(5.461,-0.381,0.0));
#22994=VERTEX_POINT('',#22995);
#22997=CARTESIAN_POINT('',(4.699,-0.381,0.0));
#22996=VERTEX_POINT('',#22997);
#22993=EDGE_CURVE('',#22994,#22996,#22998,.T.);
#22998=LINE('',#22995,#23000);
#23000=VECTOR('',#23001,0.762);
#23001=DIRECTION('',(-1.0,0.0,0.0));
#22992=ORIENTED_EDGE('',*,*,#22993,.F.);
#23005=CARTESIAN_POINT('',(5.461,0.381,0.0));
#23004=VERTEX_POINT('',#23005);
#23003=EDGE_CURVE('',#23004,#22994,#23008,.T.);
#23008=LINE('',#23005,#23010);
#23010=VECTOR('',#23011,0.762);
#23011=DIRECTION('',(0.0,-1.0,0.0));
#23002=ORIENTED_EDGE('',*,*,#23003,.F.);
#23015=CARTESIAN_POINT('',(4.699,0.381,0.0));
#23014=VERTEX_POINT('',#23015);
#23013=EDGE_CURVE('',#23014,#23004,#23018,.T.);
#23018=LINE('',#23015,#23020);
#23020=VECTOR('',#23021,0.762);
#23021=DIRECTION('',(1.0,0.0,0.0));
#23012=ORIENTED_EDGE('',*,*,#23013,.F.);
#23023=EDGE_CURVE('',#22996,#23014,#23028,.T.);
#23028=LINE('',#22997,#23030);
#23030=VECTOR('',#23031,0.762);
#23031=DIRECTION('',(0.0,1.0,0.0));
#23022=ORIENTED_EDGE('',*,*,#23023,.F.);
#23032=STYLED_ITEM('',(#34),#23033);
#23033=ADVANCED_FACE('',(#23039),#23034,.T.);
#23034=PLANE('',#23035);
#23035=AXIS2_PLACEMENT_3D('',#23036,#23037,#23038);
#23036=CARTESIAN_POINT('',(5.461,-0.381,-4.89));
#23037=DIRECTION('',(1.0,0.0,0.0));
#23038=DIRECTION('',(0.,0.,1.));
#23039=FACE_OUTER_BOUND('',#23040,.T.);
#23040=EDGE_LOOP('',(#23041,#23051,#23061,#23071));
#23044=CARTESIAN_POINT('',(5.461,0.381,-4.89));
#23043=VERTEX_POINT('',#23044);
#23046=CARTESIAN_POINT('',(5.461,-0.381,-4.89));
#23045=VERTEX_POINT('',#23046);
#23042=EDGE_CURVE('',#23043,#23045,#23047,.T.);
#23047=LINE('',#23044,#23049);
#23049=VECTOR('',#23050,0.762);
#23050=DIRECTION('',(0.0,-1.0,0.0));
#23041=ORIENTED_EDGE('',*,*,#23042,.F.);
#23052=EDGE_CURVE('',#23004,#23043,#23057,.T.);
#23057=LINE('',#23005,#23059);
#23059=VECTOR('',#23060,4.8895);
#23060=DIRECTION('',(0.0,0.0,-1.0));
#23051=ORIENTED_EDGE('',*,*,#23052,.F.);
#23061=ORIENTED_EDGE('',*,*,#23003,.T.);
#23072=EDGE_CURVE('',#23045,#22994,#23077,.T.);
#23077=LINE('',#23046,#23079);
#23079=VECTOR('',#23080,4.8895);
#23080=DIRECTION('',(0.0,0.0,1.0));
#23071=ORIENTED_EDGE('',*,*,#23072,.F.);
#23081=STYLED_ITEM('',(#34),#23082);
#23082=ADVANCED_FACE('',(#23088),#23083,.T.);
#23083=PLANE('',#23084);
#23084=AXIS2_PLACEMENT_3D('',#23085,#23086,#23087);
#23085=CARTESIAN_POINT('',(5.461,0.381,-4.89));
#23086=DIRECTION('',(0.0,1.0,0.0));
#23087=DIRECTION('',(0.,0.,1.));
#23088=FACE_OUTER_BOUND('',#23089,.T.);
#23089=EDGE_LOOP('',(#23090,#23100,#23110,#23120));
#23093=CARTESIAN_POINT('',(4.699,0.381,-4.89));
#23092=VERTEX_POINT('',#23093);
#23091=EDGE_CURVE('',#23092,#23043,#23096,.T.);
#23096=LINE('',#23093,#23098);
#23098=VECTOR('',#23099,0.762);
#23099=DIRECTION('',(1.0,0.0,0.0));
#23090=ORIENTED_EDGE('',*,*,#23091,.F.);
#23101=EDGE_CURVE('',#23014,#23092,#23106,.T.);
#23106=LINE('',#23015,#23108);
#23108=VECTOR('',#23109,4.8895);
#23109=DIRECTION('',(0.0,0.0,-1.0));
#23100=ORIENTED_EDGE('',*,*,#23101,.F.);
#23110=ORIENTED_EDGE('',*,*,#23013,.T.);
#23120=ORIENTED_EDGE('',*,*,#23052,.T.);
#23130=STYLED_ITEM('',(#34),#23131);
#23131=ADVANCED_FACE('',(#23137),#23132,.T.);
#23132=PLANE('',#23133);
#23133=AXIS2_PLACEMENT_3D('',#23134,#23135,#23136);
#23134=CARTESIAN_POINT('',(4.699,0.381,-4.89));
#23135=DIRECTION('',(-1.0,0.0,0.0));
#23136=DIRECTION('',(0.,0.,1.));
#23137=FACE_OUTER_BOUND('',#23138,.T.);
#23138=EDGE_LOOP('',(#23139,#23149,#23159,#23169));
#23142=CARTESIAN_POINT('',(4.699,-0.381,-4.89));
#23141=VERTEX_POINT('',#23142);
#23140=EDGE_CURVE('',#23141,#23092,#23145,.T.);
#23145=LINE('',#23142,#23147);
#23147=VECTOR('',#23148,0.762);
#23148=DIRECTION('',(0.0,1.0,0.0));
#23139=ORIENTED_EDGE('',*,*,#23140,.F.);
#23150=EDGE_CURVE('',#22996,#23141,#23155,.T.);
#23155=LINE('',#22997,#23157);
#23157=VECTOR('',#23158,4.8895);
#23158=DIRECTION('',(0.0,0.0,-1.0));
#23149=ORIENTED_EDGE('',*,*,#23150,.F.);
#23159=ORIENTED_EDGE('',*,*,#23023,.T.);
#23169=ORIENTED_EDGE('',*,*,#23101,.T.);
#23179=STYLED_ITEM('',(#34),#23180);
#23180=ADVANCED_FACE('',(#23186),#23181,.T.);
#23181=PLANE('',#23182);
#23182=AXIS2_PLACEMENT_3D('',#23183,#23184,#23185);
#23183=CARTESIAN_POINT('',(4.699,-0.381,-4.89));
#23184=DIRECTION('',(0.0,-1.0,0.0));
#23185=DIRECTION('',(0.,0.,1.));
#23186=FACE_OUTER_BOUND('',#23187,.T.);
#23187=EDGE_LOOP('',(#23188,#23198,#23208,#23218));
#23189=EDGE_CURVE('',#23045,#23141,#23194,.T.);
#23194=LINE('',#23046,#23196);
#23196=VECTOR('',#23197,0.762);
#23197=DIRECTION('',(-1.0,0.0,0.0));
#23188=ORIENTED_EDGE('',*,*,#23189,.F.);
#23198=ORIENTED_EDGE('',*,*,#23072,.T.);
#23208=ORIENTED_EDGE('',*,*,#22993,.T.);
#23218=ORIENTED_EDGE('',*,*,#23150,.T.);
#23228=STYLED_ITEM('',(#34),#23229);
#23229=ADVANCED_FACE('',(#23235),#23230,.T.);
#23230=PLANE('',#23231);
#23231=AXIS2_PLACEMENT_3D('',#23232,#23233,#23234);
#23232=CARTESIAN_POINT('',(5.27,-0.19,-5.08));
#23233=DIRECTION('',(0.707,0.0,-0.707));
#23234=DIRECTION('',(0.,0.,1.));
#23235=FACE_OUTER_BOUND('',#23236,.T.);
#23236=EDGE_LOOP('',(#23237,#23247,#23257,#23267));
#23240=CARTESIAN_POINT('',(5.27,0.19,-5.08));
#23239=VERTEX_POINT('',#23240);
#23242=CARTESIAN_POINT('',(5.27,-0.19,-5.08));
#23241=VERTEX_POINT('',#23242);
#23238=EDGE_CURVE('',#23239,#23241,#23243,.T.);
#23243=LINE('',#23240,#23245);
#23245=VECTOR('',#23246,0.381);
#23246=DIRECTION('',(0.0,-1.0,0.0));
#23237=ORIENTED_EDGE('',*,*,#23238,.F.);
#23248=EDGE_CURVE('',#23043,#23239,#23253,.T.);
#23253=LINE('',#23044,#23255);
#23255=VECTOR('',#23256,0.329955678841871);
#23256=DIRECTION('',(-0.577,-0.577,-0.577));
#23247=ORIENTED_EDGE('',*,*,#23248,.F.);
#23257=ORIENTED_EDGE('',*,*,#23042,.T.);
#23268=EDGE_CURVE('',#23241,#23045,#23273,.T.);
#23273=LINE('',#23242,#23275);
#23275=VECTOR('',#23276,0.329955678841871);
#23276=DIRECTION('',(0.577,-0.577,0.577));
#23267=ORIENTED_EDGE('',*,*,#23268,.F.);
#23277=STYLED_ITEM('',(#34),#23278);
#23278=ADVANCED_FACE('',(#23284),#23279,.T.);
#23279=PLANE('',#23280);
#23280=AXIS2_PLACEMENT_3D('',#23281,#23282,#23283);
#23281=CARTESIAN_POINT('',(5.27,0.19,-5.08));
#23282=DIRECTION('',(0.0,0.707,-0.707));
#23283=DIRECTION('',(0.,0.,1.));
#23284=FACE_OUTER_BOUND('',#23285,.T.);
#23285=EDGE_LOOP('',(#23286,#23296,#23306,#23316));
#23289=CARTESIAN_POINT('',(4.89,0.19,-5.08));
#23288=VERTEX_POINT('',#23289);
#23287=EDGE_CURVE('',#23288,#23239,#23292,.T.);
#23292=LINE('',#23289,#23294);
#23294=VECTOR('',#23295,0.381);
#23295=DIRECTION('',(1.0,0.0,0.0));
#23286=ORIENTED_EDGE('',*,*,#23287,.F.);
#23297=EDGE_CURVE('',#23092,#23288,#23302,.T.);
#23302=LINE('',#23093,#23304);
#23304=VECTOR('',#23305,0.329955678841871);
#23305=DIRECTION('',(0.577,-0.577,-0.577));
#23296=ORIENTED_EDGE('',*,*,#23297,.F.);
#23306=ORIENTED_EDGE('',*,*,#23091,.T.);
#23316=ORIENTED_EDGE('',*,*,#23248,.T.);
#23326=STYLED_ITEM('',(#34),#23327);
#23327=ADVANCED_FACE('',(#23333),#23328,.T.);
#23328=PLANE('',#23329);
#23329=AXIS2_PLACEMENT_3D('',#23330,#23331,#23332);
#23330=CARTESIAN_POINT('',(4.89,0.19,-5.08));
#23331=DIRECTION('',(-0.707,0.0,-0.707));
#23332=DIRECTION('',(0.,0.,1.));
#23333=FACE_OUTER_BOUND('',#23334,.T.);
#23334=EDGE_LOOP('',(#23335,#23345,#23355,#23365));
#23338=CARTESIAN_POINT('',(4.89,-0.19,-5.08));
#23337=VERTEX_POINT('',#23338);
#23336=EDGE_CURVE('',#23337,#23288,#23341,.T.);
#23341=LINE('',#23338,#23343);
#23343=VECTOR('',#23344,0.381);
#23344=DIRECTION('',(0.0,1.0,0.0));
#23335=ORIENTED_EDGE('',*,*,#23336,.F.);
#23346=EDGE_CURVE('',#23141,#23337,#23351,.T.);
#23351=LINE('',#23142,#23353);
#23353=VECTOR('',#23354,0.329955678841871);
#23354=DIRECTION('',(0.577,0.577,-0.577));
#23345=ORIENTED_EDGE('',*,*,#23346,.F.);
#23355=ORIENTED_EDGE('',*,*,#23140,.T.);
#23365=ORIENTED_EDGE('',*,*,#23297,.T.);
#23375=STYLED_ITEM('',(#34),#23376);
#23376=ADVANCED_FACE('',(#23382),#23377,.T.);
#23377=PLANE('',#23378);
#23378=AXIS2_PLACEMENT_3D('',#23379,#23380,#23381);
#23379=CARTESIAN_POINT('',(4.89,-0.19,-5.08));
#23380=DIRECTION('',(0.0,-0.707,-0.707));
#23381=DIRECTION('',(0.,0.,1.));
#23382=FACE_OUTER_BOUND('',#23383,.T.);
#23383=EDGE_LOOP('',(#23384,#23394,#23404,#23414));
#23385=EDGE_CURVE('',#23241,#23337,#23390,.T.);
#23390=LINE('',#23242,#23392);
#23392=VECTOR('',#23393,0.381);
#23393=DIRECTION('',(-1.0,0.0,0.0));
#23384=ORIENTED_EDGE('',*,*,#23385,.F.);
#23394=ORIENTED_EDGE('',*,*,#23268,.T.);
#23404=ORIENTED_EDGE('',*,*,#23189,.T.);
#23414=ORIENTED_EDGE('',*,*,#23346,.T.);
#23424=STYLED_ITEM('',(#34),#23425);
#23425=ADVANCED_FACE('',(#23431),#23426,.T.);
#23426=PLANE('',#23427);
#23427=AXIS2_PLACEMENT_3D('',#23428,#23429,#23430);
#23428=CARTESIAN_POINT('',(4.89,0.19,-5.08));
#23429=DIRECTION('',(0.0,0.0,-1.0));
#23430=DIRECTION('',(0.,1.,0.));
#23431=FACE_OUTER_BOUND('',#23432,.T.);
#23432=EDGE_LOOP('',(#23433,#23443,#23453,#23463));
#23433=ORIENTED_EDGE('',*,*,#23287,.T.);
#23443=ORIENTED_EDGE('',*,*,#23238,.T.);
#23453=ORIENTED_EDGE('',*,*,#23385,.T.);
#23463=ORIENTED_EDGE('',*,*,#23336,.T.);
#23473=MANIFOLD_SOLID_BREP($,#23474);
#23474=CLOSED_SHELL('',(#23478,#23527,#23576,#23625,#23674,#23723,#23772,#23821,#23870,#23919));
#23475=MANIFOLD_SOLID_BREP($,#23476);
#23476=CLOSED_SHELL('',(#23968,#24017,#24066,#24115,#24164,#24213,#24262,#24311,#24360,#24409));
#23477=STYLED_ITEM('',(#34),#23478);
#23478=ADVANCED_FACE('',(#23484),#23479,.T.);
#23479=PLANE('',#23480);
#23480=AXIS2_PLACEMENT_3D('',#23481,#23482,#23483);
#23481=CARTESIAN_POINT('',(2.35,-0.19,9.5));
#23482=DIRECTION('',(0.0,0.0,1.0));
#23483=DIRECTION('',(0.,1.,0.));
#23484=FACE_OUTER_BOUND('',#23485,.T.);
#23485=EDGE_LOOP('',(#23486,#23496,#23506,#23516));
#23489=CARTESIAN_POINT('',(2.73,-0.19,9.5));
#23488=VERTEX_POINT('',#23489);
#23491=CARTESIAN_POINT('',(2.35,-0.19,9.5));
#23490=VERTEX_POINT('',#23491);
#23487=EDGE_CURVE('',#23488,#23490,#23492,.T.);
#23492=LINE('',#23489,#23494);
#23494=VECTOR('',#23495,0.381);
#23495=DIRECTION('',(-1.0,0.0,0.0));
#23486=ORIENTED_EDGE('',*,*,#23487,.F.);
#23499=CARTESIAN_POINT('',(2.73,0.19,9.5));
#23498=VERTEX_POINT('',#23499);
#23497=EDGE_CURVE('',#23498,#23488,#23502,.T.);
#23502=LINE('',#23499,#23504);
#23504=VECTOR('',#23505,0.381);
#23505=DIRECTION('',(0.0,-1.0,0.0));
#23496=ORIENTED_EDGE('',*,*,#23497,.F.);
#23509=CARTESIAN_POINT('',(2.35,0.19,9.5));
#23508=VERTEX_POINT('',#23509);
#23507=EDGE_CURVE('',#23508,#23498,#23512,.T.);
#23512=LINE('',#23509,#23514);
#23514=VECTOR('',#23515,0.381);
#23515=DIRECTION('',(1.0,0.0,0.0));
#23506=ORIENTED_EDGE('',*,*,#23507,.F.);
#23517=EDGE_CURVE('',#23490,#23508,#23522,.T.);
#23522=LINE('',#23491,#23524);
#23524=VECTOR('',#23525,0.381);
#23525=DIRECTION('',(0.0,1.0,0.0));
#23516=ORIENTED_EDGE('',*,*,#23517,.F.);
#23526=STYLED_ITEM('',(#34),#23527);
#23527=ADVANCED_FACE('',(#23533),#23528,.T.);
#23528=PLANE('',#23529);
#23529=AXIS2_PLACEMENT_3D('',#23530,#23531,#23532);
#23530=CARTESIAN_POINT('',(2.921,-0.381,9.309));
#23531=DIRECTION('',(0.707,0.0,0.707));
#23532=DIRECTION('',(0.,0.,1.));
#23533=FACE_OUTER_BOUND('',#23534,.T.);
#23534=EDGE_LOOP('',(#23535,#23545,#23555,#23565));
#23538=CARTESIAN_POINT('',(2.921,0.381,9.309));
#23537=VERTEX_POINT('',#23538);
#23540=CARTESIAN_POINT('',(2.921,-0.381,9.309));
#23539=VERTEX_POINT('',#23540);
#23536=EDGE_CURVE('',#23537,#23539,#23541,.T.);
#23541=LINE('',#23538,#23543);
#23543=VECTOR('',#23544,0.762);
#23544=DIRECTION('',(0.0,-1.0,0.0));
#23535=ORIENTED_EDGE('',*,*,#23536,.F.);
#23546=EDGE_CURVE('',#23498,#23537,#23551,.T.);
#23551=LINE('',#23499,#23553);
#23553=VECTOR('',#23554,0.329955678841871);
#23554=DIRECTION('',(0.577,0.577,-0.577));
#23545=ORIENTED_EDGE('',*,*,#23546,.F.);
#23555=ORIENTED_EDGE('',*,*,#23497,.T.);
#23566=EDGE_CURVE('',#23539,#23488,#23571,.T.);
#23571=LINE('',#23540,#23573);
#23573=VECTOR('',#23574,0.329955678841871);
#23574=DIRECTION('',(-0.577,0.577,0.577));
#23565=ORIENTED_EDGE('',*,*,#23566,.F.);
#23575=STYLED_ITEM('',(#34),#23576);
#23576=ADVANCED_FACE('',(#23582),#23577,.T.);
#23577=PLANE('',#23578);
#23578=AXIS2_PLACEMENT_3D('',#23579,#23580,#23581);
#23579=CARTESIAN_POINT('',(2.921,0.381,9.309));
#23580=DIRECTION('',(0.0,0.707,0.707));
#23581=DIRECTION('',(0.,0.,1.));
#23582=FACE_OUTER_BOUND('',#23583,.T.);
#23583=EDGE_LOOP('',(#23584,#23594,#23604,#23614));
#23587=CARTESIAN_POINT('',(2.159,0.381,9.309));
#23586=VERTEX_POINT('',#23587);
#23585=EDGE_CURVE('',#23586,#23537,#23590,.T.);
#23590=LINE('',#23587,#23592);
#23592=VECTOR('',#23593,0.762);
#23593=DIRECTION('',(1.0,0.0,0.0));
#23584=ORIENTED_EDGE('',*,*,#23585,.F.);
#23595=EDGE_CURVE('',#23508,#23586,#23600,.T.);
#23600=LINE('',#23509,#23602);
#23602=VECTOR('',#23603,0.329955678841871);
#23603=DIRECTION('',(-0.577,0.577,-0.577));
#23594=ORIENTED_EDGE('',*,*,#23595,.F.);
#23604=ORIENTED_EDGE('',*,*,#23507,.T.);
#23614=ORIENTED_EDGE('',*,*,#23546,.T.);
#23624=STYLED_ITEM('',(#34),#23625);
#23625=ADVANCED_FACE('',(#23631),#23626,.T.);
#23626=PLANE('',#23627);
#23627=AXIS2_PLACEMENT_3D('',#23628,#23629,#23630);
#23628=CARTESIAN_POINT('',(2.159,0.381,9.309));
#23629=DIRECTION('',(-0.707,0.0,0.707));
#23630=DIRECTION('',(0.,0.,1.));
#23631=FACE_OUTER_BOUND('',#23632,.T.);
#23632=EDGE_LOOP('',(#23633,#23643,#23653,#23663));
#23636=CARTESIAN_POINT('',(2.159,-0.381,9.309));
#23635=VERTEX_POINT('',#23636);
#23634=EDGE_CURVE('',#23635,#23586,#23639,.T.);
#23639=LINE('',#23636,#23641);
#23641=VECTOR('',#23642,0.762);
#23642=DIRECTION('',(0.0,1.0,0.0));
#23633=ORIENTED_EDGE('',*,*,#23634,.F.);
#23644=EDGE_CURVE('',#23490,#23635,#23649,.T.);
#23649=LINE('',#23491,#23651);
#23651=VECTOR('',#23652,0.329955678841871);
#23652=DIRECTION('',(-0.577,-0.577,-0.577));
#23643=ORIENTED_EDGE('',*,*,#23644,.F.);
#23653=ORIENTED_EDGE('',*,*,#23517,.T.);
#23663=ORIENTED_EDGE('',*,*,#23595,.T.);
#23673=STYLED_ITEM('',(#34),#23674);
#23674=ADVANCED_FACE('',(#23680),#23675,.T.);
#23675=PLANE('',#23676);
#23676=AXIS2_PLACEMENT_3D('',#23677,#23678,#23679);
#23677=CARTESIAN_POINT('',(2.159,-0.381,9.309));
#23678=DIRECTION('',(0.0,-0.707,0.707));
#23679=DIRECTION('',(0.,0.,1.));
#23680=FACE_OUTER_BOUND('',#23681,.T.);
#23681=EDGE_LOOP('',(#23682,#23692,#23702,#23712));
#23683=EDGE_CURVE('',#23539,#23635,#23688,.T.);
#23688=LINE('',#23540,#23690);
#23690=VECTOR('',#23691,0.762);
#23691=DIRECTION('',(-1.0,0.0,0.0));
#23682=ORIENTED_EDGE('',*,*,#23683,.F.);
#23692=ORIENTED_EDGE('',*,*,#23566,.T.);
#23702=ORIENTED_EDGE('',*,*,#23487,.T.);
#23712=ORIENTED_EDGE('',*,*,#23644,.T.);
#23722=STYLED_ITEM('',(#34),#23723);
#23723=ADVANCED_FACE('',(#23729),#23724,.T.);
#23724=PLANE('',#23725);
#23725=AXIS2_PLACEMENT_3D('',#23726,#23727,#23728);
#23726=CARTESIAN_POINT('',(2.921,-0.381,2.862));
#23727=DIRECTION('',(1.0,0.0,0.0));
#23728=DIRECTION('',(0.,0.,1.));
#23729=FACE_OUTER_BOUND('',#23730,.T.);
#23730=EDGE_LOOP('',(#23731,#23741,#23751,#23761));
#23734=CARTESIAN_POINT('',(2.921,0.381,2.862));
#23733=VERTEX_POINT('',#23734);
#23736=CARTESIAN_POINT('',(2.921,-0.381,2.862));
#23735=VERTEX_POINT('',#23736);
#23732=EDGE_CURVE('',#23733,#23735,#23737,.T.);
#23737=LINE('',#23734,#23739);
#23739=VECTOR('',#23740,0.762);
#23740=DIRECTION('',(0.0,-1.0,0.0));
#23731=ORIENTED_EDGE('',*,*,#23732,.F.);
#23742=EDGE_CURVE('',#23537,#23733,#23747,.T.);
#23747=LINE('',#23538,#23749);
#23749=VECTOR('',#23750,6.4473695284);
#23750=DIRECTION('',(0.0,0.0,-1.0));
#23741=ORIENTED_EDGE('',*,*,#23742,.F.);
#23751=ORIENTED_EDGE('',*,*,#23536,.T.);
#23762=EDGE_CURVE('',#23735,#23539,#23767,.T.);
#23767=LINE('',#23736,#23769);
#23769=VECTOR('',#23770,6.4473695284);
#23770=DIRECTION('',(0.0,0.0,1.0));
#23761=ORIENTED_EDGE('',*,*,#23762,.F.);
#23771=STYLED_ITEM('',(#34),#23772);
#23772=ADVANCED_FACE('',(#23778),#23773,.T.);
#23773=PLANE('',#23774);
#23774=AXIS2_PLACEMENT_3D('',#23775,#23776,#23777);
#23775=CARTESIAN_POINT('',(2.921,0.381,2.862));
#23776=DIRECTION('',(0.0,1.0,0.0));
#23777=DIRECTION('',(0.,0.,1.));
#23778=FACE_OUTER_BOUND('',#23779,.T.);
#23779=EDGE_LOOP('',(#23780,#23790,#23800,#23810));
#23783=CARTESIAN_POINT('',(2.159,0.381,2.862));
#23782=VERTEX_POINT('',#23783);
#23781=EDGE_CURVE('',#23782,#23733,#23786,.T.);
#23786=LINE('',#23783,#23788);
#23788=VECTOR('',#23789,0.762);
#23789=DIRECTION('',(1.0,0.0,0.0));
#23780=ORIENTED_EDGE('',*,*,#23781,.F.);
#23791=EDGE_CURVE('',#23586,#23782,#23796,.T.);
#23796=LINE('',#23587,#23798);
#23798=VECTOR('',#23799,6.4473695284);
#23799=DIRECTION('',(0.0,0.0,-1.0));
#23790=ORIENTED_EDGE('',*,*,#23791,.F.);
#23800=ORIENTED_EDGE('',*,*,#23585,.T.);
#23810=ORIENTED_EDGE('',*,*,#23742,.T.);
#23820=STYLED_ITEM('',(#34),#23821);
#23821=ADVANCED_FACE('',(#23827),#23822,.T.);
#23822=PLANE('',#23823);
#23823=AXIS2_PLACEMENT_3D('',#23824,#23825,#23826);
#23824=CARTESIAN_POINT('',(2.159,0.381,2.862));
#23825=DIRECTION('',(-1.0,0.0,0.0));
#23826=DIRECTION('',(0.,0.,1.));
#23827=FACE_OUTER_BOUND('',#23828,.T.);
#23828=EDGE_LOOP('',(#23829,#23839,#23849,#23859));
#23832=CARTESIAN_POINT('',(2.159,-0.381,2.862));
#23831=VERTEX_POINT('',#23832);
#23830=EDGE_CURVE('',#23831,#23782,#23835,.T.);
#23835=LINE('',#23832,#23837);
#23837=VECTOR('',#23838,0.762);
#23838=DIRECTION('',(0.0,1.0,0.0));
#23829=ORIENTED_EDGE('',*,*,#23830,.F.);
#23840=EDGE_CURVE('',#23635,#23831,#23845,.T.);
#23845=LINE('',#23636,#23847);
#23847=VECTOR('',#23848,6.4473695284);
#23848=DIRECTION('',(0.0,0.0,-1.0));
#23839=ORIENTED_EDGE('',*,*,#23840,.F.);
#23849=ORIENTED_EDGE('',*,*,#23634,.T.);
#23859=ORIENTED_EDGE('',*,*,#23791,.T.);
#23869=STYLED_ITEM('',(#34),#23870);
#23870=ADVANCED_FACE('',(#23876),#23871,.T.);
#23871=PLANE('',#23872);
#23872=AXIS2_PLACEMENT_3D('',#23873,#23874,#23875);
#23873=CARTESIAN_POINT('',(2.159,-0.381,2.862));
#23874=DIRECTION('',(0.0,-1.0,0.0));
#23875=DIRECTION('',(0.,0.,1.));
#23876=FACE_OUTER_BOUND('',#23877,.T.);
#23877=EDGE_LOOP('',(#23878,#23888,#23898,#23908));
#23879=EDGE_CURVE('',#23735,#23831,#23884,.T.);
#23884=LINE('',#23736,#23886);
#23886=VECTOR('',#23887,0.762);
#23887=DIRECTION('',(-1.0,0.0,0.0));
#23878=ORIENTED_EDGE('',*,*,#23879,.F.);
#23888=ORIENTED_EDGE('',*,*,#23762,.T.);
#23898=ORIENTED_EDGE('',*,*,#23683,.T.);
#23908=ORIENTED_EDGE('',*,*,#23840,.T.);
#23918=STYLED_ITEM('',(#34),#23919);
#23919=ADVANCED_FACE('',(#23925),#23920,.T.);
#23920=PLANE('',#23921);
#23921=AXIS2_PLACEMENT_3D('',#23922,#23923,#23924);
#23922=CARTESIAN_POINT('',(2.159,0.381,2.862));
#23923=DIRECTION('',(0.0,0.0,-1.0));
#23924=DIRECTION('',(0.,1.,0.));
#23925=FACE_OUTER_BOUND('',#23926,.T.);
#23926=EDGE_LOOP('',(#23927,#23937,#23947,#23957));
#23927=ORIENTED_EDGE('',*,*,#23781,.T.);
#23937=ORIENTED_EDGE('',*,*,#23732,.T.);
#23947=ORIENTED_EDGE('',*,*,#23879,.T.);
#23957=ORIENTED_EDGE('',*,*,#23830,.T.);
#23967=STYLED_ITEM('',(#34),#23968);
#23968=ADVANCED_FACE('',(#23974),#23969,.T.);
#23969=PLANE('',#23970);
#23970=AXIS2_PLACEMENT_3D('',#23971,#23972,#23973);
#23971=CARTESIAN_POINT('',(2.159,-0.381,0.0));
#23972=DIRECTION('',(0.0,0.0,1.0));
#23973=DIRECTION('',(0.,1.,0.));
#23974=FACE_OUTER_BOUND('',#23975,.T.);
#23975=EDGE_LOOP('',(#23976,#23986,#23996,#24006));
#23979=CARTESIAN_POINT('',(2.921,-0.381,0.0));
#23978=VERTEX_POINT('',#23979);
#23981=CARTESIAN_POINT('',(2.159,-0.381,0.0));
#23980=VERTEX_POINT('',#23981);
#23977=EDGE_CURVE('',#23978,#23980,#23982,.T.);
#23982=LINE('',#23979,#23984);
#23984=VECTOR('',#23985,0.762);
#23985=DIRECTION('',(-1.0,0.0,0.0));
#23976=ORIENTED_EDGE('',*,*,#23977,.F.);
#23989=CARTESIAN_POINT('',(2.921,0.381,0.0));
#23988=VERTEX_POINT('',#23989);
#23987=EDGE_CURVE('',#23988,#23978,#23992,.T.);
#23992=LINE('',#23989,#23994);
#23994=VECTOR('',#23995,0.762);
#23995=DIRECTION('',(0.0,-1.0,0.0));
#23986=ORIENTED_EDGE('',*,*,#23987,.F.);
#23999=CARTESIAN_POINT('',(2.159,0.381,0.0));
#23998=VERTEX_POINT('',#23999);
#23997=EDGE_CURVE('',#23998,#23988,#24002,.T.);
#24002=LINE('',#23999,#24004);
#24004=VECTOR('',#24005,0.762);
#24005=DIRECTION('',(1.0,0.0,0.0));
#23996=ORIENTED_EDGE('',*,*,#23997,.F.);
#24007=EDGE_CURVE('',#23980,#23998,#24012,.T.);
#24012=LINE('',#23981,#24014);
#24014=VECTOR('',#24015,0.762);
#24015=DIRECTION('',(0.0,1.0,0.0));
#24006=ORIENTED_EDGE('',*,*,#24007,.F.);
#24016=STYLED_ITEM('',(#34),#24017);
#24017=ADVANCED_FACE('',(#24023),#24018,.T.);
#24018=PLANE('',#24019);
#24019=AXIS2_PLACEMENT_3D('',#24020,#24021,#24022);
#24020=CARTESIAN_POINT('',(2.921,-0.381,-4.89));
#24021=DIRECTION('',(1.0,0.0,0.0));
#24022=DIRECTION('',(0.,0.,1.));
#24023=FACE_OUTER_BOUND('',#24024,.T.);
#24024=EDGE_LOOP('',(#24025,#24035,#24045,#24055));
#24028=CARTESIAN_POINT('',(2.921,0.381,-4.89));
#24027=VERTEX_POINT('',#24028);
#24030=CARTESIAN_POINT('',(2.921,-0.381,-4.89));
#24029=VERTEX_POINT('',#24030);
#24026=EDGE_CURVE('',#24027,#24029,#24031,.T.);
#24031=LINE('',#24028,#24033);
#24033=VECTOR('',#24034,0.762);
#24034=DIRECTION('',(0.0,-1.0,0.0));
#24025=ORIENTED_EDGE('',*,*,#24026,.F.);
#24036=EDGE_CURVE('',#23988,#24027,#24041,.T.);
#24041=LINE('',#23989,#24043);
#24043=VECTOR('',#24044,4.8895);
#24044=DIRECTION('',(0.0,0.0,-1.0));
#24035=ORIENTED_EDGE('',*,*,#24036,.F.);
#24045=ORIENTED_EDGE('',*,*,#23987,.T.);
#24056=EDGE_CURVE('',#24029,#23978,#24061,.T.);
#24061=LINE('',#24030,#24063);
#24063=VECTOR('',#24064,4.8895);
#24064=DIRECTION('',(0.0,0.0,1.0));
#24055=ORIENTED_EDGE('',*,*,#24056,.F.);
#24065=STYLED_ITEM('',(#34),#24066);
#24066=ADVANCED_FACE('',(#24072),#24067,.T.);
#24067=PLANE('',#24068);
#24068=AXIS2_PLACEMENT_3D('',#24069,#24070,#24071);
#24069=CARTESIAN_POINT('',(2.921,0.381,-4.89));
#24070=DIRECTION('',(0.0,1.0,0.0));
#24071=DIRECTION('',(0.,0.,1.));
#24072=FACE_OUTER_BOUND('',#24073,.T.);
#24073=EDGE_LOOP('',(#24074,#24084,#24094,#24104));
#24077=CARTESIAN_POINT('',(2.159,0.381,-4.89));
#24076=VERTEX_POINT('',#24077);
#24075=EDGE_CURVE('',#24076,#24027,#24080,.T.);
#24080=LINE('',#24077,#24082);
#24082=VECTOR('',#24083,0.762);
#24083=DIRECTION('',(1.0,0.0,0.0));
#24074=ORIENTED_EDGE('',*,*,#24075,.F.);
#24085=EDGE_CURVE('',#23998,#24076,#24090,.T.);
#24090=LINE('',#23999,#24092);
#24092=VECTOR('',#24093,4.8895);
#24093=DIRECTION('',(0.0,0.0,-1.0));
#24084=ORIENTED_EDGE('',*,*,#24085,.F.);
#24094=ORIENTED_EDGE('',*,*,#23997,.T.);
#24104=ORIENTED_EDGE('',*,*,#24036,.T.);
#24114=STYLED_ITEM('',(#34),#24115);
#24115=ADVANCED_FACE('',(#24121),#24116,.T.);
#24116=PLANE('',#24117);
#24117=AXIS2_PLACEMENT_3D('',#24118,#24119,#24120);
#24118=CARTESIAN_POINT('',(2.159,0.381,-4.89));
#24119=DIRECTION('',(-1.0,0.0,0.0));
#24120=DIRECTION('',(0.,0.,1.));
#24121=FACE_OUTER_BOUND('',#24122,.T.);
#24122=EDGE_LOOP('',(#24123,#24133,#24143,#24153));
#24126=CARTESIAN_POINT('',(2.159,-0.381,-4.89));
#24125=VERTEX_POINT('',#24126);
#24124=EDGE_CURVE('',#24125,#24076,#24129,.T.);
#24129=LINE('',#24126,#24131);
#24131=VECTOR('',#24132,0.762);
#24132=DIRECTION('',(0.0,1.0,0.0));
#24123=ORIENTED_EDGE('',*,*,#24124,.F.);
#24134=EDGE_CURVE('',#23980,#24125,#24139,.T.);
#24139=LINE('',#23981,#24141);
#24141=VECTOR('',#24142,4.8895);
#24142=DIRECTION('',(0.0,0.0,-1.0));
#24133=ORIENTED_EDGE('',*,*,#24134,.F.);
#24143=ORIENTED_EDGE('',*,*,#24007,.T.);
#24153=ORIENTED_EDGE('',*,*,#24085,.T.);
#24163=STYLED_ITEM('',(#34),#24164);
#24164=ADVANCED_FACE('',(#24170),#24165,.T.);
#24165=PLANE('',#24166);
#24166=AXIS2_PLACEMENT_3D('',#24167,#24168,#24169);
#24167=CARTESIAN_POINT('',(2.159,-0.381,-4.89));
#24168=DIRECTION('',(0.0,-1.0,0.0));
#24169=DIRECTION('',(0.,0.,1.));
#24170=FACE_OUTER_BOUND('',#24171,.T.);
#24171=EDGE_LOOP('',(#24172,#24182,#24192,#24202));
#24173=EDGE_CURVE('',#24029,#24125,#24178,.T.);
#24178=LINE('',#24030,#24180);
#24180=VECTOR('',#24181,0.762);
#24181=DIRECTION('',(-1.0,0.0,0.0));
#24172=ORIENTED_EDGE('',*,*,#24173,.F.);
#24182=ORIENTED_EDGE('',*,*,#24056,.T.);
#24192=ORIENTED_EDGE('',*,*,#23977,.T.);
#24202=ORIENTED_EDGE('',*,*,#24134,.T.);
#24212=STYLED_ITEM('',(#34),#24213);
#24213=ADVANCED_FACE('',(#24219),#24214,.T.);
#24214=PLANE('',#24215);
#24215=AXIS2_PLACEMENT_3D('',#24216,#24217,#24218);
#24216=CARTESIAN_POINT('',(2.73,-0.19,-5.08));
#24217=DIRECTION('',(0.707,0.0,-0.707));
#24218=DIRECTION('',(0.,0.,1.));
#24219=FACE_OUTER_BOUND('',#24220,.T.);
#24220=EDGE_LOOP('',(#24221,#24231,#24241,#24251));
#24224=CARTESIAN_POINT('',(2.73,0.19,-5.08));
#24223=VERTEX_POINT('',#24224);
#24226=CARTESIAN_POINT('',(2.73,-0.19,-5.08));
#24225=VERTEX_POINT('',#24226);
#24222=EDGE_CURVE('',#24223,#24225,#24227,.T.);
#24227=LINE('',#24224,#24229);
#24229=VECTOR('',#24230,0.381);
#24230=DIRECTION('',(0.0,-1.0,0.0));
#24221=ORIENTED_EDGE('',*,*,#24222,.F.);
#24232=EDGE_CURVE('',#24027,#24223,#24237,.T.);
#24237=LINE('',#24028,#24239);
#24239=VECTOR('',#24240,0.329955678841871);
#24240=DIRECTION('',(-0.577,-0.577,-0.577));
#24231=ORIENTED_EDGE('',*,*,#24232,.F.);
#24241=ORIENTED_EDGE('',*,*,#24026,.T.);
#24252=EDGE_CURVE('',#24225,#24029,#24257,.T.);
#24257=LINE('',#24226,#24259);
#24259=VECTOR('',#24260,0.329955678841871);
#24260=DIRECTION('',(0.577,-0.577,0.577));
#24251=ORIENTED_EDGE('',*,*,#24252,.F.);
#24261=STYLED_ITEM('',(#34),#24262);
#24262=ADVANCED_FACE('',(#24268),#24263,.T.);
#24263=PLANE('',#24264);
#24264=AXIS2_PLACEMENT_3D('',#24265,#24266,#24267);
#24265=CARTESIAN_POINT('',(2.73,0.19,-5.08));
#24266=DIRECTION('',(0.0,0.707,-0.707));
#24267=DIRECTION('',(0.,0.,1.));
#24268=FACE_OUTER_BOUND('',#24269,.T.);
#24269=EDGE_LOOP('',(#24270,#24280,#24290,#24300));
#24273=CARTESIAN_POINT('',(2.35,0.19,-5.08));
#24272=VERTEX_POINT('',#24273);
#24271=EDGE_CURVE('',#24272,#24223,#24276,.T.);
#24276=LINE('',#24273,#24278);
#24278=VECTOR('',#24279,0.381);
#24279=DIRECTION('',(1.0,0.0,0.0));
#24270=ORIENTED_EDGE('',*,*,#24271,.F.);
#24281=EDGE_CURVE('',#24076,#24272,#24286,.T.);
#24286=LINE('',#24077,#24288);
#24288=VECTOR('',#24289,0.329955678841871);
#24289=DIRECTION('',(0.577,-0.577,-0.577));
#24280=ORIENTED_EDGE('',*,*,#24281,.F.);
#24290=ORIENTED_EDGE('',*,*,#24075,.T.);
#24300=ORIENTED_EDGE('',*,*,#24232,.T.);
#24310=STYLED_ITEM('',(#34),#24311);
#24311=ADVANCED_FACE('',(#24317),#24312,.T.);
#24312=PLANE('',#24313);
#24313=AXIS2_PLACEMENT_3D('',#24314,#24315,#24316);
#24314=CARTESIAN_POINT('',(2.35,0.19,-5.08));
#24315=DIRECTION('',(-0.707,0.0,-0.707));
#24316=DIRECTION('',(0.,0.,1.));
#24317=FACE_OUTER_BOUND('',#24318,.T.);
#24318=EDGE_LOOP('',(#24319,#24329,#24339,#24349));
#24322=CARTESIAN_POINT('',(2.35,-0.19,-5.08));
#24321=VERTEX_POINT('',#24322);
#24320=EDGE_CURVE('',#24321,#24272,#24325,.T.);
#24325=LINE('',#24322,#24327);
#24327=VECTOR('',#24328,0.381);
#24328=DIRECTION('',(0.0,1.0,0.0));
#24319=ORIENTED_EDGE('',*,*,#24320,.F.);
#24330=EDGE_CURVE('',#24125,#24321,#24335,.T.);
#24335=LINE('',#24126,#24337);
#24337=VECTOR('',#24338,0.329955678841871);
#24338=DIRECTION('',(0.577,0.577,-0.577));
#24329=ORIENTED_EDGE('',*,*,#24330,.F.);
#24339=ORIENTED_EDGE('',*,*,#24124,.T.);
#24349=ORIENTED_EDGE('',*,*,#24281,.T.);
#24359=STYLED_ITEM('',(#34),#24360);
#24360=ADVANCED_FACE('',(#24366),#24361,.T.);
#24361=PLANE('',#24362);
#24362=AXIS2_PLACEMENT_3D('',#24363,#24364,#24365);
#24363=CARTESIAN_POINT('',(2.35,-0.19,-5.08));
#24364=DIRECTION('',(0.0,-0.707,-0.707));
#24365=DIRECTION('',(0.,0.,1.));
#24366=FACE_OUTER_BOUND('',#24367,.T.);
#24367=EDGE_LOOP('',(#24368,#24378,#24388,#24398));
#24369=EDGE_CURVE('',#24225,#24321,#24374,.T.);
#24374=LINE('',#24226,#24376);
#24376=VECTOR('',#24377,0.381);
#24377=DIRECTION('',(-1.0,0.0,0.0));
#24368=ORIENTED_EDGE('',*,*,#24369,.F.);
#24378=ORIENTED_EDGE('',*,*,#24252,.T.);
#24388=ORIENTED_EDGE('',*,*,#24173,.T.);
#24398=ORIENTED_EDGE('',*,*,#24330,.T.);
#24408=STYLED_ITEM('',(#34),#24409);
#24409=ADVANCED_FACE('',(#24415),#24410,.T.);
#24410=PLANE('',#24411);
#24411=AXIS2_PLACEMENT_3D('',#24412,#24413,#24414);
#24412=CARTESIAN_POINT('',(2.35,0.19,-5.08));
#24413=DIRECTION('',(0.0,0.0,-1.0));
#24414=DIRECTION('',(0.,1.,0.));
#24415=FACE_OUTER_BOUND('',#24416,.T.);
#24416=EDGE_LOOP('',(#24417,#24427,#24437,#24447));
#24417=ORIENTED_EDGE('',*,*,#24271,.T.);
#24427=ORIENTED_EDGE('',*,*,#24222,.T.);
#24437=ORIENTED_EDGE('',*,*,#24369,.T.);
#24447=ORIENTED_EDGE('',*,*,#24320,.T.);
#24457=MANIFOLD_SOLID_BREP($,#24458);
#24458=CLOSED_SHELL('',(#24462,#24511,#24560,#24609,#24658,#24707,#24756,#24805,#24854,#24903));
#24459=MANIFOLD_SOLID_BREP($,#24460);
#24460=CLOSED_SHELL('',(#24952,#25001,#25050,#25099,#25148,#25197,#25246,#25295,#25344,#25393));
#24461=STYLED_ITEM('',(#34),#24462);
#24462=ADVANCED_FACE('',(#24468),#24463,.T.);
#24463=PLANE('',#24464);
#24464=AXIS2_PLACEMENT_3D('',#24465,#24466,#24467);
#24465=CARTESIAN_POINT('',(-0.19,-0.19,9.5));
#24466=DIRECTION('',(0.0,0.0,1.0));
#24467=DIRECTION('',(0.,1.,0.));
#24468=FACE_OUTER_BOUND('',#24469,.T.);
#24469=EDGE_LOOP('',(#24470,#24480,#24490,#24500));
#24473=CARTESIAN_POINT('',(0.19,-0.19,9.5));
#24472=VERTEX_POINT('',#24473);
#24475=CARTESIAN_POINT('',(-0.19,-0.19,9.5));
#24474=VERTEX_POINT('',#24475);
#24471=EDGE_CURVE('',#24472,#24474,#24476,.T.);
#24476=LINE('',#24473,#24478);
#24478=VECTOR('',#24479,0.381);
#24479=DIRECTION('',(-1.0,0.0,0.0));
#24470=ORIENTED_EDGE('',*,*,#24471,.F.);
#24483=CARTESIAN_POINT('',(0.19,0.19,9.5));
#24482=VERTEX_POINT('',#24483);
#24481=EDGE_CURVE('',#24482,#24472,#24486,.T.);
#24486=LINE('',#24483,#24488);
#24488=VECTOR('',#24489,0.381);
#24489=DIRECTION('',(0.0,-1.0,0.0));
#24480=ORIENTED_EDGE('',*,*,#24481,.F.);
#24493=CARTESIAN_POINT('',(-0.19,0.19,9.5));
#24492=VERTEX_POINT('',#24493);
#24491=EDGE_CURVE('',#24492,#24482,#24496,.T.);
#24496=LINE('',#24493,#24498);
#24498=VECTOR('',#24499,0.381);
#24499=DIRECTION('',(1.0,0.0,0.0));
#24490=ORIENTED_EDGE('',*,*,#24491,.F.);
#24501=EDGE_CURVE('',#24474,#24492,#24506,.T.);
#24506=LINE('',#24475,#24508);
#24508=VECTOR('',#24509,0.381);
#24509=DIRECTION('',(0.0,1.0,0.0));
#24500=ORIENTED_EDGE('',*,*,#24501,.F.);
#24510=STYLED_ITEM('',(#34),#24511);
#24511=ADVANCED_FACE('',(#24517),#24512,.T.);
#24512=PLANE('',#24513);
#24513=AXIS2_PLACEMENT_3D('',#24514,#24515,#24516);
#24514=CARTESIAN_POINT('',(0.381,-0.381,9.309));
#24515=DIRECTION('',(0.707,0.0,0.707));
#24516=DIRECTION('',(0.,0.,1.));
#24517=FACE_OUTER_BOUND('',#24518,.T.);
#24518=EDGE_LOOP('',(#24519,#24529,#24539,#24549));
#24522=CARTESIAN_POINT('',(0.381,0.381,9.309));
#24521=VERTEX_POINT('',#24522);
#24524=CARTESIAN_POINT('',(0.381,-0.381,9.309));
#24523=VERTEX_POINT('',#24524);
#24520=EDGE_CURVE('',#24521,#24523,#24525,.T.);
#24525=LINE('',#24522,#24527);
#24527=VECTOR('',#24528,0.762);
#24528=DIRECTION('',(0.0,-1.0,0.0));
#24519=ORIENTED_EDGE('',*,*,#24520,.F.);
#24530=EDGE_CURVE('',#24482,#24521,#24535,.T.);
#24535=LINE('',#24483,#24537);
#24537=VECTOR('',#24538,0.329955678841871);
#24538=DIRECTION('',(0.577,0.577,-0.577));
#24529=ORIENTED_EDGE('',*,*,#24530,.F.);
#24539=ORIENTED_EDGE('',*,*,#24481,.T.);
#24550=EDGE_CURVE('',#24523,#24472,#24555,.T.);
#24555=LINE('',#24524,#24557);
#24557=VECTOR('',#24558,0.329955678841871);
#24558=DIRECTION('',(-0.577,0.577,0.577));
#24549=ORIENTED_EDGE('',*,*,#24550,.F.);
#24559=STYLED_ITEM('',(#34),#24560);
#24560=ADVANCED_FACE('',(#24566),#24561,.T.);
#24561=PLANE('',#24562);
#24562=AXIS2_PLACEMENT_3D('',#24563,#24564,#24565);
#24563=CARTESIAN_POINT('',(0.381,0.381,9.309));
#24564=DIRECTION('',(0.0,0.707,0.707));
#24565=DIRECTION('',(0.,0.,1.));
#24566=FACE_OUTER_BOUND('',#24567,.T.);
#24567=EDGE_LOOP('',(#24568,#24578,#24588,#24598));
#24571=CARTESIAN_POINT('',(-0.381,0.381,9.309));
#24570=VERTEX_POINT('',#24571);
#24569=EDGE_CURVE('',#24570,#24521,#24574,.T.);
#24574=LINE('',#24571,#24576);
#24576=VECTOR('',#24577,0.762);
#24577=DIRECTION('',(1.0,0.0,0.0));
#24568=ORIENTED_EDGE('',*,*,#24569,.F.);
#24579=EDGE_CURVE('',#24492,#24570,#24584,.T.);
#24584=LINE('',#24493,#24586);
#24586=VECTOR('',#24587,0.329955678841871);
#24587=DIRECTION('',(-0.577,0.577,-0.577));
#24578=ORIENTED_EDGE('',*,*,#24579,.F.);
#24588=ORIENTED_EDGE('',*,*,#24491,.T.);
#24598=ORIENTED_EDGE('',*,*,#24530,.T.);
#24608=STYLED_ITEM('',(#34),#24609);
#24609=ADVANCED_FACE('',(#24615),#24610,.T.);
#24610=PLANE('',#24611);
#24611=AXIS2_PLACEMENT_3D('',#24612,#24613,#24614);
#24612=CARTESIAN_POINT('',(-0.381,0.381,9.309));
#24613=DIRECTION('',(-0.707,0.0,0.707));
#24614=DIRECTION('',(0.,0.,1.));
#24615=FACE_OUTER_BOUND('',#24616,.T.);
#24616=EDGE_LOOP('',(#24617,#24627,#24637,#24647));
#24620=CARTESIAN_POINT('',(-0.381,-0.381,9.309));
#24619=VERTEX_POINT('',#24620);
#24618=EDGE_CURVE('',#24619,#24570,#24623,.T.);
#24623=LINE('',#24620,#24625);
#24625=VECTOR('',#24626,0.762);
#24626=DIRECTION('',(0.0,1.0,0.0));
#24617=ORIENTED_EDGE('',*,*,#24618,.F.);
#24628=EDGE_CURVE('',#24474,#24619,#24633,.T.);
#24633=LINE('',#24475,#24635);
#24635=VECTOR('',#24636,0.329955678841871);
#24636=DIRECTION('',(-0.577,-0.577,-0.577));
#24627=ORIENTED_EDGE('',*,*,#24628,.F.);
#24637=ORIENTED_EDGE('',*,*,#24501,.T.);
#24647=ORIENTED_EDGE('',*,*,#24579,.T.);
#24657=STYLED_ITEM('',(#34),#24658);
#24658=ADVANCED_FACE('',(#24664),#24659,.T.);
#24659=PLANE('',#24660);
#24660=AXIS2_PLACEMENT_3D('',#24661,#24662,#24663);
#24661=CARTESIAN_POINT('',(-0.381,-0.381,9.309));
#24662=DIRECTION('',(0.0,-0.707,0.707));
#24663=DIRECTION('',(0.,0.,1.));
#24664=FACE_OUTER_BOUND('',#24665,.T.);
#24665=EDGE_LOOP('',(#24666,#24676,#24686,#24696));
#24667=EDGE_CURVE('',#24523,#24619,#24672,.T.);
#24672=LINE('',#24524,#24674);
#24674=VECTOR('',#24675,0.762);
#24675=DIRECTION('',(-1.0,0.0,0.0));
#24666=ORIENTED_EDGE('',*,*,#24667,.F.);
#24676=ORIENTED_EDGE('',*,*,#24550,.T.);
#24686=ORIENTED_EDGE('',*,*,#24471,.T.);
#24696=ORIENTED_EDGE('',*,*,#24628,.T.);
#24706=STYLED_ITEM('',(#34),#24707);
#24707=ADVANCED_FACE('',(#24713),#24708,.T.);
#24708=PLANE('',#24709);
#24709=AXIS2_PLACEMENT_3D('',#24710,#24711,#24712);
#24710=CARTESIAN_POINT('',(0.381,-0.381,2.862));
#24711=DIRECTION('',(1.0,0.0,0.0));
#24712=DIRECTION('',(0.,0.,1.));
#24713=FACE_OUTER_BOUND('',#24714,.T.);
#24714=EDGE_LOOP('',(#24715,#24725,#24735,#24745));
#24718=CARTESIAN_POINT('',(0.381,0.381,2.862));
#24717=VERTEX_POINT('',#24718);
#24720=CARTESIAN_POINT('',(0.381,-0.381,2.862));
#24719=VERTEX_POINT('',#24720);
#24716=EDGE_CURVE('',#24717,#24719,#24721,.T.);
#24721=LINE('',#24718,#24723);
#24723=VECTOR('',#24724,0.762);
#24724=DIRECTION('',(0.0,-1.0,0.0));
#24715=ORIENTED_EDGE('',*,*,#24716,.F.);
#24726=EDGE_CURVE('',#24521,#24717,#24731,.T.);
#24731=LINE('',#24522,#24733);
#24733=VECTOR('',#24734,6.4473695284);
#24734=DIRECTION('',(0.0,0.0,-1.0));
#24725=ORIENTED_EDGE('',*,*,#24726,.F.);
#24735=ORIENTED_EDGE('',*,*,#24520,.T.);
#24746=EDGE_CURVE('',#24719,#24523,#24751,.T.);
#24751=LINE('',#24720,#24753);
#24753=VECTOR('',#24754,6.4473695284);
#24754=DIRECTION('',(0.0,0.0,1.0));
#24745=ORIENTED_EDGE('',*,*,#24746,.F.);
#24755=STYLED_ITEM('',(#34),#24756);
#24756=ADVANCED_FACE('',(#24762),#24757,.T.);
#24757=PLANE('',#24758);
#24758=AXIS2_PLACEMENT_3D('',#24759,#24760,#24761);
#24759=CARTESIAN_POINT('',(0.381,0.381,2.862));
#24760=DIRECTION('',(0.0,1.0,0.0));
#24761=DIRECTION('',(0.,0.,1.));
#24762=FACE_OUTER_BOUND('',#24763,.T.);
#24763=EDGE_LOOP('',(#24764,#24774,#24784,#24794));
#24767=CARTESIAN_POINT('',(-0.381,0.381,2.862));
#24766=VERTEX_POINT('',#24767);
#24765=EDGE_CURVE('',#24766,#24717,#24770,.T.);
#24770=LINE('',#24767,#24772);
#24772=VECTOR('',#24773,0.762);
#24773=DIRECTION('',(1.0,0.0,0.0));
#24764=ORIENTED_EDGE('',*,*,#24765,.F.);
#24775=EDGE_CURVE('',#24570,#24766,#24780,.T.);
#24780=LINE('',#24571,#24782);
#24782=VECTOR('',#24783,6.4473695284);
#24783=DIRECTION('',(0.0,0.0,-1.0));
#24774=ORIENTED_EDGE('',*,*,#24775,.F.);
#24784=ORIENTED_EDGE('',*,*,#24569,.T.);
#24794=ORIENTED_EDGE('',*,*,#24726,.T.);
#24804=STYLED_ITEM('',(#34),#24805);
#24805=ADVANCED_FACE('',(#24811),#24806,.T.);
#24806=PLANE('',#24807);
#24807=AXIS2_PLACEMENT_3D('',#24808,#24809,#24810);
#24808=CARTESIAN_POINT('',(-0.381,0.381,2.862));
#24809=DIRECTION('',(-1.0,0.0,0.0));
#24810=DIRECTION('',(0.,0.,1.));
#24811=FACE_OUTER_BOUND('',#24812,.T.);
#24812=EDGE_LOOP('',(#24813,#24823,#24833,#24843));
#24816=CARTESIAN_POINT('',(-0.381,-0.381,2.862));
#24815=VERTEX_POINT('',#24816);
#24814=EDGE_CURVE('',#24815,#24766,#24819,.T.);
#24819=LINE('',#24816,#24821);
#24821=VECTOR('',#24822,0.762);
#24822=DIRECTION('',(0.0,1.0,0.0));
#24813=ORIENTED_EDGE('',*,*,#24814,.F.);
#24824=EDGE_CURVE('',#24619,#24815,#24829,.T.);
#24829=LINE('',#24620,#24831);
#24831=VECTOR('',#24832,6.4473695284);
#24832=DIRECTION('',(0.0,0.0,-1.0));
#24823=ORIENTED_EDGE('',*,*,#24824,.F.);
#24833=ORIENTED_EDGE('',*,*,#24618,.T.);
#24843=ORIENTED_EDGE('',*,*,#24775,.T.);
#24853=STYLED_ITEM('',(#34),#24854);
#24854=ADVANCED_FACE('',(#24860),#24855,.T.);
#24855=PLANE('',#24856);
#24856=AXIS2_PLACEMENT_3D('',#24857,#24858,#24859);
#24857=CARTESIAN_POINT('',(-0.381,-0.381,2.862));
#24858=DIRECTION('',(0.0,-1.0,0.0));
#24859=DIRECTION('',(0.,0.,1.));
#24860=FACE_OUTER_BOUND('',#24861,.T.);
#24861=EDGE_LOOP('',(#24862,#24872,#24882,#24892));
#24863=EDGE_CURVE('',#24719,#24815,#24868,.T.);
#24868=LINE('',#24720,#24870);
#24870=VECTOR('',#24871,0.762);
#24871=DIRECTION('',(-1.0,0.0,0.0));
#24862=ORIENTED_EDGE('',*,*,#24863,.F.);
#24872=ORIENTED_EDGE('',*,*,#24746,.T.);
#24882=ORIENTED_EDGE('',*,*,#24667,.T.);
#24892=ORIENTED_EDGE('',*,*,#24824,.T.);
#24902=STYLED_ITEM('',(#34),#24903);
#24903=ADVANCED_FACE('',(#24909),#24904,.T.);
#24904=PLANE('',#24905);
#24905=AXIS2_PLACEMENT_3D('',#24906,#24907,#24908);
#24906=CARTESIAN_POINT('',(-0.381,0.381,2.862));
#24907=DIRECTION('',(0.0,0.0,-1.0));
#24908=DIRECTION('',(0.,1.,0.));
#24909=FACE_OUTER_BOUND('',#24910,.T.);
#24910=EDGE_LOOP('',(#24911,#24921,#24931,#24941));
#24911=ORIENTED_EDGE('',*,*,#24765,.T.);
#24921=ORIENTED_EDGE('',*,*,#24716,.T.);
#24931=ORIENTED_EDGE('',*,*,#24863,.T.);
#24941=ORIENTED_EDGE('',*,*,#24814,.T.);
#24951=STYLED_ITEM('',(#34),#24952);
#24952=ADVANCED_FACE('',(#24958),#24953,.T.);
#24953=PLANE('',#24954);
#24954=AXIS2_PLACEMENT_3D('',#24955,#24956,#24957);
#24955=CARTESIAN_POINT('',(-0.381,-0.381,0.0));
#24956=DIRECTION('',(0.0,0.0,1.0));
#24957=DIRECTION('',(0.,1.,0.));
#24958=FACE_OUTER_BOUND('',#24959,.T.);
#24959=EDGE_LOOP('',(#24960,#24970,#24980,#24990));
#24963=CARTESIAN_POINT('',(0.381,-0.381,0.0));
#24962=VERTEX_POINT('',#24963);
#24965=CARTESIAN_POINT('',(-0.381,-0.381,0.0));
#24964=VERTEX_POINT('',#24965);
#24961=EDGE_CURVE('',#24962,#24964,#24966,.T.);
#24966=LINE('',#24963,#24968);
#24968=VECTOR('',#24969,0.762);
#24969=DIRECTION('',(-1.0,0.0,0.0));
#24960=ORIENTED_EDGE('',*,*,#24961,.F.);
#24973=CARTESIAN_POINT('',(0.381,0.381,0.0));
#24972=VERTEX_POINT('',#24973);
#24971=EDGE_CURVE('',#24972,#24962,#24976,.T.);
#24976=LINE('',#24973,#24978);
#24978=VECTOR('',#24979,0.762);
#24979=DIRECTION('',(0.0,-1.0,0.0));
#24970=ORIENTED_EDGE('',*,*,#24971,.F.);
#24983=CARTESIAN_POINT('',(-0.381,0.381,0.0));
#24982=VERTEX_POINT('',#24983);
#24981=EDGE_CURVE('',#24982,#24972,#24986,.T.);
#24986=LINE('',#24983,#24988);
#24988=VECTOR('',#24989,0.762);
#24989=DIRECTION('',(1.0,0.0,0.0));
#24980=ORIENTED_EDGE('',*,*,#24981,.F.);
#24991=EDGE_CURVE('',#24964,#24982,#24996,.T.);
#24996=LINE('',#24965,#24998);
#24998=VECTOR('',#24999,0.762);
#24999=DIRECTION('',(0.0,1.0,0.0));
#24990=ORIENTED_EDGE('',*,*,#24991,.F.);
#25000=STYLED_ITEM('',(#34),#25001);
#25001=ADVANCED_FACE('',(#25007),#25002,.T.);
#25002=PLANE('',#25003);
#25003=AXIS2_PLACEMENT_3D('',#25004,#25005,#25006);
#25004=CARTESIAN_POINT('',(0.381,-0.381,-4.89));
#25005=DIRECTION('',(1.0,0.0,0.0));
#25006=DIRECTION('',(0.,0.,1.));
#25007=FACE_OUTER_BOUND('',#25008,.T.);
#25008=EDGE_LOOP('',(#25009,#25019,#25029,#25039));
#25012=CARTESIAN_POINT('',(0.381,0.381,-4.89));
#25011=VERTEX_POINT('',#25012);
#25014=CARTESIAN_POINT('',(0.381,-0.381,-4.89));
#25013=VERTEX_POINT('',#25014);
#25010=EDGE_CURVE('',#25011,#25013,#25015,.T.);
#25015=LINE('',#25012,#25017);
#25017=VECTOR('',#25018,0.762);
#25018=DIRECTION('',(0.0,-1.0,0.0));
#25009=ORIENTED_EDGE('',*,*,#25010,.F.);
#25020=EDGE_CURVE('',#24972,#25011,#25025,.T.);
#25025=LINE('',#24973,#25027);
#25027=VECTOR('',#25028,4.8895);
#25028=DIRECTION('',(0.0,0.0,-1.0));
#25019=ORIENTED_EDGE('',*,*,#25020,.F.);
#25029=ORIENTED_EDGE('',*,*,#24971,.T.);
#25040=EDGE_CURVE('',#25013,#24962,#25045,.T.);
#25045=LINE('',#25014,#25047);
#25047=VECTOR('',#25048,4.8895);
#25048=DIRECTION('',(0.0,0.0,1.0));
#25039=ORIENTED_EDGE('',*,*,#25040,.F.);
#25049=STYLED_ITEM('',(#34),#25050);
#25050=ADVANCED_FACE('',(#25056),#25051,.T.);
#25051=PLANE('',#25052);
#25052=AXIS2_PLACEMENT_3D('',#25053,#25054,#25055);
#25053=CARTESIAN_POINT('',(0.381,0.381,-4.89));
#25054=DIRECTION('',(0.0,1.0,0.0));
#25055=DIRECTION('',(0.,0.,1.));
#25056=FACE_OUTER_BOUND('',#25057,.T.);
#25057=EDGE_LOOP('',(#25058,#25068,#25078,#25088));
#25061=CARTESIAN_POINT('',(-0.381,0.381,-4.89));
#25060=VERTEX_POINT('',#25061);
#25059=EDGE_CURVE('',#25060,#25011,#25064,.T.);
#25064=LINE('',#25061,#25066);
#25066=VECTOR('',#25067,0.762);
#25067=DIRECTION('',(1.0,0.0,0.0));
#25058=ORIENTED_EDGE('',*,*,#25059,.F.);
#25069=EDGE_CURVE('',#24982,#25060,#25074,.T.);
#25074=LINE('',#24983,#25076);
#25076=VECTOR('',#25077,4.8895);
#25077=DIRECTION('',(0.0,0.0,-1.0));
#25068=ORIENTED_EDGE('',*,*,#25069,.F.);
#25078=ORIENTED_EDGE('',*,*,#24981,.T.);
#25088=ORIENTED_EDGE('',*,*,#25020,.T.);
#25098=STYLED_ITEM('',(#34),#25099);
#25099=ADVANCED_FACE('',(#25105),#25100,.T.);
#25100=PLANE('',#25101);
#25101=AXIS2_PLACEMENT_3D('',#25102,#25103,#25104);
#25102=CARTESIAN_POINT('',(-0.381,0.381,-4.89));
#25103=DIRECTION('',(-1.0,0.0,0.0));
#25104=DIRECTION('',(0.,0.,1.));
#25105=FACE_OUTER_BOUND('',#25106,.T.);
#25106=EDGE_LOOP('',(#25107,#25117,#25127,#25137));
#25110=CARTESIAN_POINT('',(-0.381,-0.381,-4.89));
#25109=VERTEX_POINT('',#25110);
#25108=EDGE_CURVE('',#25109,#25060,#25113,.T.);
#25113=LINE('',#25110,#25115);
#25115=VECTOR('',#25116,0.762);
#25116=DIRECTION('',(0.0,1.0,0.0));
#25107=ORIENTED_EDGE('',*,*,#25108,.F.);
#25118=EDGE_CURVE('',#24964,#25109,#25123,.T.);
#25123=LINE('',#24965,#25125);
#25125=VECTOR('',#25126,4.8895);
#25126=DIRECTION('',(0.0,0.0,-1.0));
#25117=ORIENTED_EDGE('',*,*,#25118,.F.);
#25127=ORIENTED_EDGE('',*,*,#24991,.T.);
#25137=ORIENTED_EDGE('',*,*,#25069,.T.);
#25147=STYLED_ITEM('',(#34),#25148);
#25148=ADVANCED_FACE('',(#25154),#25149,.T.);
#25149=PLANE('',#25150);
#25150=AXIS2_PLACEMENT_3D('',#25151,#25152,#25153);
#25151=CARTESIAN_POINT('',(-0.381,-0.381,-4.89));
#25152=DIRECTION('',(0.0,-1.0,0.0));
#25153=DIRECTION('',(0.,0.,1.));
#25154=FACE_OUTER_BOUND('',#25155,.T.);
#25155=EDGE_LOOP('',(#25156,#25166,#25176,#25186));
#25157=EDGE_CURVE('',#25013,#25109,#25162,.T.);
#25162=LINE('',#25014,#25164);
#25164=VECTOR('',#25165,0.762);
#25165=DIRECTION('',(-1.0,0.0,0.0));
#25156=ORIENTED_EDGE('',*,*,#25157,.F.);
#25166=ORIENTED_EDGE('',*,*,#25040,.T.);
#25176=ORIENTED_EDGE('',*,*,#24961,.T.);
#25186=ORIENTED_EDGE('',*,*,#25118,.T.);
#25196=STYLED_ITEM('',(#34),#25197);
#25197=ADVANCED_FACE('',(#25203),#25198,.T.);
#25198=PLANE('',#25199);
#25199=AXIS2_PLACEMENT_3D('',#25200,#25201,#25202);
#25200=CARTESIAN_POINT('',(0.19,-0.19,-5.08));
#25201=DIRECTION('',(0.707,0.0,-0.707));
#25202=DIRECTION('',(0.,0.,1.));
#25203=FACE_OUTER_BOUND('',#25204,.T.);
#25204=EDGE_LOOP('',(#25205,#25215,#25225,#25235));
#25208=CARTESIAN_POINT('',(0.19,0.19,-5.08));
#25207=VERTEX_POINT('',#25208);
#25210=CARTESIAN_POINT('',(0.19,-0.19,-5.08));
#25209=VERTEX_POINT('',#25210);
#25206=EDGE_CURVE('',#25207,#25209,#25211,.T.);
#25211=LINE('',#25208,#25213);
#25213=VECTOR('',#25214,0.381);
#25214=DIRECTION('',(0.0,-1.0,0.0));
#25205=ORIENTED_EDGE('',*,*,#25206,.F.);
#25216=EDGE_CURVE('',#25011,#25207,#25221,.T.);
#25221=LINE('',#25012,#25223);
#25223=VECTOR('',#25224,0.329955678841871);
#25224=DIRECTION('',(-0.577,-0.577,-0.577));
#25215=ORIENTED_EDGE('',*,*,#25216,.F.);
#25225=ORIENTED_EDGE('',*,*,#25010,.T.);
#25236=EDGE_CURVE('',#25209,#25013,#25241,.T.);
#25241=LINE('',#25210,#25243);
#25243=VECTOR('',#25244,0.329955678841871);
#25244=DIRECTION('',(0.577,-0.577,0.577));
#25235=ORIENTED_EDGE('',*,*,#25236,.F.);
#25245=STYLED_ITEM('',(#34),#25246);
#25246=ADVANCED_FACE('',(#25252),#25247,.T.);
#25247=PLANE('',#25248);
#25248=AXIS2_PLACEMENT_3D('',#25249,#25250,#25251);
#25249=CARTESIAN_POINT('',(0.19,0.19,-5.08));
#25250=DIRECTION('',(0.0,0.707,-0.707));
#25251=DIRECTION('',(0.,0.,1.));
#25252=FACE_OUTER_BOUND('',#25253,.T.);
#25253=EDGE_LOOP('',(#25254,#25264,#25274,#25284));
#25257=CARTESIAN_POINT('',(-0.19,0.19,-5.08));
#25256=VERTEX_POINT('',#25257);
#25255=EDGE_CURVE('',#25256,#25207,#25260,.T.);
#25260=LINE('',#25257,#25262);
#25262=VECTOR('',#25263,0.381);
#25263=DIRECTION('',(1.0,0.0,0.0));
#25254=ORIENTED_EDGE('',*,*,#25255,.F.);
#25265=EDGE_CURVE('',#25060,#25256,#25270,.T.);
#25270=LINE('',#25061,#25272);
#25272=VECTOR('',#25273,0.329955678841871);
#25273=DIRECTION('',(0.577,-0.577,-0.577));
#25264=ORIENTED_EDGE('',*,*,#25265,.F.);
#25274=ORIENTED_EDGE('',*,*,#25059,.T.);
#25284=ORIENTED_EDGE('',*,*,#25216,.T.);
#25294=STYLED_ITEM('',(#34),#25295);
#25295=ADVANCED_FACE('',(#25301),#25296,.T.);
#25296=PLANE('',#25297);
#25297=AXIS2_PLACEMENT_3D('',#25298,#25299,#25300);
#25298=CARTESIAN_POINT('',(-0.19,0.19,-5.08));
#25299=DIRECTION('',(-0.707,0.0,-0.707));
#25300=DIRECTION('',(0.,0.,1.));
#25301=FACE_OUTER_BOUND('',#25302,.T.);
#25302=EDGE_LOOP('',(#25303,#25313,#25323,#25333));
#25306=CARTESIAN_POINT('',(-0.19,-0.19,-5.08));
#25305=VERTEX_POINT('',#25306);
#25304=EDGE_CURVE('',#25305,#25256,#25309,.T.);
#25309=LINE('',#25306,#25311);
#25311=VECTOR('',#25312,0.381);
#25312=DIRECTION('',(0.0,1.0,0.0));
#25303=ORIENTED_EDGE('',*,*,#25304,.F.);
#25314=EDGE_CURVE('',#25109,#25305,#25319,.T.);
#25319=LINE('',#25110,#25321);
#25321=VECTOR('',#25322,0.329955678841871);
#25322=DIRECTION('',(0.577,0.577,-0.577));
#25313=ORIENTED_EDGE('',*,*,#25314,.F.);
#25323=ORIENTED_EDGE('',*,*,#25108,.T.);
#25333=ORIENTED_EDGE('',*,*,#25265,.T.);
#25343=STYLED_ITEM('',(#34),#25344);
#25344=ADVANCED_FACE('',(#25350),#25345,.T.);
#25345=PLANE('',#25346);
#25346=AXIS2_PLACEMENT_3D('',#25347,#25348,#25349);
#25347=CARTESIAN_POINT('',(-0.19,-0.19,-5.08));
#25348=DIRECTION('',(0.0,-0.707,-0.707));
#25349=DIRECTION('',(0.,0.,1.));
#25350=FACE_OUTER_BOUND('',#25351,.T.);
#25351=EDGE_LOOP('',(#25352,#25362,#25372,#25382));
#25353=EDGE_CURVE('',#25209,#25305,#25358,.T.);
#25358=LINE('',#25210,#25360);
#25360=VECTOR('',#25361,0.381);
#25361=DIRECTION('',(-1.0,0.0,0.0));
#25352=ORIENTED_EDGE('',*,*,#25353,.F.);
#25362=ORIENTED_EDGE('',*,*,#25236,.T.);
#25372=ORIENTED_EDGE('',*,*,#25157,.T.);
#25382=ORIENTED_EDGE('',*,*,#25314,.T.);
#25392=STYLED_ITEM('',(#34),#25393);
#25393=ADVANCED_FACE('',(#25399),#25394,.T.);
#25394=PLANE('',#25395);
#25395=AXIS2_PLACEMENT_3D('',#25396,#25397,#25398);
#25396=CARTESIAN_POINT('',(-0.19,0.19,-5.08));
#25397=DIRECTION('',(0.0,0.0,-1.0));
#25398=DIRECTION('',(0.,1.,0.));
#25399=FACE_OUTER_BOUND('',#25400,.T.);
#25400=EDGE_LOOP('',(#25401,#25411,#25421,#25431));
#25401=ORIENTED_EDGE('',*,*,#25255,.T.);
#25411=ORIENTED_EDGE('',*,*,#25206,.T.);
#25421=ORIENTED_EDGE('',*,*,#25353,.T.);
#25431=ORIENTED_EDGE('',*,*,#25304,.T.);
ENDSEC;
END-ISO-10303-21;
