ISO-10303-21;
HEADER;
/* Generated by software containing ST-Developer
 * from STEP Tools, Inc. (www.steptools.com) 
 */
/* OPTION: strings as raw bytes, not using required /X/ escapes */

FILE_DESCRIPTION(
/* description */ ('Unknown'),
/* implementation_level */ '2;1');

FILE_NAME(
/* name */ 'BWSMA-KWE-Z001',
/* time_stamp */ '2024-04-19T07:21:41+02:00',
/* author */ ('Unknown'),
/* organization */ ('Unknown'),
/* preprocessor_version */ 'ST-DEVELOPER v18.102',
/* originating_system */ 'Solid Edge',
/* authorisation */ 'Unknown');

FILE_SCHEMA (('AUTOMOTIVE_DESIGN {1 0 10303 214 3 1 1}'));
ENDSEC;

DATA;
#10=PROPERTY_DEFINITION_REPRESENTATION(#14,#12);
#11=PROPERTY_DEFINITION_REPRESENTATION(#15,#13);
#12=REPRESENTATION('',(#16),#3552);
#13=REPRESENTATION('',(#17),#3552);
#14=PROPERTY_DEFINITION('pmi validation property','',#3557);
#15=PROPERTY_DEFINITION('pmi validation property','',#3557);
#16=VALUE_REPRESENTATION_ITEM('number of annotations',COUNT_MEASURE(0.));
#17=VALUE_REPRESENTATION_ITEM('number of views',COUNT_MEASURE(0.));
#18=SHAPE_REPRESENTATION_RELATIONSHIP('','',#1067,#19);
#19=ADVANCED_BREP_SHAPE_REPRESENTATION('',(#1065),#3552);
#20=B_SPLINE_SURFACE_WITH_KNOTS('',3,3,((#3299,#3300,#3301,#3302,#3303,
#3304,#3305,#3306,#3307,#3308,#3309),(#3310,#3311,#3312,#3313,#3314,#3315,
#3316,#3317,#3318,#3319,#3320),(#3321,#3322,#3323,#3324,#3325,#3326,#3327,
#3328,#3329,#3330,#3331),(#3332,#3333,#3334,#3335,#3336,#3337,#3338,#3339,
#3340,#3341,#3342),(#3343,#3344,#3345,#3346,#3347,#3348,#3349,#3350,#3351,
#3352,#3353)),.UNSPECIFIED.,.F.,.T.,.F.,(4,1,4),(1,1,1,1,1,1,1,1,1,1,1,
1,1,1,1),(0.215705503987038,0.27708443454617,0.338463365105303),(-2.35619449019234,
-1.5707963267949,-0.785398163397448,0.,0.785398163397448,1.5707963267949,
2.35619449019234,3.14159265358979,3.92699081698724,4.71238898038469,5.49778714378214,
6.28318530717959,7.06858347057703,7.85398163397448,8.63937979737193),
 .UNSPECIFIED.);
#21=B_SPLINE_SURFACE_WITH_KNOTS('',3,3,((#3357,#3358,#3359,#3360,#3361,
#3362,#3363,#3364,#3365,#3366,#3367),(#3368,#3369,#3370,#3371,#3372,#3373,
#3374,#3375,#3376,#3377,#3378),(#3379,#3380,#3381,#3382,#3383,#3384,#3385,
#3386,#3387,#3388,#3389),(#3390,#3391,#3392,#3393,#3394,#3395,#3396,#3397,
#3398,#3399,#3400),(#3401,#3402,#3403,#3404,#3405,#3406,#3407,#3408,#3409,
#3410,#3411)),.UNSPECIFIED.,.F.,.T.,.F.,(4,1,4),(1,1,1,1,1,1,1,1,1,1,1,
1,1,1,1),(0.233546220969968,0.286915868448421,0.340285515926874),(-2.35619449019234,
-1.5707963267949,-0.785398163397448,0.,0.785398163397448,1.5707963267949,
2.35619449019234,3.14159265358979,3.92699081698724,4.71238898038469,5.49778714378214,
6.28318530717959,7.06858347057703,7.85398163397448,8.63937979737193),
 .UNSPECIFIED.);
#22=(
BOUNDED_SURFACE()
B_SPLINE_SURFACE(1,2,((#2431,#2432,#2433,#2434,#2435,#2436,#2437,#2438,
#2439,#2440,#2441,#2442,#2443,#2444,#2445,#2446,#2447,#2448,#2449,#2450,
#2451,#2452,#2453,#2454,#2455,#2456,#2457,#2458,#2459,#2460,#2461,#2462,
#2463,#2464,#2465,#2466,#2467,#2468,#2469,#2470,#2471,#2472,#2473,#2474,
#2475,#2476,#2477,#2478,#2479,#2480,#2481,#2482,#2483,#2484,#2485,#2486,
#2487,#2488,#2489,#2490,#2491,#2492,#2493,#2494,#2495,#2496,#2497,#2498,
#2499,#2500,#2501,#2502,#2503,#2504,#2505,#2506,#2507,#2508,#2509,#2510,
#2511,#2512,#2513,#2514,#2515,#2516,#2517,#2518,#2519,#2520,#2521,#2522,
#2523,#2524,#2525,#2526,#2527,#2528,#2529,#2530,#2531,#2532,#2533,#2534,
#2535,#2536,#2537,#2538,#2539,#2540,#2541,#2542,#2543,#2544,#2545,#2546,
#2547,#2548,#2549,#2550,#2551,#2552,#2553,#2554,#2555,#2556,#2557,#2558,
#2559,#2560,#2561,#2562,#2563,#2564,#2565,#2566,#2567,#2568,#2569,#2570,
#2571,#2572,#2573,#2574,#2575,#2576,#2577,#2578,#2579,#2580,#2581,#2582,
#2583,#2584,#2585,#2586,#2587,#2588,#2589,#2590,#2591,#2592,#2593,#2594,
#2595,#2596,#2597,#2598,#2599,#2600,#2601,#2602,#2603,#2604,#2605,#2606,
#2607,#2608,#2609,#2610,#2611,#2612,#2613,#2614,#2615,#2616,#2617,#2618,
#2619,#2620,#2621,#2622,#2623,#2624,#2625,#2626,#2627,#2628,#2629,#2630,
#2631,#2632,#2633,#2634,#2635,#2636,#2637,#2638,#2639,#2640,#2641,#2642,
#2643,#2644,#2645,#2646,#2647),(#2648,#2649,#2650,#2651,#2652,#2653,#2654,
#2655,#2656,#2657,#2658,#2659,#2660,#2661,#2662,#2663,#2664,#2665,#2666,
#2667,#2668,#2669,#2670,#2671,#2672,#2673,#2674,#2675,#2676,#2677,#2678,
#2679,#2680,#2681,#2682,#2683,#2684,#2685,#2686,#2687,#2688,#2689,#2690,
#2691,#2692,#2693,#2694,#2695,#2696,#2697,#2698,#2699,#2700,#2701,#2702,
#2703,#2704,#2705,#2706,#2707,#2708,#2709,#2710,#2711,#2712,#2713,#2714,
#2715,#2716,#2717,#2718,#2719,#2720,#2721,#2722,#2723,#2724,#2725,#2726,
#2727,#2728,#2729,#2730,#2731,#2732,#2733,#2734,#2735,#2736,#2737,#2738,
#2739,#2740,#2741,#2742,#2743,#2744,#2745,#2746,#2747,#2748,#2749,#2750,
#2751,#2752,#2753,#2754,#2755,#2756,#2757,#2758,#2759,#2760,#2761,#2762,
#2763,#2764,#2765,#2766,#2767,#2768,#2769,#2770,#2771,#2772,#2773,#2774,
#2775,#2776,#2777,#2778,#2779,#2780,#2781,#2782,#2783,#2784,#2785,#2786,
#2787,#2788,#2789,#2790,#2791,#2792,#2793,#2794,#2795,#2796,#2797,#2798,
#2799,#2800,#2801,#2802,#2803,#2804,#2805,#2806,#2807,#2808,#2809,#2810,
#2811,#2812,#2813,#2814,#2815,#2816,#2817,#2818,#2819,#2820,#2821,#2822,
#2823,#2824,#2825,#2826,#2827,#2828,#2829,#2830,#2831,#2832,#2833,#2834,
#2835,#2836,#2837,#2838,#2839,#2840,#2841,#2842,#2843,#2844,#2845,#2846,
#2847,#2848,#2849,#2850,#2851,#2852,#2853,#2854,#2855,#2856,#2857,#2858,
#2859,#2860,#2861,#2862,#2863,#2864)),.UNSPECIFIED.,.F.,.F.,.F.)
B_SPLINE_SURFACE_WITH_KNOTS((2,2),(3,2,2,2,2,2,2,2,2,2,2,2,2,2,2,2,2,2,
2,2,2,2,2,2,2,2,2,2,2,2,2,2,2,2,2,2,2,2,2,2,2,2,2,2,2,2,2,2,2,2,2,2,2,2,
2,2,2,2,2,2,2,2,2,2,2,2,2,2,2,2,2,2,2,2,2,2,2,2,2,2,2,2,2,2,2,2,2,2,2,2,
2,2,2,2,2,2,2,2,2,2,2,2,2,2,2,2,2,2,3),(0.,1.),(0.0625935819480625,0.0666666666666667,
0.075,0.0833333333333333,0.0916666666666667,0.1,0.108333333333333,0.116666666666667,
0.125,0.133333333333333,0.141666666666667,0.15,0.158333333333333,0.166666666666667,
0.175,0.183333333333333,0.191666666666667,0.2,0.208333333333333,0.216666666666667,
0.225,0.233333333333333,0.241666666666667,0.25,0.258333333333333,0.266666666666667,
0.275,0.283333333333333,0.291666666666667,0.3,0.308333333333333,0.316666666666667,
0.325,0.333333333333333,0.341666666666667,0.35,0.358333333333333,0.366666666666667,
0.375,0.383333333333333,0.391666666666667,0.4,0.408333333333333,0.416666666666667,
0.425,0.433333333333333,0.441666666666667,0.45,0.458333333333333,0.466666666666667,
0.475,0.483333333333333,0.491666666666667,0.5,0.508333333333333,0.516666666666667,
0.525,0.533333333333333,0.541666666666667,0.55,0.558333333333333,0.566666666666667,
0.575,0.583333333333333,0.591666666666667,0.6,0.608333333333333,0.616666666666667,
0.625,0.633333333333333,0.641666666666667,0.65,0.658333333333333,0.666666666666667,
0.675,0.683333333333333,0.691666666666667,0.7,0.708333333333333,0.716666666666667,
0.725,0.733333333333333,0.741666666666667,0.75,0.758333333333333,0.766666666666667,
0.775,0.783333333333333,0.791666666666667,0.8,0.808333333333333,0.816666666666667,
0.825,0.833333333333333,0.841666666666667,0.85,0.858333333333333,0.866666666666667,
0.875,0.883333333333333,0.891666666666667,0.9,0.908333333333333,0.916666666666667,
0.925,0.933333333333333,0.941666666666667,0.95,0.955762347151321),
 .PIECEWISE_BEZIER_KNOTS.)
GEOMETRIC_REPRESENTATION_ITEM()
RATIONAL_B_SPLINE_SURFACE(((0.982971507275822,0.983345560451073,1.,0.965925826289068,
1.,0.965925826289068,1.,0.965925826289068,1.,0.965925826289068,1.,0.965925826289068,
1.,0.965925826289068,1.,0.965925826289068,1.,0.965925826289068,1.,0.965925826289068,
1.,0.965925826289068,1.,0.965925826289068,1.,0.965925826289068,1.,0.965925826289068,
1.,0.965925826289068,1.,0.965925826289068,1.,0.965925826289068,1.,0.965925826289068,
1.,0.965925826289068,1.,0.965925826289068,1.,0.965925826289068,1.,0.965925826289068,
1.,0.965925826289068,1.,0.965925826289068,1.,0.965925826289068,1.,0.965925826289068,
1.,0.965925826289068,1.,0.965925826289068,1.,0.965925826289068,1.,0.965925826289068,
1.,0.965925826289068,1.,0.965925826289068,1.,0.965925826289068,1.,0.965925826289068,
1.,0.965925826289068,1.,0.965925826289068,1.,0.965925826289068,1.,0.965925826289068,
1.,0.965925826289068,1.,0.965925826289068,1.,0.965925826289068,1.,0.965925826289068,
1.,0.965925826289068,1.,0.965925826289068,1.,0.965925826289068,1.,0.965925826289068,
1.,0.965925826289068,1.,0.965925826289068,1.,0.965925826289068,1.,0.965925826289068,
1.,0.965925826289068,1.,0.965925826289068,1.,0.965925826289068,1.,0.965925826289068,
1.,0.965925826289068,1.,0.965925826289068,1.,0.965925826289068,1.,0.965925826289068,
1.,0.965925826289068,1.,0.965925826289068,1.,0.965925826289068,1.,0.965925826289068,
1.,0.965925826289068,1.,0.965925826289068,1.,0.965925826289068,1.,0.965925826289068,
1.,0.965925826289068,1.,0.965925826289068,1.,0.965925826289068,1.,0.965925826289068,
1.,0.965925826289068,1.,0.965925826289068,1.,0.965925826289068,1.,0.965925826289068,
1.,0.965925826289068,1.,0.965925826289068,1.,0.965925826289068,1.,0.965925826289068,
1.,0.965925826289068,1.,0.965925826289068,1.,0.965925826289068,1.,0.965925826289068,
1.,0.965925826289068,1.,0.965925826289068,1.,0.965925826289068,1.,0.965925826289068,
1.,0.965925826289068,1.,0.965925826289068,1.,0.965925826289068,1.,0.965925826289068,
1.,0.965925826289068,1.,0.965925826289068,1.,0.965925826289068,1.,0.965925826289068,
1.,0.965925826289068,1.,0.965925826289068,1.,0.965925826289068,1.,0.965925826289068,
1.,0.965925826289068,1.,0.965925826289068,1.,0.965925826289068,1.,0.965925826289068,
1.,0.965925826289068,1.,0.965925826289068,1.,0.965925826289068,1.,0.965925826289068,
1.,0.965925826289068,1.,0.976438333861983,0.985461587664154),(0.982971507275822,
0.983345560451073,1.,0.965925826289068,1.,0.965925826289068,1.,0.965925826289068,
1.,0.965925826289068,1.,0.965925826289068,1.,0.965925826289068,1.,0.965925826289068,
1.,0.965925826289068,1.,0.965925826289068,1.,0.965925826289068,1.,0.965925826289068,
1.,0.965925826289068,1.,0.965925826289068,1.,0.965925826289068,1.,0.965925826289068,
1.,0.965925826289068,1.,0.965925826289068,1.,0.965925826289068,1.,0.965925826289068,
1.,0.965925826289068,1.,0.965925826289068,1.,0.965925826289068,1.,0.965925826289068,
1.,0.965925826289068,1.,0.965925826289068,1.,0.965925826289068,1.,0.965925826289068,
1.,0.965925826289068,1.,0.965925826289068,1.,0.965925826289068,1.,0.965925826289068,
1.,0.965925826289068,1.,0.965925826289068,1.,0.965925826289068,1.,0.965925826289068,
1.,0.965925826289068,1.,0.965925826289068,1.,0.965925826289068,1.,0.965925826289068,
1.,0.965925826289068,1.,0.965925826289068,1.,0.965925826289068,1.,0.965925826289068,
1.,0.965925826289068,1.,0.965925826289068,1.,0.965925826289068,1.,0.965925826289068,
1.,0.965925826289068,1.,0.965925826289068,1.,0.965925826289068,1.,0.965925826289068,
1.,0.965925826289068,1.,0.965925826289068,1.,0.965925826289068,1.,0.965925826289068,
1.,0.965925826289068,1.,0.965925826289068,1.,0.965925826289068,1.,0.965925826289068,
1.,0.965925826289068,1.,0.965925826289068,1.,0.965925826289068,1.,0.965925826289068,
1.,0.965925826289068,1.,0.965925826289068,1.,0.965925826289068,1.,0.965925826289068,
1.,0.965925826289068,1.,0.965925826289068,1.,0.965925826289068,1.,0.965925826289068,
1.,0.965925826289068,1.,0.965925826289068,1.,0.965925826289068,1.,0.965925826289068,
1.,0.965925826289068,1.,0.965925826289068,1.,0.965925826289068,1.,0.965925826289068,
1.,0.965925826289068,1.,0.965925826289068,1.,0.965925826289068,1.,0.965925826289068,
1.,0.965925826289068,1.,0.965925826289068,1.,0.965925826289068,1.,0.965925826289068,
1.,0.965925826289068,1.,0.965925826289068,1.,0.965925826289068,1.,0.965925826289068,
1.,0.965925826289068,1.,0.965925826289068,1.,0.965925826289068,1.,0.965925826289068,
1.,0.965925826289068,1.,0.965925826289068,1.,0.965925826289068,1.,0.965925826289068,
1.,0.965925826289068,1.,0.965925826289068,1.,0.965925826289068,1.,0.965925826289068,
1.,0.965925826289068,1.,0.965925826289068,1.,0.965925826289068,1.,0.976438333861983,
0.985461587664154)))
REPRESENTATION_ITEM('')
SURFACE()
);
#23=(
BOUNDED_SURFACE()
B_SPLINE_SURFACE(1,2,((#2865,#2866,#2867,#2868,#2869,#2870,#2871,#2872,
#2873,#2874,#2875,#2876,#2877,#2878,#2879,#2880,#2881,#2882,#2883,#2884,
#2885,#2886,#2887,#2888,#2889,#2890,#2891,#2892,#2893,#2894,#2895,#2896,
#2897,#2898,#2899,#2900,#2901,#2902,#2903,#2904,#2905,#2906,#2907,#2908,
#2909,#2910,#2911,#2912,#2913,#2914,#2915,#2916,#2917,#2918,#2919,#2920,
#2921,#2922,#2923,#2924,#2925,#2926,#2927,#2928,#2929,#2930,#2931,#2932,
#2933,#2934,#2935,#2936,#2937,#2938,#2939,#2940,#2941,#2942,#2943,#2944,
#2945,#2946,#2947,#2948,#2949,#2950,#2951,#2952,#2953,#2954,#2955,#2956,
#2957,#2958,#2959,#2960,#2961,#2962,#2963,#2964,#2965,#2966,#2967,#2968,
#2969,#2970,#2971,#2972,#2973,#2974,#2975,#2976,#2977,#2978,#2979,#2980,
#2981,#2982,#2983,#2984,#2985,#2986,#2987,#2988,#2989,#2990,#2991,#2992,
#2993,#2994,#2995,#2996,#2997,#2998,#2999,#3000,#3001,#3002,#3003,#3004,
#3005,#3006,#3007,#3008,#3009,#3010,#3011,#3012,#3013,#3014,#3015,#3016,
#3017,#3018,#3019,#3020,#3021,#3022,#3023,#3024,#3025,#3026,#3027,#3028,
#3029,#3030,#3031,#3032,#3033,#3034,#3035,#3036,#3037,#3038,#3039,#3040,
#3041,#3042,#3043,#3044,#3045,#3046,#3047,#3048,#3049,#3050,#3051,#3052,
#3053,#3054,#3055,#3056,#3057,#3058,#3059,#3060,#3061,#3062,#3063,#3064,
#3065,#3066,#3067,#3068,#3069,#3070,#3071,#3072,#3073,#3074,#3075,#3076,
#3077,#3078,#3079,#3080,#3081),(#3082,#3083,#3084,#3085,#3086,#3087,#3088,
#3089,#3090,#3091,#3092,#3093,#3094,#3095,#3096,#3097,#3098,#3099,#3100,
#3101,#3102,#3103,#3104,#3105,#3106,#3107,#3108,#3109,#3110,#3111,#3112,
#3113,#3114,#3115,#3116,#3117,#3118,#3119,#3120,#3121,#3122,#3123,#3124,
#3125,#3126,#3127,#3128,#3129,#3130,#3131,#3132,#3133,#3134,#3135,#3136,
#3137,#3138,#3139,#3140,#3141,#3142,#3143,#3144,#3145,#3146,#3147,#3148,
#3149,#3150,#3151,#3152,#3153,#3154,#3155,#3156,#3157,#3158,#3159,#3160,
#3161,#3162,#3163,#3164,#3165,#3166,#3167,#3168,#3169,#3170,#3171,#3172,
#3173,#3174,#3175,#3176,#3177,#3178,#3179,#3180,#3181,#3182,#3183,#3184,
#3185,#3186,#3187,#3188,#3189,#3190,#3191,#3192,#3193,#3194,#3195,#3196,
#3197,#3198,#3199,#3200,#3201,#3202,#3203,#3204,#3205,#3206,#3207,#3208,
#3209,#3210,#3211,#3212,#3213,#3214,#3215,#3216,#3217,#3218,#3219,#3220,
#3221,#3222,#3223,#3224,#3225,#3226,#3227,#3228,#3229,#3230,#3231,#3232,
#3233,#3234,#3235,#3236,#3237,#3238,#3239,#3240,#3241,#3242,#3243,#3244,
#3245,#3246,#3247,#3248,#3249,#3250,#3251,#3252,#3253,#3254,#3255,#3256,
#3257,#3258,#3259,#3260,#3261,#3262,#3263,#3264,#3265,#3266,#3267,#3268,
#3269,#3270,#3271,#3272,#3273,#3274,#3275,#3276,#3277,#3278,#3279,#3280,
#3281,#3282,#3283,#3284,#3285,#3286,#3287,#3288,#3289,#3290,#3291,#3292,
#3293,#3294,#3295,#3296,#3297,#3298)),.UNSPECIFIED.,.F.,.F.,.F.)
B_SPLINE_SURFACE_WITH_KNOTS((2,2),(3,2,2,2,2,2,2,2,2,2,2,2,2,2,2,2,2,2,
2,2,2,2,2,2,2,2,2,2,2,2,2,2,2,2,2,2,2,2,2,2,2,2,2,2,2,2,2,2,2,2,2,2,2,2,
2,2,2,2,2,2,2,2,2,2,2,2,2,2,2,2,2,2,2,2,2,2,2,2,2,2,2,2,2,2,2,2,2,2,2,2,
2,2,2,2,2,2,2,2,2,2,2,2,2,2,2,2,2,2,3),(0.,1.),(0.0385402921341944,0.0416666666666667,
0.05,0.0583333333333333,0.0666666666666667,0.075,0.0833333333333333,0.0916666666666667,
0.1,0.108333333333333,0.116666666666667,0.125,0.133333333333333,0.141666666666667,
0.15,0.158333333333333,0.166666666666667,0.175,0.183333333333333,0.191666666666667,
0.2,0.208333333333333,0.216666666666667,0.225,0.233333333333333,0.241666666666667,
0.25,0.258333333333333,0.266666666666667,0.275,0.283333333333333,0.291666666666667,
0.3,0.308333333333333,0.316666666666667,0.325,0.333333333333333,0.341666666666667,
0.35,0.358333333333333,0.366666666666667,0.375,0.383333333333333,0.391666666666667,
0.4,0.408333333333333,0.416666666666667,0.425,0.433333333333333,0.441666666666667,
0.45,0.458333333333333,0.466666666666667,0.475,0.483333333333333,0.491666666666667,
0.5,0.508333333333333,0.516666666666667,0.525,0.533333333333333,0.541666666666667,
0.55,0.558333333333333,0.566666666666667,0.575,0.583333333333333,0.591666666666667,
0.6,0.608333333333333,0.616666666666667,0.625,0.633333333333333,0.641666666666667,
0.65,0.658333333333333,0.666666666666667,0.675,0.683333333333333,0.691666666666667,
0.7,0.708333333333333,0.716666666666667,0.725,0.733333333333333,0.741666666666667,
0.75,0.758333333333333,0.766666666666667,0.775,0.783333333333333,0.791666666666667,
0.8,0.808333333333333,0.816666666666667,0.825,0.833333333333333,0.841666666666667,
0.85,0.858333333333333,0.866666666666667,0.875,0.883333333333333,0.891666666666667,
0.9,0.908333333333333,0.916666666666667,0.925,0.931721341290135),
 .PIECEWISE_BEZIER_KNOTS.)
GEOMETRIC_REPRESENTATION_ITEM()
RATIONAL_B_SPLINE_SURFACE(((0.984024922763584,0.987216564531413,1.,0.965925826289068,
1.,0.965925826289068,1.,0.965925826289068,1.,0.965925826289068,1.,0.965925826289068,
1.,0.965925826289068,1.,0.965925826289068,1.,0.965925826289068,1.,0.965925826289068,
1.,0.965925826289068,1.,0.965925826289068,1.,0.965925826289068,1.,0.965925826289068,
1.,0.965925826289068,1.,0.965925826289068,1.,0.965925826289068,1.,0.965925826289068,
1.,0.965925826289068,1.,0.965925826289068,1.,0.965925826289068,1.,0.965925826289068,
1.,0.965925826289068,1.,0.965925826289068,1.,0.965925826289068,1.,0.965925826289068,
1.,0.965925826289068,1.,0.965925826289068,1.,0.965925826289068,1.,0.965925826289068,
1.,0.965925826289068,1.,0.965925826289068,1.,0.965925826289068,1.,0.965925826289068,
1.,0.965925826289068,1.,0.965925826289068,1.,0.965925826289068,1.,0.965925826289068,
1.,0.965925826289068,1.,0.965925826289068,1.,0.965925826289068,1.,0.965925826289068,
1.,0.965925826289068,1.,0.965925826289068,1.,0.965925826289068,1.,0.965925826289068,
1.,0.965925826289068,1.,0.965925826289068,1.,0.965925826289068,1.,0.965925826289068,
1.,0.965925826289068,1.,0.965925826289068,1.,0.965925826289068,1.,0.965925826289068,
1.,0.965925826289068,1.,0.965925826289068,1.,0.965925826289068,1.,0.965925826289068,
1.,0.965925826289068,1.,0.965925826289068,1.,0.965925826289068,1.,0.965925826289068,
1.,0.965925826289068,1.,0.965925826289068,1.,0.965925826289068,1.,0.965925826289068,
1.,0.965925826289068,1.,0.965925826289068,1.,0.965925826289068,1.,0.965925826289068,
1.,0.965925826289068,1.,0.965925826289068,1.,0.965925826289068,1.,0.965925826289068,
1.,0.965925826289068,1.,0.965925826289068,1.,0.965925826289068,1.,0.965925826289068,
1.,0.965925826289068,1.,0.965925826289068,1.,0.965925826289068,1.,0.965925826289068,
1.,0.965925826289068,1.,0.965925826289068,1.,0.965925826289068,1.,0.965925826289068,
1.,0.965925826289068,1.,0.965925826289068,1.,0.965925826289068,1.,0.965925826289068,
1.,0.965925826289068,1.,0.965925826289068,1.,0.965925826289068,1.,0.965925826289068,
1.,0.965925826289068,1.,0.965925826289068,1.,0.965925826289068,1.,0.965925826289068,
1.,0.965925826289068,1.,0.965925826289068,1.,0.965925826289068,1.,0.965925826289068,
1.,0.965925826289068,1.,0.965925826289068,1.,0.965925826289068,1.,0.965925826289068,
1.,0.965925826289068,1.,0.972517101917136,0.989367468871937),(0.984024922763584,
0.987216564531413,1.,0.965925826289068,1.,0.965925826289068,1.,0.965925826289068,
1.,0.965925826289068,1.,0.965925826289068,1.,0.965925826289068,1.,0.965925826289068,
1.,0.965925826289068,1.,0.965925826289068,1.,0.965925826289068,1.,0.965925826289068,
1.,0.965925826289068,1.,0.965925826289068,1.,0.965925826289068,1.,0.965925826289068,
1.,0.965925826289068,1.,0.965925826289068,1.,0.965925826289068,1.,0.965925826289068,
1.,0.965925826289068,1.,0.965925826289068,1.,0.965925826289068,1.,0.965925826289068,
1.,0.965925826289068,1.,0.965925826289068,1.,0.965925826289068,1.,0.965925826289068,
1.,0.965925826289068,1.,0.965925826289068,1.,0.965925826289068,1.,0.965925826289068,
1.,0.965925826289068,1.,0.965925826289068,1.,0.965925826289068,1.,0.965925826289068,
1.,0.965925826289068,1.,0.965925826289068,1.,0.965925826289068,1.,0.965925826289068,
1.,0.965925826289068,1.,0.965925826289068,1.,0.965925826289068,1.,0.965925826289068,
1.,0.965925826289068,1.,0.965925826289068,1.,0.965925826289068,1.,0.965925826289068,
1.,0.965925826289068,1.,0.965925826289068,1.,0.965925826289068,1.,0.965925826289068,
1.,0.965925826289068,1.,0.965925826289068,1.,0.965925826289068,1.,0.965925826289068,
1.,0.965925826289068,1.,0.965925826289068,1.,0.965925826289068,1.,0.965925826289068,
1.,0.965925826289068,1.,0.965925826289068,1.,0.965925826289068,1.,0.965925826289068,
1.,0.965925826289068,1.,0.965925826289068,1.,0.965925826289068,1.,0.965925826289068,
1.,0.965925826289068,1.,0.965925826289068,1.,0.965925826289068,1.,0.965925826289068,
1.,0.965925826289068,1.,0.965925826289068,1.,0.965925826289068,1.,0.965925826289068,
1.,0.965925826289068,1.,0.965925826289068,1.,0.965925826289068,1.,0.965925826289068,
1.,0.965925826289068,1.,0.965925826289068,1.,0.965925826289068,1.,0.965925826289068,
1.,0.965925826289068,1.,0.965925826289068,1.,0.965925826289068,1.,0.965925826289068,
1.,0.965925826289068,1.,0.965925826289068,1.,0.965925826289068,1.,0.965925826289068,
1.,0.965925826289068,1.,0.965925826289068,1.,0.965925826289068,1.,0.965925826289068,
1.,0.965925826289068,1.,0.965925826289068,1.,0.965925826289068,1.,0.965925826289068,
1.,0.965925826289068,1.,0.965925826289068,1.,0.965925826289068,1.,0.965925826289068,
1.,0.965925826289068,1.,0.965925826289068,1.,0.965925826289068,1.,0.972517101917136,
0.989367468871937)))
REPRESENTATION_ITEM('')
SURFACE()
);
#24=(
BOUNDED_CURVE()
B_SPLINE_CURVE(2,(#1443,#1444,#1445,#1446,#1447,#1448,#1449,#1450,#1451,
#1452,#1453,#1454,#1455,#1456,#1457,#1458,#1459,#1460,#1461,#1462,#1463,
#1464,#1465,#1466,#1467,#1468,#1469,#1470,#1471,#1472,#1473,#1474,#1475,
#1476,#1477,#1478,#1479,#1480,#1481,#1482,#1483,#1484,#1485,#1486,#1487,
#1488,#1489,#1490,#1491,#1492,#1493,#1494,#1495,#1496,#1497,#1498,#1499,
#1500,#1501,#1502,#1503,#1504,#1505,#1506,#1507,#1508,#1509,#1510,#1511,
#1512,#1513,#1514,#1515,#1516,#1517,#1518,#1519,#1520,#1521,#1522,#1523,
#1524,#1525,#1526,#1527,#1528,#1529,#1530,#1531,#1532,#1533,#1534,#1535,
#1536,#1537,#1538,#1539,#1540,#1541,#1542,#1543,#1544,#1545,#1546,#1547,
#1548,#1549,#1550,#1551,#1552,#1553,#1554,#1555,#1556,#1557,#1558,#1559,
#1560,#1561,#1562,#1563,#1564,#1565,#1566,#1567,#1568,#1569,#1570,#1571,
#1572,#1573,#1574,#1575,#1576,#1577,#1578,#1579,#1580,#1581,#1582,#1583,
#1584,#1585,#1586,#1587,#1588,#1589,#1590,#1591,#1592,#1593,#1594,#1595,
#1596,#1597,#1598,#1599,#1600,#1601,#1602,#1603,#1604,#1605,#1606,#1607,
#1608,#1609,#1610,#1611,#1612,#1613,#1614,#1615,#1616,#1617,#1618,#1619,
#1620,#1621,#1622,#1623,#1624,#1625,#1626,#1627,#1628,#1629,#1630,#1631,
#1632,#1633,#1634,#1635,#1636,#1637,#1638,#1639,#1640,#1641,#1642,#1643,
#1644,#1645,#1646,#1647,#1648,#1649,#1650,#1651,#1652,#1653,#1654,#1655,
#1656,#1657,#1658,#1659,#1660,#1661,#1662,#1663,#1664,#1665,#1666,#1667,
#1668,#1669,#1670,#1671,#1672,#1673,#1674,#1675,#1676,#1677,#1678,#1679,
#1680,#1681,#1682,#1683),.UNSPECIFIED.,.F.,.F.)
B_SPLINE_CURVE_WITH_KNOTS((3,2,2,2,2,2,2,2,2,2,2,2,2,2,2,2,2,2,2,2,2,2,
2,2,2,2,2,2,2,2,2,2,2,2,2,2,2,2,2,2,2,2,2,2,2,2,2,2,2,2,2,2,2,2,2,2,2,2,
2,2,2,2,2,2,2,2,2,2,2,2,2,2,2,2,2,2,2,2,2,2,2,2,2,2,2,2,2,2,2,2,2,2,2,2,
2,2,2,2,2,2,2,2,2,2,2,2,2,2,2,2,2,2,2,2,2,2,2,2,2,2,3),(0.,0.00833333333333333,
0.0166666666666667,0.025,0.0333333333333333,0.0416666666666667,0.05,0.0583333333333333,
0.0666666666666667,0.075,0.0833333333333333,0.0916666666666667,0.1,0.108333333333333,
0.116666666666667,0.125,0.133333333333333,0.141666666666667,0.15,0.158333333333333,
0.166666666666667,0.175,0.183333333333333,0.191666666666667,0.2,0.208333333333333,
0.216666666666667,0.225,0.233333333333333,0.241666666666667,0.25,0.258333333333333,
0.266666666666667,0.275,0.283333333333333,0.291666666666667,0.3,0.308333333333333,
0.316666666666667,0.325,0.333333333333333,0.341666666666667,0.35,0.358333333333333,
0.366666666666667,0.375,0.383333333333333,0.391666666666667,0.4,0.408333333333333,
0.416666666666667,0.425,0.433333333333333,0.441666666666667,0.45,0.458333333333333,
0.466666666666667,0.475,0.483333333333333,0.491666666666667,0.5,0.508333333333333,
0.516666666666667,0.525,0.533333333333333,0.541666666666667,0.55,0.558333333333333,
0.566666666666667,0.575,0.583333333333333,0.591666666666667,0.6,0.608333333333333,
0.616666666666667,0.625,0.633333333333333,0.641666666666667,0.65,0.658333333333333,
0.666666666666667,0.675,0.683333333333333,0.691666666666667,0.7,0.708333333333333,
0.716666666666667,0.725,0.733333333333333,0.741666666666667,0.75,0.758333333333333,
0.766666666666667,0.775,0.783333333333333,0.791666666666667,0.8,0.808333333333333,
0.816666666666667,0.825,0.833333333333333,0.841666666666667,0.85,0.858333333333333,
0.866666666666667,0.875,0.883333333333333,0.891666666666667,0.9,0.908333333333333,
0.916666666666667,0.925,0.933333333333333,0.941666666666667,0.95,0.958333333333333,
0.966666666666667,0.975,0.983333333333333,0.991666666666667,1.),
 .PIECEWISE_BEZIER_KNOTS.)
CURVE()
GEOMETRIC_REPRESENTATION_ITEM()
RATIONAL_B_SPLINE_CURVE((1.,0.965925826289068,1.,0.965925826289068,1.,0.965925826289068,
1.,0.965925826289068,1.,0.965925826289068,1.,0.965925826289068,1.,0.965925826289068,
1.,0.965925826289068,1.,0.965925826289068,1.,0.965925826289068,1.,0.965925826289068,
1.,0.965925826289068,1.,0.965925826289068,1.,0.965925826289068,1.,0.965925826289068,
1.,0.965925826289068,1.,0.965925826289068,1.,0.965925826289068,1.,0.965925826289068,
1.,0.965925826289068,1.,0.965925826289068,1.,0.965925826289068,1.,0.965925826289068,
1.,0.965925826289068,1.,0.965925826289068,1.,0.965925826289068,1.,0.965925826289068,
1.,0.965925826289068,1.,0.965925826289068,1.,0.965925826289068,1.,0.965925826289068,
1.,0.965925826289068,1.,0.965925826289068,1.,0.965925826289068,1.,0.965925826289068,
1.,0.965925826289068,1.,0.965925826289068,1.,0.965925826289068,1.,0.965925826289068,
1.,0.965925826289068,1.,0.965925826289068,1.,0.965925826289068,1.,0.965925826289068,
1.,0.965925826289068,1.,0.965925826289068,1.,0.965925826289068,1.,0.965925826289068,
1.,0.965925826289068,1.,0.965925826289068,1.,0.965925826289068,1.,0.965925826289068,
1.,0.965925826289068,1.,0.965925826289068,1.,0.965925826289068,1.,0.965925826289068,
1.,0.965925826289068,1.,0.965925826289068,1.,0.965925826289068,1.,0.965925826289068,
1.,0.965925826289068,1.,0.965925826289068,1.,0.965925826289068,1.,0.965925826289068,
1.,0.965925826289068,1.,0.965925826289068,1.,0.965925826289068,1.,0.965925826289068,
1.,0.965925826289068,1.,0.965925826289068,1.,0.965925826289068,1.,0.965925826289068,
1.,0.965925826289068,1.,0.965925826289068,1.,0.965925826289068,1.,0.965925826289068,
1.,0.965925826289068,1.,0.965925826289068,1.,0.965925826289068,1.,0.965925826289068,
1.,0.965925826289068,1.,0.965925826289068,1.,0.965925826289068,1.,0.965925826289068,
1.,0.965925826289068,1.,0.965925826289068,1.,0.965925826289068,1.,0.965925826289068,
1.,0.965925826289068,1.,0.965925826289068,1.,0.965925826289068,1.,0.965925826289068,
1.,0.965925826289068,1.,0.965925826289068,1.,0.965925826289068,1.,0.965925826289068,
1.,0.965925826289068,1.,0.965925826289068,1.,0.965925826289068,1.,0.965925826289068,
1.,0.965925826289068,1.,0.965925826289068,1.,0.965925826289068,1.,0.965925826289068,
1.,0.965925826289068,1.,0.965925826289068,1.,0.965925826289068,1.,0.965925826289068,
1.,0.965925826289068,1.,0.965925826289068,1.,0.965925826289068,1.,0.965925826289068,
1.,0.965925826289068,1.,0.965925826289068,1.,0.965925826289068,1.,0.965925826289068,
1.,0.965925826289068,1.,0.965925826289068,1.,0.965925826289068,1.,0.965925826289068,
1.,0.965925826289068,1.))
REPRESENTATION_ITEM('')
);
#25=(
BOUNDED_CURVE()
B_SPLINE_CURVE(2,(#1687,#1688,#1689,#1690,#1691,#1692,#1693,#1694,#1695,
#1696,#1697,#1698,#1699,#1700,#1701,#1702,#1703,#1704,#1705,#1706,#1707,
#1708,#1709,#1710,#1711,#1712,#1713,#1714,#1715,#1716,#1717,#1718,#1719,
#1720,#1721,#1722,#1723,#1724,#1725,#1726,#1727,#1728,#1729,#1730,#1731,
#1732,#1733,#1734,#1735,#1736,#1737,#1738,#1739,#1740,#1741,#1742,#1743,
#1744,#1745,#1746,#1747,#1748,#1749,#1750,#1751,#1752,#1753,#1754,#1755,
#1756,#1757,#1758,#1759,#1760,#1761,#1762,#1763,#1764,#1765,#1766,#1767,
#1768,#1769,#1770,#1771,#1772,#1773,#1774,#1775,#1776,#1777,#1778,#1779,
#1780,#1781,#1782,#1783,#1784,#1785,#1786,#1787,#1788,#1789,#1790,#1791,
#1792,#1793,#1794,#1795,#1796,#1797,#1798,#1799,#1800,#1801,#1802,#1803,
#1804,#1805,#1806,#1807,#1808,#1809,#1810,#1811,#1812,#1813,#1814,#1815,
#1816,#1817,#1818,#1819,#1820,#1821,#1822,#1823,#1824,#1825,#1826,#1827,
#1828,#1829,#1830,#1831,#1832,#1833,#1834,#1835,#1836,#1837,#1838,#1839,
#1840,#1841,#1842,#1843,#1844,#1845,#1846,#1847,#1848,#1849,#1850,#1851,
#1852,#1853,#1854,#1855,#1856,#1857,#1858,#1859,#1860,#1861,#1862,#1863,
#1864,#1865,#1866,#1867,#1868,#1869,#1870,#1871,#1872,#1873,#1874,#1875,
#1876,#1877,#1878,#1879,#1880,#1881,#1882,#1883,#1884,#1885,#1886,#1887,
#1888,#1889,#1890,#1891,#1892,#1893,#1894,#1895,#1896,#1897,#1898,#1899,
#1900,#1901,#1902,#1903,#1904,#1905,#1906,#1907,#1908,#1909,#1910,#1911,
#1912,#1913,#1914,#1915,#1916,#1917,#1918,#1919,#1920,#1921,#1922,#1923,
#1924,#1925,#1926,#1927),.UNSPECIFIED.,.F.,.F.)
B_SPLINE_CURVE_WITH_KNOTS((3,2,2,2,2,2,2,2,2,2,2,2,2,2,2,2,2,2,2,2,2,2,
2,2,2,2,2,2,2,2,2,2,2,2,2,2,2,2,2,2,2,2,2,2,2,2,2,2,2,2,2,2,2,2,2,2,2,2,
2,2,2,2,2,2,2,2,2,2,2,2,2,2,2,2,2,2,2,2,2,2,2,2,2,2,2,2,2,2,2,2,2,2,2,2,
2,2,2,2,2,2,2,2,2,2,2,2,2,2,2,2,2,2,2,2,2,2,2,2,2,2,3),(0.,0.00833333333333333,
0.0166666666666667,0.025,0.0333333333333333,0.0416666666666667,0.05,0.0583333333333333,
0.0666666666666667,0.075,0.0833333333333333,0.0916666666666667,0.1,0.108333333333333,
0.116666666666667,0.125,0.133333333333333,0.141666666666667,0.15,0.158333333333333,
0.166666666666667,0.175,0.183333333333333,0.191666666666667,0.2,0.208333333333333,
0.216666666666667,0.225,0.233333333333333,0.241666666666667,0.25,0.258333333333333,
0.266666666666667,0.275,0.283333333333333,0.291666666666667,0.3,0.308333333333333,
0.316666666666667,0.325,0.333333333333333,0.341666666666667,0.35,0.358333333333333,
0.366666666666667,0.375,0.383333333333333,0.391666666666667,0.4,0.408333333333333,
0.416666666666667,0.425,0.433333333333333,0.441666666666667,0.45,0.458333333333333,
0.466666666666667,0.475,0.483333333333333,0.491666666666667,0.5,0.508333333333333,
0.516666666666667,0.525,0.533333333333333,0.541666666666667,0.55,0.558333333333333,
0.566666666666667,0.575,0.583333333333333,0.591666666666667,0.6,0.608333333333333,
0.616666666666667,0.625,0.633333333333333,0.641666666666667,0.65,0.658333333333333,
0.666666666666667,0.675,0.683333333333333,0.691666666666667,0.7,0.708333333333333,
0.716666666666667,0.725,0.733333333333333,0.741666666666667,0.75,0.758333333333333,
0.766666666666667,0.775,0.783333333333333,0.791666666666667,0.8,0.808333333333333,
0.816666666666667,0.825,0.833333333333333,0.841666666666667,0.85,0.858333333333333,
0.866666666666667,0.875,0.883333333333333,0.891666666666667,0.9,0.908333333333333,
0.916666666666667,0.925,0.933333333333333,0.941666666666667,0.95,0.958333333333333,
0.966666666666667,0.975,0.983333333333333,0.991666666666667,1.),
 .PIECEWISE_BEZIER_KNOTS.)
CURVE()
GEOMETRIC_REPRESENTATION_ITEM()
RATIONAL_B_SPLINE_CURVE((1.,0.965925826289068,1.,0.965925826289068,1.,0.965925826289068,
1.,0.965925826289068,1.,0.965925826289068,1.,0.965925826289068,1.,0.965925826289068,
1.,0.965925826289068,1.,0.965925826289068,1.,0.965925826289068,1.,0.965925826289068,
1.,0.965925826289068,1.,0.965925826289068,1.,0.965925826289068,1.,0.965925826289068,
1.,0.965925826289068,1.,0.965925826289068,1.,0.965925826289068,1.,0.965925826289068,
1.,0.965925826289068,1.,0.965925826289068,1.,0.965925826289068,1.,0.965925826289068,
1.,0.965925826289068,1.,0.965925826289068,1.,0.965925826289068,1.,0.965925826289068,
1.,0.965925826289068,1.,0.965925826289068,1.,0.965925826289068,1.,0.965925826289068,
1.,0.965925826289068,1.,0.965925826289068,1.,0.965925826289068,1.,0.965925826289068,
1.,0.965925826289068,1.,0.965925826289068,1.,0.965925826289068,1.,0.965925826289068,
1.,0.965925826289068,1.,0.965925826289068,1.,0.965925826289068,1.,0.965925826289068,
1.,0.965925826289068,1.,0.965925826289068,1.,0.965925826289068,1.,0.965925826289068,
1.,0.965925826289068,1.,0.965925826289068,1.,0.965925826289068,1.,0.965925826289068,
1.,0.965925826289068,1.,0.965925826289068,1.,0.965925826289068,1.,0.965925826289068,
1.,0.965925826289068,1.,0.965925826289068,1.,0.965925826289068,1.,0.965925826289068,
1.,0.965925826289068,1.,0.965925826289068,1.,0.965925826289068,1.,0.965925826289068,
1.,0.965925826289068,1.,0.965925826289068,1.,0.965925826289068,1.,0.965925826289068,
1.,0.965925826289068,1.,0.965925826289068,1.,0.965925826289068,1.,0.965925826289068,
1.,0.965925826289068,1.,0.965925826289068,1.,0.965925826289068,1.,0.965925826289068,
1.,0.965925826289068,1.,0.965925826289068,1.,0.965925826289068,1.,0.965925826289068,
1.,0.965925826289068,1.,0.965925826289068,1.,0.965925826289068,1.,0.965925826289068,
1.,0.965925826289068,1.,0.965925826289068,1.,0.965925826289068,1.,0.965925826289068,
1.,0.965925826289068,1.,0.965925826289068,1.,0.965925826289068,1.,0.965925826289068,
1.,0.965925826289068,1.,0.965925826289068,1.,0.965925826289068,1.,0.965925826289068,
1.,0.965925826289068,1.,0.965925826289068,1.,0.965925826289068,1.,0.965925826289068,
1.,0.965925826289068,1.,0.965925826289068,1.,0.965925826289068,1.,0.965925826289068,
1.,0.965925826289068,1.,0.965925826289068,1.,0.965925826289068,1.,0.965925826289068,
1.,0.965925826289068,1.,0.965925826289068,1.,0.965925826289068,1.,0.965925826289068,
1.,0.965925826289068,1.,0.965925826289068,1.,0.965925826289068,1.,0.965925826289068,
1.,0.965925826289068,1.,0.965925826289068,1.,0.965925826289068,1.,0.965925826289068,
1.,0.965925826289068,1.))
REPRESENTATION_ITEM('')
);
#26=(
BOUNDED_CURVE()
B_SPLINE_CURVE(2,(#1949,#1950,#1951,#1952,#1953,#1954,#1955,#1956,#1957,
#1958,#1959,#1960,#1961,#1962,#1963,#1964,#1965,#1966,#1967,#1968,#1969,
#1970,#1971,#1972,#1973,#1974,#1975,#1976,#1977,#1978,#1979,#1980,#1981,
#1982,#1983,#1984,#1985,#1986,#1987,#1988,#1989,#1990,#1991,#1992,#1993,
#1994,#1995,#1996,#1997,#1998,#1999,#2000,#2001,#2002,#2003,#2004,#2005,
#2006,#2007,#2008,#2009,#2010,#2011,#2012,#2013,#2014,#2015,#2016,#2017,
#2018,#2019,#2020,#2021,#2022,#2023,#2024,#2025,#2026,#2027,#2028,#2029,
#2030,#2031,#2032,#2033,#2034,#2035,#2036,#2037,#2038,#2039,#2040,#2041,
#2042,#2043,#2044,#2045,#2046,#2047,#2048,#2049,#2050,#2051,#2052,#2053,
#2054,#2055,#2056,#2057,#2058,#2059,#2060,#2061,#2062,#2063,#2064,#2065,
#2066,#2067,#2068,#2069,#2070,#2071,#2072,#2073,#2074,#2075,#2076,#2077,
#2078,#2079,#2080,#2081,#2082,#2083,#2084,#2085,#2086,#2087,#2088,#2089,
#2090,#2091,#2092,#2093,#2094,#2095,#2096,#2097,#2098,#2099,#2100,#2101,
#2102,#2103,#2104,#2105,#2106,#2107,#2108,#2109,#2110,#2111,#2112,#2113,
#2114,#2115,#2116,#2117,#2118,#2119,#2120,#2121,#2122,#2123,#2124,#2125,
#2126,#2127,#2128,#2129,#2130,#2131,#2132,#2133,#2134,#2135,#2136,#2137,
#2138,#2139,#2140,#2141,#2142,#2143,#2144,#2145,#2146,#2147,#2148,#2149,
#2150,#2151,#2152,#2153,#2154,#2155,#2156,#2157,#2158,#2159,#2160,#2161,
#2162,#2163,#2164,#2165,#2166,#2167,#2168,#2169,#2170,#2171,#2172,#2173,
#2174,#2175,#2176,#2177,#2178,#2179,#2180,#2181,#2182,#2183,#2184,#2185,
#2186,#2187,#2188,#2189),.UNSPECIFIED.,.F.,.F.)
B_SPLINE_CURVE_WITH_KNOTS((3,2,2,2,2,2,2,2,2,2,2,2,2,2,2,2,2,2,2,2,2,2,
2,2,2,2,2,2,2,2,2,2,2,2,2,2,2,2,2,2,2,2,2,2,2,2,2,2,2,2,2,2,2,2,2,2,2,2,
2,2,2,2,2,2,2,2,2,2,2,2,2,2,2,2,2,2,2,2,2,2,2,2,2,2,2,2,2,2,2,2,2,2,2,2,
2,2,2,2,2,2,2,2,2,2,2,2,2,2,2,2,2,2,2,2,2,2,2,2,2,2,3),(0.,0.00833333333333333,
0.0166666666666667,0.025,0.0333333333333333,0.0416666666666667,0.05,0.0583333333333333,
0.0666666666666667,0.075,0.0833333333333333,0.0916666666666667,0.1,0.108333333333333,
0.116666666666667,0.125,0.133333333333333,0.141666666666667,0.15,0.158333333333333,
0.166666666666667,0.175,0.183333333333333,0.191666666666667,0.2,0.208333333333333,
0.216666666666667,0.225,0.233333333333333,0.241666666666667,0.25,0.258333333333333,
0.266666666666667,0.275,0.283333333333333,0.291666666666667,0.3,0.308333333333333,
0.316666666666667,0.325,0.333333333333333,0.341666666666667,0.35,0.358333333333333,
0.366666666666667,0.375,0.383333333333333,0.391666666666667,0.4,0.408333333333333,
0.416666666666667,0.425,0.433333333333333,0.441666666666667,0.45,0.458333333333333,
0.466666666666667,0.475,0.483333333333333,0.491666666666667,0.5,0.508333333333333,
0.516666666666667,0.525,0.533333333333333,0.541666666666667,0.55,0.558333333333333,
0.566666666666667,0.575,0.583333333333333,0.591666666666667,0.6,0.608333333333333,
0.616666666666667,0.625,0.633333333333333,0.641666666666667,0.65,0.658333333333333,
0.666666666666667,0.675,0.683333333333333,0.691666666666667,0.7,0.708333333333333,
0.716666666666667,0.725,0.733333333333333,0.741666666666667,0.75,0.758333333333333,
0.766666666666667,0.775,0.783333333333333,0.791666666666667,0.8,0.808333333333333,
0.816666666666667,0.825,0.833333333333333,0.841666666666667,0.85,0.858333333333333,
0.866666666666667,0.875,0.883333333333333,0.891666666666667,0.9,0.908333333333333,
0.916666666666667,0.925,0.933333333333333,0.941666666666667,0.95,0.958333333333333,
0.966666666666667,0.975,0.983333333333333,0.991666666666667,1.),
 .UNSPECIFIED.)
CURVE()
GEOMETRIC_REPRESENTATION_ITEM()
RATIONAL_B_SPLINE_CURVE((1.,0.965925826289068,1.,0.965925826289068,1.,0.965925826289068,
1.,0.965925826289068,1.,0.965925826289068,1.,0.965925826289068,1.,0.965925826289068,
1.,0.965925826289068,1.,0.965925826289068,1.,0.965925826289068,1.,0.965925826289068,
1.,0.965925826289068,1.,0.965925826289068,1.,0.965925826289068,1.,0.965925826289068,
1.,0.965925826289068,1.,0.965925826289068,1.,0.965925826289068,1.,0.965925826289068,
1.,0.965925826289068,1.,0.965925826289068,1.,0.965925826289068,1.,0.965925826289068,
1.,0.965925826289068,1.,0.965925826289068,1.,0.965925826289068,1.,0.965925826289068,
1.,0.965925826289068,1.,0.965925826289068,1.,0.965925826289068,1.,0.965925826289068,
1.,0.965925826289068,1.,0.965925826289068,1.,0.965925826289068,1.,0.965925826289068,
1.,0.965925826289068,1.,0.965925826289068,1.,0.965925826289068,1.,0.965925826289068,
1.,0.965925826289068,1.,0.965925826289068,1.,0.965925826289068,1.,0.965925826289068,
1.,0.965925826289068,1.,0.965925826289068,1.,0.965925826289068,1.,0.965925826289068,
1.,0.965925826289068,1.,0.965925826289068,1.,0.965925826289068,1.,0.965925826289068,
1.,0.965925826289068,1.,0.965925826289068,1.,0.965925826289068,1.,0.965925826289068,
1.,0.965925826289068,1.,0.965925826289068,1.,0.965925826289068,1.,0.965925826289068,
1.,0.965925826289068,1.,0.965925826289068,1.,0.965925826289068,1.,0.965925826289068,
1.,0.965925826289068,1.,0.965925826289068,1.,0.965925826289068,1.,0.965925826289068,
1.,0.965925826289068,1.,0.965925826289068,1.,0.965925826289068,1.,0.965925826289068,
1.,0.965925826289068,1.,0.965925826289068,1.,0.965925826289068,1.,0.965925826289068,
1.,0.965925826289068,1.,0.965925826289068,1.,0.965925826289068,1.,0.965925826289068,
1.,0.965925826289068,1.,0.965925826289068,1.,0.965925826289068,1.,0.965925826289068,
1.,0.965925826289068,1.,0.965925826289068,1.,0.965925826289068,1.,0.965925826289068,
1.,0.965925826289068,1.,0.965925826289068,1.,0.965925826289068,1.,0.965925826289068,
1.,0.965925826289068,1.,0.965925826289068,1.,0.965925826289068,1.,0.965925826289068,
1.,0.965925826289068,1.,0.965925826289068,1.,0.965925826289068,1.,0.965925826289068,
1.,0.965925826289068,1.,0.965925826289068,1.,0.965925826289068,1.,0.965925826289068,
1.,0.965925826289068,1.,0.965925826289068,1.,0.965925826289068,1.,0.965925826289068,
1.,0.965925826289068,1.,0.965925826289068,1.,0.965925826289068,1.,0.965925826289068,
1.,0.965925826289068,1.,0.965925826289068,1.,0.965925826289068,1.,0.965925826289068,
1.,0.965925826289068,1.,0.965925826289068,1.,0.965925826289068,1.,0.965925826289068,
1.,0.965925826289068,1.))
REPRESENTATION_ITEM('')
);
#27=(
BOUNDED_CURVE()
B_SPLINE_CURVE(2,(#2190,#2191,#2192,#2193,#2194,#2195,#2196,#2197,#2198,
#2199,#2200,#2201,#2202,#2203,#2204,#2205,#2206,#2207,#2208,#2209,#2210,
#2211,#2212,#2213,#2214,#2215,#2216,#2217,#2218,#2219,#2220,#2221,#2222,
#2223,#2224,#2225,#2226,#2227,#2228,#2229,#2230,#2231,#2232,#2233,#2234,
#2235,#2236,#2237,#2238,#2239,#2240,#2241,#2242,#2243,#2244,#2245,#2246,
#2247,#2248,#2249,#2250,#2251,#2252,#2253,#2254,#2255,#2256,#2257,#2258,
#2259,#2260,#2261,#2262,#2263,#2264,#2265,#2266,#2267,#2268,#2269,#2270,
#2271,#2272,#2273,#2274,#2275,#2276,#2277,#2278,#2279,#2280,#2281,#2282,
#2283,#2284,#2285,#2286,#2287,#2288,#2289,#2290,#2291,#2292,#2293,#2294,
#2295,#2296,#2297,#2298,#2299,#2300,#2301,#2302,#2303,#2304,#2305,#2306,
#2307,#2308,#2309,#2310,#2311,#2312,#2313,#2314,#2315,#2316,#2317,#2318,
#2319,#2320,#2321,#2322,#2323,#2324,#2325,#2326,#2327,#2328,#2329,#2330,
#2331,#2332,#2333,#2334,#2335,#2336,#2337,#2338,#2339,#2340,#2341,#2342,
#2343,#2344,#2345,#2346,#2347,#2348,#2349,#2350,#2351,#2352,#2353,#2354,
#2355,#2356,#2357,#2358,#2359,#2360,#2361,#2362,#2363,#2364,#2365,#2366,
#2367,#2368,#2369,#2370,#2371,#2372,#2373,#2374,#2375,#2376,#2377,#2378,
#2379,#2380,#2381,#2382,#2383,#2384,#2385,#2386,#2387,#2388,#2389,#2390,
#2391,#2392,#2393,#2394,#2395,#2396,#2397,#2398,#2399,#2400,#2401,#2402,
#2403,#2404,#2405,#2406,#2407,#2408,#2409,#2410,#2411,#2412,#2413,#2414,
#2415,#2416,#2417,#2418,#2419,#2420,#2421,#2422,#2423,#2424,#2425,#2426,
#2427,#2428,#2429,#2430),.UNSPECIFIED.,.F.,.F.)
B_SPLINE_CURVE_WITH_KNOTS((3,2,2,2,2,2,2,2,2,2,2,2,2,2,2,2,2,2,2,2,2,2,
2,2,2,2,2,2,2,2,2,2,2,2,2,2,2,2,2,2,2,2,2,2,2,2,2,2,2,2,2,2,2,2,2,2,2,2,
2,2,2,2,2,2,2,2,2,2,2,2,2,2,2,2,2,2,2,2,2,2,2,2,2,2,2,2,2,2,2,2,2,2,2,2,
2,2,2,2,2,2,2,2,2,2,2,2,2,2,2,2,2,2,2,2,2,2,2,2,2,2,3),(0.,0.00833333333333333,
0.0166666666666667,0.025,0.0333333333333333,0.0416666666666667,0.05,0.0583333333333333,
0.0666666666666667,0.075,0.0833333333333333,0.0916666666666667,0.1,0.108333333333333,
0.116666666666667,0.125,0.133333333333333,0.141666666666667,0.15,0.158333333333333,
0.166666666666667,0.175,0.183333333333333,0.191666666666667,0.2,0.208333333333333,
0.216666666666667,0.225,0.233333333333333,0.241666666666667,0.25,0.258333333333333,
0.266666666666667,0.275,0.283333333333333,0.291666666666667,0.3,0.308333333333333,
0.316666666666667,0.325,0.333333333333333,0.341666666666667,0.35,0.358333333333333,
0.366666666666667,0.375,0.383333333333333,0.391666666666667,0.4,0.408333333333333,
0.416666666666667,0.425,0.433333333333333,0.441666666666667,0.45,0.458333333333333,
0.466666666666667,0.475,0.483333333333333,0.491666666666667,0.5,0.508333333333333,
0.516666666666667,0.525,0.533333333333333,0.541666666666667,0.55,0.558333333333333,
0.566666666666667,0.575,0.583333333333333,0.591666666666667,0.6,0.608333333333333,
0.616666666666667,0.625,0.633333333333333,0.641666666666667,0.65,0.658333333333333,
0.666666666666667,0.675,0.683333333333333,0.691666666666667,0.7,0.708333333333333,
0.716666666666667,0.725,0.733333333333333,0.741666666666667,0.75,0.758333333333333,
0.766666666666667,0.775,0.783333333333333,0.791666666666667,0.8,0.808333333333333,
0.816666666666667,0.825,0.833333333333333,0.841666666666667,0.85,0.858333333333333,
0.866666666666667,0.875,0.883333333333333,0.891666666666667,0.9,0.908333333333333,
0.916666666666667,0.925,0.933333333333333,0.941666666666667,0.95,0.958333333333333,
0.966666666666667,0.975,0.983333333333333,0.991666666666667,1.),
 .UNSPECIFIED.)
CURVE()
GEOMETRIC_REPRESENTATION_ITEM()
RATIONAL_B_SPLINE_CURVE((1.,0.965925826289068,1.,0.965925826289068,1.,0.965925826289068,
1.,0.965925826289068,1.,0.965925826289068,1.,0.965925826289068,1.,0.965925826289068,
1.,0.965925826289068,1.,0.965925826289068,1.,0.965925826289068,1.,0.965925826289068,
1.,0.965925826289068,1.,0.965925826289068,1.,0.965925826289068,1.,0.965925826289068,
1.,0.965925826289068,1.,0.965925826289068,1.,0.965925826289068,1.,0.965925826289068,
1.,0.965925826289068,1.,0.965925826289068,1.,0.965925826289068,1.,0.965925826289068,
1.,0.965925826289068,1.,0.965925826289068,1.,0.965925826289068,1.,0.965925826289068,
1.,0.965925826289068,1.,0.965925826289068,1.,0.965925826289068,1.,0.965925826289068,
1.,0.965925826289068,1.,0.965925826289068,1.,0.965925826289068,1.,0.965925826289068,
1.,0.965925826289068,1.,0.965925826289068,1.,0.965925826289068,1.,0.965925826289068,
1.,0.965925826289068,1.,0.965925826289068,1.,0.965925826289068,1.,0.965925826289068,
1.,0.965925826289068,1.,0.965925826289068,1.,0.965925826289068,1.,0.965925826289068,
1.,0.965925826289068,1.,0.965925826289068,1.,0.965925826289068,1.,0.965925826289068,
1.,0.965925826289068,1.,0.965925826289068,1.,0.965925826289068,1.,0.965925826289068,
1.,0.965925826289068,1.,0.965925826289068,1.,0.965925826289068,1.,0.965925826289068,
1.,0.965925826289068,1.,0.965925826289068,1.,0.965925826289068,1.,0.965925826289068,
1.,0.965925826289068,1.,0.965925826289068,1.,0.965925826289068,1.,0.965925826289068,
1.,0.965925826289068,1.,0.965925826289068,1.,0.965925826289068,1.,0.965925826289068,
1.,0.965925826289068,1.,0.965925826289068,1.,0.965925826289068,1.,0.965925826289068,
1.,0.965925826289068,1.,0.965925826289068,1.,0.965925826289068,1.,0.965925826289068,
1.,0.965925826289068,1.,0.965925826289068,1.,0.965925826289068,1.,0.965925826289068,
1.,0.965925826289068,1.,0.965925826289068,1.,0.965925826289068,1.,0.965925826289068,
1.,0.965925826289068,1.,0.965925826289068,1.,0.965925826289068,1.,0.965925826289068,
1.,0.965925826289068,1.,0.965925826289068,1.,0.965925826289068,1.,0.965925826289068,
1.,0.965925826289068,1.,0.965925826289068,1.,0.965925826289068,1.,0.965925826289068,
1.,0.965925826289068,1.,0.965925826289068,1.,0.965925826289068,1.,0.965925826289068,
1.,0.965925826289068,1.,0.965925826289068,1.,0.965925826289068,1.,0.965925826289068,
1.,0.965925826289068,1.,0.965925826289068,1.,0.965925826289068,1.,0.965925826289068,
1.,0.965925826289068,1.,0.965925826289068,1.,0.965925826289068,1.,0.965925826289068,
1.,0.965925826289068,1.,0.965925826289068,1.,0.965925826289068,1.,0.965925826289068,
1.,0.965925826289068,1.))
REPRESENTATION_ITEM('')
);
#28=CONICAL_SURFACE('',#1092,2.56774264243238,1.10578990571736);
#29=CONICAL_SURFACE('',#1097,3.10206317392988,1.0287148044393);
#30=CONICAL_SURFACE('',#1131,0.323379484574803,0.631121038384661);
#31=CYLINDRICAL_SURFACE('',#1074,2.56774264243238);
#32=CYLINDRICAL_SURFACE('',#1078,0.480752347781158);
#33=CYLINDRICAL_SURFACE('',#1082,0.735155955731318);
#34=CYLINDRICAL_SURFACE('',#1086,2.24164034814154);
#35=CYLINDRICAL_SURFACE('',#1090,2.56774264243238);
#36=CYLINDRICAL_SURFACE('',#1095,3.10206317392988);
#37=CYLINDRICAL_SURFACE('',#1099,2.67877595962128);
#38=CYLINDRICAL_SURFACE('',#1122,2.67847367238593);
#39=CYLINDRICAL_SURFACE('',#1125,1.72829253232429);
#40=CYLINDRICAL_SURFACE('',#1133,0.45);
#41=LINE('',#1331,#93);
#42=LINE('',#1341,#94);
#43=LINE('',#1352,#95);
#44=LINE('',#1362,#96);
#45=LINE('',#3433,#97);
#46=LINE('',#3436,#98);
#47=LINE('',#3438,#99);
#48=LINE('',#3440,#100);
#49=LINE('',#3442,#101);
#50=LINE('',#3445,#102);
#51=LINE('',#3447,#103);
#52=LINE('',#3449,#104);
#53=LINE('',#3451,#105);
#54=LINE('',#3454,#106);
#55=LINE('',#3455,#107);
#56=LINE('',#3457,#108);
#57=LINE('',#3459,#109);
#58=LINE('',#3461,#110);
#59=LINE('',#3464,#111);
#60=LINE('',#3466,#112);
#61=LINE('',#3468,#113);
#62=LINE('',#3470,#114);
#63=LINE('',#3473,#115);
#64=LINE('',#3474,#116);
#65=LINE('',#3476,#117);
#66=LINE('',#3478,#118);
#67=LINE('',#3480,#119);
#68=LINE('',#3483,#120);
#69=LINE('',#3485,#121);
#70=LINE('',#3487,#122);
#71=LINE('',#3489,#123);
#72=LINE('',#3491,#124);
#73=LINE('',#3493,#125);
#74=LINE('',#3495,#126);
#75=LINE('',#3497,#127);
#76=LINE('',#3501,#128);
#77=LINE('',#3503,#129);
#78=LINE('',#3504,#130);
#79=LINE('',#3505,#131);
#80=LINE('',#3506,#132);
#81=LINE('',#3508,#133);
#82=LINE('',#3510,#134);
#83=LINE('',#3512,#135);
#84=LINE('',#3514,#136);
#85=LINE('',#3516,#137);
#86=LINE('',#3518,#138);
#87=LINE('',#3520,#139);
#88=LINE('',#3522,#140);
#89=LINE('',#3524,#141);
#90=LINE('',#3526,#142);
#91=LINE('',#3528,#143);
#92=LINE('',#3530,#144);
#93=VECTOR('',#1140,1000.);
#94=VECTOR('',#1141,1000.);
#95=VECTOR('',#1144,1000.);
#96=VECTOR('',#1145,1000.);
#97=VECTOR('',#1208,1000.);
#98=VECTOR('',#1209,1000.);
#99=VECTOR('',#1210,1000.);
#100=VECTOR('',#1211,1000.);
#101=VECTOR('',#1214,1000.);
#102=VECTOR('',#1215,1000.);
#103=VECTOR('',#1216,1000.);
#104=VECTOR('',#1217,1000.);
#105=VECTOR('',#1220,1000.);
#106=VECTOR('',#1221,1000.);
#107=VECTOR('',#1222,1000.);
#108=VECTOR('',#1225,1000.);
#109=VECTOR('',#1226,1000.);
#110=VECTOR('',#1229,1000.);
#111=VECTOR('',#1230,1000.);
#112=VECTOR('',#1231,1000.);
#113=VECTOR('',#1232,1000.);
#114=VECTOR('',#1235,1000.);
#115=VECTOR('',#1236,1000.);
#116=VECTOR('',#1237,1000.);
#117=VECTOR('',#1240,1000.);
#118=VECTOR('',#1241,1000.);
#119=VECTOR('',#1244,1000.);
#120=VECTOR('',#1245,1000.);
#121=VECTOR('',#1246,1000.);
#122=VECTOR('',#1247,1000.);
#123=VECTOR('',#1250,1000.);
#124=VECTOR('',#1251,1000.);
#125=VECTOR('',#1252,1000.);
#126=VECTOR('',#1255,1000.);
#127=VECTOR('',#1256,1000.);
#128=VECTOR('',#1261,1000.);
#129=VECTOR('',#1262,1000.);
#130=VECTOR('',#1263,1000.);
#131=VECTOR('',#1264,1000.);
#132=VECTOR('',#1265,1000.);
#133=VECTOR('',#1268,1000.);
#134=VECTOR('',#1269,1000.);
#135=VECTOR('',#1272,1000.);
#136=VECTOR('',#1273,1000.);
#137=VECTOR('',#1276,1000.);
#138=VECTOR('',#1277,1000.);
#139=VECTOR('',#1278,1000.);
#140=VECTOR('',#1281,1000.);
#141=VECTOR('',#1282,1000.);
#142=VECTOR('',#1285,1000.);
#143=VECTOR('',#1286,1000.);
#144=VECTOR('',#1289,1000.);
#145=B_SPLINE_CURVE_WITH_KNOTS('',3,(#1322,#1323,#1324,#1325,#1326,#1327,
#1328),.UNSPECIFIED.,.F.,.F.,(4,1,1,1,4),(7.31056324531891E-16,0.00155913510312341,
0.00311827020624609,0.00467740530936876,0.00623654041249144),
 .UNSPECIFIED.);
#146=B_SPLINE_CURVE_WITH_KNOTS('',3,(#1333,#1334,#1335,#1336,#1337,#1338,
#1339),.UNSPECIFIED.,.F.,.F.,(4,1,1,1,4),(6.77884123380091E-16,0.00155552026560728,
0.00311104053121388,0.00466656079682049,0.00622208106242709),
 .UNSPECIFIED.);
#147=B_SPLINE_CURVE_WITH_KNOTS('',3,(#1343,#1344,#1345,#1346,#1347,#1348,
#1349),.UNSPECIFIED.,.F.,.F.,(4,1,1,1,4),(0.,0.00155533224254298,0.00311066448508596,
0.00466599672762895,0.00622132897017193),.UNSPECIFIED.);
#148=B_SPLINE_CURVE_WITH_KNOTS('',3,(#1354,#1355,#1356,#1357,#1358,#1359,
#1360),.UNSPECIFIED.,.F.,.F.,(4,1,1,1,4),(4.39710485232329E-17,0.00155197128493081,
0.00310394256986157,0.00465591385479234,0.0062078851397231),
 .UNSPECIFIED.);
#149=B_SPLINE_CURVE_WITH_KNOTS('',3,(#1364,#1365,#1366,#1367,#1368,#1369,
#1370),.UNSPECIFIED.,.F.,.F.,(4,1,1,1,4),(6.99446610846906E-16,0.00146979529766637,
0.00293959059533205,0.00440938589299772,0.0058791811906634),
 .UNSPECIFIED.);
#150=B_SPLINE_CURVE_WITH_KNOTS('',3,(#1371,#1372,#1373,#1374,#1375,#1376,
#1377),.UNSPECIFIED.,.F.,.F.,(4,1,1,1,4),(6.49218993445673E-16,0.00146972675246925,
0.00293945350493785,0.00440918025740645,0.00587890700987505),
 .UNSPECIFIED.);
#151=B_SPLINE_CURVE_WITH_KNOTS('',3,(#1379,#1380,#1381,#1382,#1383,#1384,
#1385),.UNSPECIFIED.,.F.,.F.,(4,1,1,1,4),(3.02023776586893E-18,0.00146979529766681,
0.00293959059533361,0.00440938589300042,0.00587918119066722),
 .UNSPECIFIED.);
#152=B_SPLINE_CURVE_WITH_KNOTS('',3,(#1386,#1387,#1388,#1389,#1390,#1391,
#1392),.UNSPECIFIED.,.F.,.F.,(4,1,1,1,4),(4.27126121008326E-18,0.00146972675246954,
0.00293945350493907,0.0044091802574086,0.00587890700987813),
 .UNSPECIFIED.);
#153=B_SPLINE_CURVE_WITH_KNOTS('',3,(#1421,#1422,#1423,#1424,#1425,#1426,
#1427,#1428,#1429,#1430,#1431),.UNSPECIFIED.,.F.,.F.,(4,1,1,1,1,1,1,1,4),
(0.,0.00175632491458455,0.0035126498291691,0.00526897474375365,0.00702529965833821,
0.00878162457292276,0.0105379494875073,0.0122942744020919,0.0140505993166764),
 .UNSPECIFIED.);
#154=B_SPLINE_CURVE_WITH_KNOTS('',3,(#1436,#1437,#1438,#1439),
 .UNSPECIFIED.,.F.,.F.,(4,4),(0.,0.00200886547615813),.UNSPECIFIED.);
#155=B_SPLINE_CURVE_WITH_KNOTS('',3,(#1929,#1930,#1931,#1932,#1933),
 .UNSPECIFIED.,.F.,.F.,(4,1,4),(0.,0.00202870064851395,0.0040574012970279),
 .UNSPECIFIED.);
#156=B_SPLINE_CURVE_WITH_KNOTS('',3,(#1935,#1936,#1937,#1938,#1939,#1940,
#1941,#1942,#1943,#1944,#1945),.UNSPECIFIED.,.F.,.F.,(4,1,1,1,1,1,1,1,4),
(0.,0.00201481630898123,0.00402963261796247,0.0060444489269437,0.00805926523592494,
0.0100740815449062,0.0120888978538874,0.0141037141628686,0.0161185304718499),
 .UNSPECIFIED.);
#157=B_SPLINE_CURVE_WITH_KNOTS('',3,(#3412,#3413,#3414,#3415,#3416,#3417,
#3418,#3419,#3420,#3421,#3422,#3423,#3424,#3425,#3426,#3427,#3428,#3429,
#3430),.UNSPECIFIED.,.T.,.F.,(1,1,1,1,1,1,1,1,1,1,1,1,1,1,1,1,1,1,1,1,1,
1,1),(-0.190789473684211,-0.128289473684211,-0.0657894736842105,0.,0.059375,
0.12171875,0.1842109375,0.246710546875,0.30921052734375,0.371710526367187,
0.434210526318359,0.496710526315918,0.559210526315796,0.62171052631579,
0.684210526315789,0.746710526315789,0.809210526315789,0.871710526315789,
0.934210526315789,1.,1.059375,1.12171875,1.1842109375),.UNSPECIFIED.);
#158=ORIENTED_EDGE('',*,*,#340,.F.);
#159=ORIENTED_EDGE('',*,*,#341,.F.);
#160=ORIENTED_EDGE('',*,*,#342,.F.);
#161=ORIENTED_EDGE('',*,*,#343,.T.);
#162=ORIENTED_EDGE('',*,*,#344,.T.);
#163=ORIENTED_EDGE('',*,*,#345,.F.);
#164=ORIENTED_EDGE('',*,*,#346,.T.);
#165=ORIENTED_EDGE('',*,*,#347,.T.);
#166=ORIENTED_EDGE('',*,*,#348,.F.);
#167=ORIENTED_EDGE('',*,*,#342,.T.);
#168=ORIENTED_EDGE('',*,*,#349,.T.);
#169=ORIENTED_EDGE('',*,*,#348,.T.);
#170=ORIENTED_EDGE('',*,*,#350,.F.);
#171=ORIENTED_EDGE('',*,*,#351,.F.);
#172=ORIENTED_EDGE('',*,*,#344,.F.);
#173=ORIENTED_EDGE('',*,*,#352,.T.);
#174=ORIENTED_EDGE('',*,*,#346,.F.);
#175=ORIENTED_EDGE('',*,*,#340,.T.);
#176=ORIENTED_EDGE('',*,*,#353,.F.);
#177=ORIENTED_EDGE('',*,*,#354,.T.);
#178=ORIENTED_EDGE('',*,*,#355,.T.);
#179=ORIENTED_EDGE('',*,*,#354,.F.);
#180=ORIENTED_EDGE('',*,*,#356,.T.);
#181=ORIENTED_EDGE('',*,*,#355,.F.);
#182=ORIENTED_EDGE('',*,*,#357,.T.);
#183=ORIENTED_EDGE('',*,*,#356,.F.);
#184=ORIENTED_EDGE('',*,*,#358,.T.);
#185=ORIENTED_EDGE('',*,*,#357,.F.);
#186=ORIENTED_EDGE('',*,*,#359,.T.);
#187=ORIENTED_EDGE('',*,*,#358,.F.);
#188=ORIENTED_EDGE('',*,*,#360,.T.);
#189=ORIENTED_EDGE('',*,*,#359,.F.);
#190=ORIENTED_EDGE('',*,*,#361,.T.);
#191=ORIENTED_EDGE('',*,*,#360,.F.);
#192=ORIENTED_EDGE('',*,*,#362,.F.);
#193=ORIENTED_EDGE('',*,*,#363,.F.);
#194=ORIENTED_EDGE('',*,*,#364,.F.);
#195=ORIENTED_EDGE('',*,*,#365,.T.);
#196=ORIENTED_EDGE('',*,*,#361,.F.);
#197=ORIENTED_EDGE('',*,*,#366,.F.);
#198=ORIENTED_EDGE('',*,*,#367,.T.);
#199=ORIENTED_EDGE('',*,*,#368,.T.);
#200=ORIENTED_EDGE('',*,*,#365,.F.);
#201=ORIENTED_EDGE('',*,*,#369,.F.);
#202=ORIENTED_EDGE('',*,*,#367,.F.);
#203=ORIENTED_EDGE('',*,*,#370,.F.);
#204=ORIENTED_EDGE('',*,*,#371,.F.);
#205=ORIENTED_EDGE('',*,*,#353,.T.);
#206=ORIENTED_EDGE('',*,*,#363,.T.);
#207=ORIENTED_EDGE('',*,*,#372,.F.);
#208=ORIENTED_EDGE('',*,*,#371,.T.);
#209=ORIENTED_EDGE('',*,*,#373,.T.);
#210=ORIENTED_EDGE('',*,*,#364,.T.);
#211=ORIENTED_EDGE('',*,*,#373,.F.);
#212=ORIENTED_EDGE('',*,*,#370,.T.);
#213=ORIENTED_EDGE('',*,*,#366,.T.);
#214=ORIENTED_EDGE('',*,*,#362,.T.);
#215=ORIENTED_EDGE('',*,*,#368,.F.);
#216=ORIENTED_EDGE('',*,*,#369,.T.);
#217=ORIENTED_EDGE('',*,*,#372,.T.);
#218=ORIENTED_EDGE('',*,*,#352,.F.);
#219=ORIENTED_EDGE('',*,*,#343,.F.);
#220=ORIENTED_EDGE('',*,*,#350,.T.);
#221=ORIENTED_EDGE('',*,*,#347,.F.);
#222=ORIENTED_EDGE('',*,*,#374,.T.);
#223=ORIENTED_EDGE('',*,*,#374,.F.);
#224=ORIENTED_EDGE('',*,*,#341,.T.);
#225=ORIENTED_EDGE('',*,*,#351,.T.);
#226=ORIENTED_EDGE('',*,*,#345,.T.);
#227=ORIENTED_EDGE('',*,*,#349,.F.);
#228=ORIENTED_EDGE('',*,*,#375,.F.);
#229=ORIENTED_EDGE('',*,*,#376,.F.);
#230=ORIENTED_EDGE('',*,*,#377,.F.);
#231=ORIENTED_EDGE('',*,*,#378,.T.);
#232=ORIENTED_EDGE('',*,*,#379,.T.);
#233=ORIENTED_EDGE('',*,*,#380,.F.);
#234=ORIENTED_EDGE('',*,*,#381,.F.);
#235=ORIENTED_EDGE('',*,*,#382,.T.);
#236=ORIENTED_EDGE('',*,*,#383,.T.);
#237=ORIENTED_EDGE('',*,*,#384,.F.);
#238=ORIENTED_EDGE('',*,*,#385,.F.);
#239=ORIENTED_EDGE('',*,*,#382,.F.);
#240=ORIENTED_EDGE('',*,*,#386,.F.);
#241=ORIENTED_EDGE('',*,*,#387,.F.);
#242=ORIENTED_EDGE('',*,*,#383,.F.);
#243=ORIENTED_EDGE('',*,*,#385,.T.);
#244=ORIENTED_EDGE('',*,*,#388,.T.);
#245=ORIENTED_EDGE('',*,*,#389,.F.);
#246=ORIENTED_EDGE('',*,*,#390,.F.);
#247=ORIENTED_EDGE('',*,*,#391,.T.);
#248=ORIENTED_EDGE('',*,*,#392,.T.);
#249=ORIENTED_EDGE('',*,*,#393,.F.);
#250=ORIENTED_EDGE('',*,*,#394,.F.);
#251=ORIENTED_EDGE('',*,*,#391,.F.);
#252=ORIENTED_EDGE('',*,*,#395,.F.);
#253=ORIENTED_EDGE('',*,*,#396,.F.);
#254=ORIENTED_EDGE('',*,*,#392,.F.);
#255=ORIENTED_EDGE('',*,*,#394,.T.);
#256=ORIENTED_EDGE('',*,*,#397,.T.);
#257=ORIENTED_EDGE('',*,*,#398,.T.);
#258=ORIENTED_EDGE('',*,*,#399,.F.);
#259=ORIENTED_EDGE('',*,*,#400,.F.);
#260=ORIENTED_EDGE('',*,*,#401,.T.);
#261=ORIENTED_EDGE('',*,*,#400,.T.);
#262=ORIENTED_EDGE('',*,*,#402,.T.);
#263=ORIENTED_EDGE('',*,*,#403,.T.);
#264=ORIENTED_EDGE('',*,*,#404,.T.);
#265=ORIENTED_EDGE('',*,*,#405,.T.);
#266=ORIENTED_EDGE('',*,*,#401,.F.);
#267=ORIENTED_EDGE('',*,*,#404,.F.);
#268=ORIENTED_EDGE('',*,*,#406,.T.);
#269=ORIENTED_EDGE('',*,*,#407,.T.);
#270=ORIENTED_EDGE('',*,*,#398,.F.);
#271=ORIENTED_EDGE('',*,*,#405,.F.);
#272=ORIENTED_EDGE('',*,*,#408,.T.);
#273=ORIENTED_EDGE('',*,*,#409,.T.);
#274=ORIENTED_EDGE('',*,*,#376,.T.);
#275=ORIENTED_EDGE('',*,*,#410,.F.);
#276=ORIENTED_EDGE('',*,*,#380,.T.);
#277=ORIENTED_EDGE('',*,*,#387,.T.);
#278=ORIENTED_EDGE('',*,*,#411,.F.);
#279=ORIENTED_EDGE('',*,*,#389,.T.);
#280=ORIENTED_EDGE('',*,*,#396,.T.);
#281=ORIENTED_EDGE('',*,*,#412,.T.);
#282=ORIENTED_EDGE('',*,*,#409,.F.);
#283=ORIENTED_EDGE('',*,*,#413,.F.);
#284=ORIENTED_EDGE('',*,*,#414,.T.);
#285=ORIENTED_EDGE('',*,*,#377,.T.);
#286=ORIENTED_EDGE('',*,*,#415,.F.);
#287=ORIENTED_EDGE('',*,*,#416,.F.);
#288=ORIENTED_EDGE('',*,*,#378,.F.);
#289=ORIENTED_EDGE('',*,*,#414,.F.);
#290=ORIENTED_EDGE('',*,*,#417,.T.);
#291=ORIENTED_EDGE('',*,*,#418,.F.);
#292=ORIENTED_EDGE('',*,*,#419,.F.);
#293=ORIENTED_EDGE('',*,*,#386,.T.);
#294=ORIENTED_EDGE('',*,*,#381,.T.);
#295=ORIENTED_EDGE('',*,*,#410,.T.);
#296=ORIENTED_EDGE('',*,*,#379,.F.);
#297=ORIENTED_EDGE('',*,*,#416,.T.);
#298=ORIENTED_EDGE('',*,*,#419,.T.);
#299=ORIENTED_EDGE('',*,*,#420,.T.);
#300=ORIENTED_EDGE('',*,*,#421,.T.);
#301=ORIENTED_EDGE('',*,*,#395,.T.);
#302=ORIENTED_EDGE('',*,*,#390,.T.);
#303=ORIENTED_EDGE('',*,*,#411,.T.);
#304=ORIENTED_EDGE('',*,*,#388,.F.);
#305=ORIENTED_EDGE('',*,*,#384,.T.);
#306=ORIENTED_EDGE('',*,*,#422,.T.);
#307=ORIENTED_EDGE('',*,*,#402,.F.);
#308=ORIENTED_EDGE('',*,*,#399,.T.);
#309=ORIENTED_EDGE('',*,*,#412,.F.);
#310=ORIENTED_EDGE('',*,*,#397,.F.);
#311=ORIENTED_EDGE('',*,*,#393,.T.);
#312=ORIENTED_EDGE('',*,*,#421,.F.);
#313=ORIENTED_EDGE('',*,*,#423,.T.);
#314=ORIENTED_EDGE('',*,*,#417,.F.);
#315=ORIENTED_EDGE('',*,*,#415,.T.);
#316=ORIENTED_EDGE('',*,*,#413,.T.);
#317=ORIENTED_EDGE('',*,*,#408,.F.);
#318=ORIENTED_EDGE('',*,*,#406,.F.);
#319=ORIENTED_EDGE('',*,*,#403,.F.);
#320=ORIENTED_EDGE('',*,*,#422,.F.);
#321=ORIENTED_EDGE('',*,*,#424,.F.);
#322=ORIENTED_EDGE('',*,*,#425,.T.);
#323=ORIENTED_EDGE('',*,*,#424,.T.);
#324=ORIENTED_EDGE('',*,*,#423,.F.);
#325=ORIENTED_EDGE('',*,*,#420,.F.);
#326=ORIENTED_EDGE('',*,*,#418,.T.);
#327=ORIENTED_EDGE('',*,*,#426,.F.);
#328=ORIENTED_EDGE('',*,*,#425,.F.);
#329=ORIENTED_EDGE('',*,*,#426,.T.);
#330=ORIENTED_EDGE('',*,*,#375,.T.);
#331=ORIENTED_EDGE('',*,*,#427,.T.);
#332=ORIENTED_EDGE('',*,*,#407,.F.);
#333=ORIENTED_EDGE('',*,*,#428,.F.);
#334=ORIENTED_EDGE('',*,*,#427,.F.);
#335=ORIENTED_EDGE('',*,*,#429,.F.);
#336=ORIENTED_EDGE('',*,*,#430,.F.);
#337=ORIENTED_EDGE('',*,*,#429,.T.);
#338=ORIENTED_EDGE('',*,*,#430,.T.);
#339=ORIENTED_EDGE('',*,*,#428,.T.);
#340=EDGE_CURVE('',#431,#431,#498,.T.);
#341=EDGE_CURVE('',#432,#433,#145,.T.);
#342=EDGE_CURVE('',#434,#432,#41,.T.);
#343=EDGE_CURVE('',#434,#435,#146,.T.);
#344=EDGE_CURVE('',#435,#433,#42,.T.);
#345=EDGE_CURVE('',#436,#437,#147,.T.);
#346=EDGE_CURVE('',#436,#438,#43,.T.);
#347=EDGE_CURVE('',#438,#439,#148,.T.);
#348=EDGE_CURVE('',#437,#439,#44,.T.);
#349=EDGE_CURVE('',#432,#437,#149,.T.);
#350=EDGE_CURVE('',#434,#439,#150,.T.);
#351=EDGE_CURVE('',#433,#436,#151,.T.);
#352=EDGE_CURVE('',#435,#438,#152,.T.);
#353=EDGE_CURVE('',#440,#440,#499,.T.);
#354=EDGE_CURVE('',#441,#441,#500,.T.);
#355=EDGE_CURVE('',#442,#442,#501,.T.);
#356=EDGE_CURVE('',#443,#443,#502,.T.);
#357=EDGE_CURVE('',#444,#444,#503,.T.);
#358=EDGE_CURVE('',#445,#445,#504,.T.);
#359=EDGE_CURVE('',#446,#446,#505,.T.);
#360=EDGE_CURVE('',#447,#447,#506,.T.);
#361=EDGE_CURVE('',#448,#448,#507,.T.);
#362=EDGE_CURVE('',#449,#450,#153,.T.);
#363=EDGE_CURVE('',#451,#449,#508,.T.);
#364=EDGE_CURVE('',#452,#451,#154,.T.);
#365=EDGE_CURVE('',#452,#450,#509,.T.);
#366=EDGE_CURVE('',#453,#452,#24,.T.);
#367=EDGE_CURVE('',#453,#454,#510,.T.);
#368=EDGE_CURVE('',#454,#450,#25,.T.);
#369=EDGE_CURVE('',#454,#455,#155,.T.);
#370=EDGE_CURVE('',#456,#453,#156,.T.);
#371=EDGE_CURVE('',#455,#456,#511,.T.);
#372=EDGE_CURVE('',#455,#449,#26,.T.);
#373=EDGE_CURVE('',#456,#451,#27,.T.);
#374=EDGE_CURVE('',#457,#457,#512,.T.);
#375=EDGE_CURVE('',#458,#458,#157,.T.);
#376=EDGE_CURVE('',#459,#460,#45,.T.);
#377=EDGE_CURVE('',#461,#459,#46,.T.);
#378=EDGE_CURVE('',#461,#462,#47,.T.);
#379=EDGE_CURVE('',#462,#460,#48,.T.);
#380=EDGE_CURVE('',#463,#464,#49,.T.);
#381=EDGE_CURVE('',#465,#463,#50,.T.);
#382=EDGE_CURVE('',#465,#466,#51,.T.);
#383=EDGE_CURVE('',#466,#464,#52,.T.);
#384=EDGE_CURVE('',#467,#468,#53,.T.);
#385=EDGE_CURVE('',#466,#467,#54,.T.);
#386=EDGE_CURVE('',#468,#465,#55,.T.);
#387=EDGE_CURVE('',#464,#469,#56,.T.);
#388=EDGE_CURVE('',#467,#469,#57,.T.);
#389=EDGE_CURVE('',#470,#471,#58,.T.);
#390=EDGE_CURVE('',#472,#470,#59,.T.);
#391=EDGE_CURVE('',#472,#473,#60,.T.);
#392=EDGE_CURVE('',#473,#471,#61,.T.);
#393=EDGE_CURVE('',#474,#475,#62,.T.);
#394=EDGE_CURVE('',#473,#474,#63,.T.);
#395=EDGE_CURVE('',#475,#472,#64,.T.);
#396=EDGE_CURVE('',#471,#476,#65,.T.);
#397=EDGE_CURVE('',#474,#476,#66,.T.);
#398=EDGE_CURVE('',#477,#478,#67,.T.);
#399=EDGE_CURVE('',#479,#478,#68,.T.);
#400=EDGE_CURVE('',#480,#479,#69,.T.);
#401=EDGE_CURVE('',#480,#477,#70,.T.);
#402=EDGE_CURVE('',#479,#481,#71,.T.);
#403=EDGE_CURVE('',#481,#482,#72,.T.);
#404=EDGE_CURVE('',#482,#480,#73,.T.);
#405=EDGE_CURVE('',#483,#477,#74,.T.);
#406=EDGE_CURVE('',#482,#483,#75,.T.);
#407=EDGE_CURVE('',#484,#484,#513,.T.);
#408=EDGE_CURVE('',#483,#485,#76,.T.);
#409=EDGE_CURVE('',#485,#459,#77,.T.);
#410=EDGE_CURVE('',#463,#460,#78,.T.);
#411=EDGE_CURVE('',#470,#469,#79,.T.);
#412=EDGE_CURVE('',#476,#478,#80,.T.);
#413=EDGE_CURVE('',#486,#485,#81,.T.);
#414=EDGE_CURVE('',#486,#461,#82,.T.);
#415=EDGE_CURVE('',#487,#486,#83,.T.);
#416=EDGE_CURVE('',#462,#487,#84,.T.);
#417=EDGE_CURVE('',#487,#488,#85,.T.);
#418=EDGE_CURVE('',#489,#488,#86,.T.);
#419=EDGE_CURVE('',#468,#489,#87,.T.);
#420=EDGE_CURVE('',#489,#490,#88,.T.);
#421=EDGE_CURVE('',#490,#475,#89,.T.);
#422=EDGE_CURVE('',#491,#481,#90,.T.);
#423=EDGE_CURVE('',#490,#491,#91,.T.);
#424=EDGE_CURVE('',#488,#491,#92,.T.);
#425=EDGE_CURVE('',#492,#492,#514,.T.);
#426=EDGE_CURVE('',#493,#493,#515,.T.);
#427=EDGE_CURVE('',#494,#494,#516,.T.);
#428=EDGE_CURVE('',#495,#495,#517,.T.);
#429=EDGE_CURVE('',#496,#496,#518,.T.);
#430=EDGE_CURVE('',#497,#497,#519,.T.);
#431=VERTEX_POINT('',#1321);
#432=VERTEX_POINT('',#1329);
#433=VERTEX_POINT('',#1330);
#434=VERTEX_POINT('',#1332);
#435=VERTEX_POINT('',#1340);
#436=VERTEX_POINT('',#1350);
#437=VERTEX_POINT('',#1351);
#438=VERTEX_POINT('',#1353);
#439=VERTEX_POINT('',#1361);
#440=VERTEX_POINT('',#1395);
#441=VERTEX_POINT('',#1398);
#442=VERTEX_POINT('',#1401);
#443=VERTEX_POINT('',#1404);
#444=VERTEX_POINT('',#1407);
#445=VERTEX_POINT('',#1410);
#446=VERTEX_POINT('',#1413);
#447=VERTEX_POINT('',#1416);
#448=VERTEX_POINT('',#1419);
#449=VERTEX_POINT('',#1432);
#450=VERTEX_POINT('',#1433);
#451=VERTEX_POINT('',#1435);
#452=VERTEX_POINT('',#1440);
#453=VERTEX_POINT('',#1684);
#454=VERTEX_POINT('',#1686);
#455=VERTEX_POINT('',#1934);
#456=VERTEX_POINT('',#1946);
#457=VERTEX_POINT('',#3355);
#458=VERTEX_POINT('',#3431);
#459=VERTEX_POINT('',#3434);
#460=VERTEX_POINT('',#3435);
#461=VERTEX_POINT('',#3437);
#462=VERTEX_POINT('',#3439);
#463=VERTEX_POINT('',#3443);
#464=VERTEX_POINT('',#3444);
#465=VERTEX_POINT('',#3446);
#466=VERTEX_POINT('',#3448);
#467=VERTEX_POINT('',#3452);
#468=VERTEX_POINT('',#3453);
#469=VERTEX_POINT('',#3458);
#470=VERTEX_POINT('',#3462);
#471=VERTEX_POINT('',#3463);
#472=VERTEX_POINT('',#3465);
#473=VERTEX_POINT('',#3467);
#474=VERTEX_POINT('',#3471);
#475=VERTEX_POINT('',#3472);
#476=VERTEX_POINT('',#3477);
#477=VERTEX_POINT('',#3481);
#478=VERTEX_POINT('',#3482);
#479=VERTEX_POINT('',#3484);
#480=VERTEX_POINT('',#3486);
#481=VERTEX_POINT('',#3490);
#482=VERTEX_POINT('',#3492);
#483=VERTEX_POINT('',#3496);
#484=VERTEX_POINT('',#3500);
#485=VERTEX_POINT('',#3502);
#486=VERTEX_POINT('',#3509);
#487=VERTEX_POINT('',#3513);
#488=VERTEX_POINT('',#3517);
#489=VERTEX_POINT('',#3519);
#490=VERTEX_POINT('',#3523);
#491=VERTEX_POINT('',#3527);
#492=VERTEX_POINT('',#3533);
#493=VERTEX_POINT('',#3536);
#494=VERTEX_POINT('',#3540);
#495=VERTEX_POINT('',#3543);
#496=VERTEX_POINT('',#3546);
#497=VERTEX_POINT('',#3549);
#498=CIRCLE('',#1070,2.56774264243238);
#499=CIRCLE('',#1075,2.56774264243238);
#500=CIRCLE('',#1077,0.480752347781158);
#501=CIRCLE('',#1079,0.480752347781158);
#502=CIRCLE('',#1081,0.735155955731318);
#503=CIRCLE('',#1083,0.735155955731318);
#504=CIRCLE('',#1085,2.24164034814154);
#505=CIRCLE('',#1087,2.24164034814154);
#506=CIRCLE('',#1089,2.56774264243238);
#507=CIRCLE('',#1091,2.56774264243238);
#508=CIRCLE('',#1093,2.67877595962128);
#509=CIRCLE('',#1094,3.10206317392988);
#510=CIRCLE('',#1096,3.10206317392988);
#511=CIRCLE('',#1098,2.67877595962128);
#512=CIRCLE('',#1100,2.3506768614665);
#513=CIRCLE('',#1113,1.72829253232429);
#514=CIRCLE('',#1121,2.67847367238593);
#515=CIRCLE('',#1123,2.67847367238593);
#516=CIRCLE('',#1126,1.72829253232429);
#517=CIRCLE('',#1128,0.45);
#518=CIRCLE('',#1130,0.323379484574803);
#519=CIRCLE('',#1132,0.45);
#520=EDGE_LOOP('',(#158));
#521=EDGE_LOOP('',(#159,#160,#161,#162));
#522=EDGE_LOOP('',(#163,#164,#165,#166));
#523=EDGE_LOOP('',(#167,#168,#169,#170));
#524=EDGE_LOOP('',(#171,#172,#173,#174));
#525=EDGE_LOOP('',(#175));
#526=EDGE_LOOP('',(#176));
#527=EDGE_LOOP('',(#177));
#528=EDGE_LOOP('',(#178));
#529=EDGE_LOOP('',(#179));
#530=EDGE_LOOP('',(#180));
#531=EDGE_LOOP('',(#181));
#532=EDGE_LOOP('',(#182));
#533=EDGE_LOOP('',(#183));
#534=EDGE_LOOP('',(#184));
#535=EDGE_LOOP('',(#185));
#536=EDGE_LOOP('',(#186));
#537=EDGE_LOOP('',(#187));
#538=EDGE_LOOP('',(#188));
#539=EDGE_LOOP('',(#189));
#540=EDGE_LOOP('',(#190));
#541=EDGE_LOOP('',(#191));
#542=EDGE_LOOP('',(#192,#193,#194,#195));
#543=EDGE_LOOP('',(#196));
#544=EDGE_LOOP('',(#197,#198,#199,#200));
#545=EDGE_LOOP('',(#201,#202,#203,#204));
#546=EDGE_LOOP('',(#205));
#547=EDGE_LOOP('',(#206,#207,#208,#209));
#548=EDGE_LOOP('',(#210,#211,#212,#213));
#549=EDGE_LOOP('',(#214,#215,#216,#217));
#550=EDGE_LOOP('',(#218,#219,#220,#221));
#551=EDGE_LOOP('',(#222));
#552=EDGE_LOOP('',(#223));
#553=EDGE_LOOP('',(#224,#225,#226,#227));
#554=EDGE_LOOP('',(#228));
#555=EDGE_LOOP('',(#229,#230,#231,#232));
#556=EDGE_LOOP('',(#233,#234,#235,#236));
#557=EDGE_LOOP('',(#237,#238,#239,#240));
#558=EDGE_LOOP('',(#241,#242,#243,#244));
#559=EDGE_LOOP('',(#245,#246,#247,#248));
#560=EDGE_LOOP('',(#249,#250,#251,#252));
#561=EDGE_LOOP('',(#253,#254,#255,#256));
#562=EDGE_LOOP('',(#257,#258,#259,#260));
#563=EDGE_LOOP('',(#261,#262,#263,#264));
#564=EDGE_LOOP('',(#265,#266,#267,#268));
#565=EDGE_LOOP('',(#269));
#566=EDGE_LOOP('',(#270,#271,#272,#273,#274,#275,#276,#277,#278,#279,#280,
#281));
#567=EDGE_LOOP('',(#282,#283,#284,#285));
#568=EDGE_LOOP('',(#286,#287,#288,#289));
#569=EDGE_LOOP('',(#290,#291,#292,#293,#294,#295,#296,#297));
#570=EDGE_LOOP('',(#298,#299,#300,#301,#302,#303,#304,#305));
#571=EDGE_LOOP('',(#306,#307,#308,#309,#310,#311,#312,#313));
#572=EDGE_LOOP('',(#314,#315,#316,#317,#318,#319,#320,#321));
#573=EDGE_LOOP('',(#322));
#574=EDGE_LOOP('',(#323,#324,#325,#326));
#575=EDGE_LOOP('',(#327));
#576=EDGE_LOOP('',(#328));
#577=EDGE_LOOP('',(#329));
#578=EDGE_LOOP('',(#330));
#579=EDGE_LOOP('',(#331));
#580=EDGE_LOOP('',(#332));
#581=EDGE_LOOP('',(#333));
#582=EDGE_LOOP('',(#334));
#583=EDGE_LOOP('',(#335));
#584=EDGE_LOOP('',(#336));
#585=EDGE_LOOP('',(#337));
#586=EDGE_LOOP('',(#338));
#587=EDGE_LOOP('',(#339));
#588=FACE_BOUND('',#520,.T.);
#589=FACE_BOUND('',#521,.T.);
#590=FACE_BOUND('',#522,.T.);
#591=FACE_BOUND('',#523,.T.);
#592=FACE_BOUND('',#524,.T.);
#593=FACE_BOUND('',#525,.T.);
#594=FACE_BOUND('',#526,.T.);
#595=FACE_BOUND('',#527,.T.);
#596=FACE_BOUND('',#528,.T.);
#597=FACE_BOUND('',#529,.T.);
#598=FACE_BOUND('',#530,.T.);
#599=FACE_BOUND('',#531,.T.);
#600=FACE_BOUND('',#532,.T.);
#601=FACE_BOUND('',#533,.T.);
#602=FACE_BOUND('',#534,.T.);
#603=FACE_BOUND('',#535,.T.);
#604=FACE_BOUND('',#536,.T.);
#605=FACE_BOUND('',#537,.T.);
#606=FACE_BOUND('',#538,.T.);
#607=FACE_BOUND('',#539,.T.);
#608=FACE_BOUND('',#540,.T.);
#609=FACE_BOUND('',#541,.T.);
#610=FACE_BOUND('',#542,.T.);
#611=FACE_BOUND('',#543,.T.);
#612=FACE_BOUND('',#544,.T.);
#613=FACE_BOUND('',#545,.T.);
#614=FACE_BOUND('',#546,.T.);
#615=FACE_BOUND('',#547,.T.);
#616=FACE_BOUND('',#548,.T.);
#617=FACE_BOUND('',#549,.T.);
#618=FACE_BOUND('',#550,.T.);
#619=FACE_BOUND('',#551,.T.);
#620=FACE_BOUND('',#552,.T.);
#621=FACE_BOUND('',#553,.T.);
#622=FACE_BOUND('',#554,.T.);
#623=FACE_BOUND('',#555,.T.);
#624=FACE_BOUND('',#556,.T.);
#625=FACE_BOUND('',#557,.T.);
#626=FACE_BOUND('',#558,.T.);
#627=FACE_BOUND('',#559,.T.);
#628=FACE_BOUND('',#560,.T.);
#629=FACE_BOUND('',#561,.T.);
#630=FACE_BOUND('',#562,.T.);
#631=FACE_BOUND('',#563,.T.);
#632=FACE_BOUND('',#564,.T.);
#633=FACE_BOUND('',#565,.T.);
#634=FACE_BOUND('',#566,.T.);
#635=FACE_BOUND('',#567,.T.);
#636=FACE_BOUND('',#568,.T.);
#637=FACE_BOUND('',#569,.T.);
#638=FACE_BOUND('',#570,.T.);
#639=FACE_BOUND('',#571,.T.);
#640=FACE_BOUND('',#572,.T.);
#641=FACE_BOUND('',#573,.T.);
#642=FACE_BOUND('',#574,.T.);
#643=FACE_BOUND('',#575,.T.);
#644=FACE_BOUND('',#576,.T.);
#645=FACE_BOUND('',#577,.T.);
#646=FACE_BOUND('',#578,.T.);
#647=FACE_BOUND('',#579,.T.);
#648=FACE_BOUND('',#580,.T.);
#649=FACE_BOUND('',#581,.T.);
#650=FACE_BOUND('',#582,.T.);
#651=FACE_BOUND('',#583,.T.);
#652=FACE_BOUND('',#584,.T.);
#653=FACE_BOUND('',#585,.T.);
#654=FACE_BOUND('',#586,.T.);
#655=FACE_BOUND('',#587,.T.);
#656=PLANE('',#1069);
#657=PLANE('',#1071);
#658=PLANE('',#1072);
#659=PLANE('',#1073);
#660=PLANE('',#1076);
#661=PLANE('',#1080);
#662=PLANE('',#1084);
#663=PLANE('',#1088);
#664=PLANE('',#1101);
#665=PLANE('',#1102);
#666=PLANE('',#1103);
#667=PLANE('',#1104);
#668=PLANE('',#1105);
#669=PLANE('',#1106);
#670=PLANE('',#1107);
#671=PLANE('',#1108);
#672=PLANE('',#1109);
#673=PLANE('',#1110);
#674=PLANE('',#1111);
#675=PLANE('',#1112);
#676=PLANE('',#1114);
#677=PLANE('',#1115);
#678=PLANE('',#1116);
#679=PLANE('',#1117);
#680=PLANE('',#1118);
#681=PLANE('',#1119);
#682=PLANE('',#1120);
#683=PLANE('',#1124);
#684=PLANE('',#1127);
#685=PLANE('',#1129);
#686=STYLED_ITEM('',(#733),#1017);
#687=STYLED_ITEM('',(#734),#1018);
#688=STYLED_ITEM('',(#735),#1019);
#689=STYLED_ITEM('',(#736),#1020);
#690=STYLED_ITEM('',(#737),#1021);
#691=STYLED_ITEM('',(#738),#1022);
#692=STYLED_ITEM('',(#739),#1023);
#693=STYLED_ITEM('',(#740),#1024);
#694=STYLED_ITEM('',(#741),#1025);
#695=STYLED_ITEM('',(#742),#1026);
#696=STYLED_ITEM('',(#743),#1027);
#697=STYLED_ITEM('',(#744),#1028);
#698=STYLED_ITEM('',(#745),#1029);
#699=STYLED_ITEM('',(#746),#1030);
#700=STYLED_ITEM('',(#747),#1031);
#701=STYLED_ITEM('',(#748),#1032);
#702=STYLED_ITEM('',(#749),#1033);
#703=STYLED_ITEM('',(#750),#1034);
#704=STYLED_ITEM('',(#751),#1035);
#705=STYLED_ITEM('',(#752),#1036);
#706=STYLED_ITEM('',(#753),#1037);
#707=STYLED_ITEM('',(#754),#1038);
#708=STYLED_ITEM('',(#755),#1039);
#709=STYLED_ITEM('',(#756),#1040);
#710=STYLED_ITEM('',(#757),#1041);
#711=STYLED_ITEM('',(#758),#1042);
#712=STYLED_ITEM('',(#759),#1043);
#713=STYLED_ITEM('',(#760),#1044);
#714=STYLED_ITEM('',(#761),#1045);
#715=STYLED_ITEM('',(#762),#1046);
#716=STYLED_ITEM('',(#763),#1047);
#717=STYLED_ITEM('',(#764),#1048);
#718=STYLED_ITEM('',(#765),#1049);
#719=STYLED_ITEM('',(#766),#1050);
#720=STYLED_ITEM('',(#767),#1051);
#721=STYLED_ITEM('',(#768),#1052);
#722=STYLED_ITEM('',(#769),#1053);
#723=STYLED_ITEM('',(#770),#1054);
#724=STYLED_ITEM('',(#771),#1055);
#725=STYLED_ITEM('',(#772),#1056);
#726=STYLED_ITEM('',(#773),#1057);
#727=STYLED_ITEM('',(#774),#1058);
#728=STYLED_ITEM('',(#775),#1059);
#729=STYLED_ITEM('',(#776),#1060);
#730=STYLED_ITEM('',(#777),#1061);
#731=STYLED_ITEM('',(#778),#1062);
#732=STYLED_ITEM('',(#779),#1063);
#733=PRESENTATION_STYLE_ASSIGNMENT((#780));
#734=PRESENTATION_STYLE_ASSIGNMENT((#781));
#735=PRESENTATION_STYLE_ASSIGNMENT((#782));
#736=PRESENTATION_STYLE_ASSIGNMENT((#783));
#737=PRESENTATION_STYLE_ASSIGNMENT((#784));
#738=PRESENTATION_STYLE_ASSIGNMENT((#785));
#739=PRESENTATION_STYLE_ASSIGNMENT((#786));
#740=PRESENTATION_STYLE_ASSIGNMENT((#787));
#741=PRESENTATION_STYLE_ASSIGNMENT((#788));
#742=PRESENTATION_STYLE_ASSIGNMENT((#789));
#743=PRESENTATION_STYLE_ASSIGNMENT((#790));
#744=PRESENTATION_STYLE_ASSIGNMENT((#791));
#745=PRESENTATION_STYLE_ASSIGNMENT((#792));
#746=PRESENTATION_STYLE_ASSIGNMENT((#793));
#747=PRESENTATION_STYLE_ASSIGNMENT((#794));
#748=PRESENTATION_STYLE_ASSIGNMENT((#795));
#749=PRESENTATION_STYLE_ASSIGNMENT((#796));
#750=PRESENTATION_STYLE_ASSIGNMENT((#797));
#751=PRESENTATION_STYLE_ASSIGNMENT((#798));
#752=PRESENTATION_STYLE_ASSIGNMENT((#799));
#753=PRESENTATION_STYLE_ASSIGNMENT((#800));
#754=PRESENTATION_STYLE_ASSIGNMENT((#801));
#755=PRESENTATION_STYLE_ASSIGNMENT((#802));
#756=PRESENTATION_STYLE_ASSIGNMENT((#803));
#757=PRESENTATION_STYLE_ASSIGNMENT((#804));
#758=PRESENTATION_STYLE_ASSIGNMENT((#805));
#759=PRESENTATION_STYLE_ASSIGNMENT((#806));
#760=PRESENTATION_STYLE_ASSIGNMENT((#807));
#761=PRESENTATION_STYLE_ASSIGNMENT((#808));
#762=PRESENTATION_STYLE_ASSIGNMENT((#809));
#763=PRESENTATION_STYLE_ASSIGNMENT((#810));
#764=PRESENTATION_STYLE_ASSIGNMENT((#811));
#765=PRESENTATION_STYLE_ASSIGNMENT((#812));
#766=PRESENTATION_STYLE_ASSIGNMENT((#813));
#767=PRESENTATION_STYLE_ASSIGNMENT((#814));
#768=PRESENTATION_STYLE_ASSIGNMENT((#815));
#769=PRESENTATION_STYLE_ASSIGNMENT((#816));
#770=PRESENTATION_STYLE_ASSIGNMENT((#817));
#771=PRESENTATION_STYLE_ASSIGNMENT((#818));
#772=PRESENTATION_STYLE_ASSIGNMENT((#819));
#773=PRESENTATION_STYLE_ASSIGNMENT((#820));
#774=PRESENTATION_STYLE_ASSIGNMENT((#821));
#775=PRESENTATION_STYLE_ASSIGNMENT((#822));
#776=PRESENTATION_STYLE_ASSIGNMENT((#823));
#777=PRESENTATION_STYLE_ASSIGNMENT((#824));
#778=PRESENTATION_STYLE_ASSIGNMENT((#825));
#779=PRESENTATION_STYLE_ASSIGNMENT((#826));
#780=SURFACE_STYLE_USAGE(.BOTH.,#827);
#781=SURFACE_STYLE_USAGE(.BOTH.,#828);
#782=SURFACE_STYLE_USAGE(.BOTH.,#829);
#783=SURFACE_STYLE_USAGE(.BOTH.,#830);
#784=SURFACE_STYLE_USAGE(.BOTH.,#831);
#785=SURFACE_STYLE_USAGE(.BOTH.,#832);
#786=SURFACE_STYLE_USAGE(.BOTH.,#833);
#787=SURFACE_STYLE_USAGE(.BOTH.,#834);
#788=SURFACE_STYLE_USAGE(.BOTH.,#835);
#789=SURFACE_STYLE_USAGE(.BOTH.,#836);
#790=SURFACE_STYLE_USAGE(.BOTH.,#837);
#791=SURFACE_STYLE_USAGE(.BOTH.,#838);
#792=SURFACE_STYLE_USAGE(.BOTH.,#839);
#793=SURFACE_STYLE_USAGE(.BOTH.,#840);
#794=SURFACE_STYLE_USAGE(.BOTH.,#841);
#795=SURFACE_STYLE_USAGE(.BOTH.,#842);
#796=SURFACE_STYLE_USAGE(.BOTH.,#843);
#797=SURFACE_STYLE_USAGE(.BOTH.,#844);
#798=SURFACE_STYLE_USAGE(.BOTH.,#845);
#799=SURFACE_STYLE_USAGE(.BOTH.,#846);
#800=SURFACE_STYLE_USAGE(.BOTH.,#847);
#801=SURFACE_STYLE_USAGE(.BOTH.,#848);
#802=SURFACE_STYLE_USAGE(.BOTH.,#849);
#803=SURFACE_STYLE_USAGE(.BOTH.,#850);
#804=SURFACE_STYLE_USAGE(.BOTH.,#851);
#805=SURFACE_STYLE_USAGE(.BOTH.,#852);
#806=SURFACE_STYLE_USAGE(.BOTH.,#853);
#807=SURFACE_STYLE_USAGE(.BOTH.,#854);
#808=SURFACE_STYLE_USAGE(.BOTH.,#855);
#809=SURFACE_STYLE_USAGE(.BOTH.,#856);
#810=SURFACE_STYLE_USAGE(.BOTH.,#857);
#811=SURFACE_STYLE_USAGE(.BOTH.,#858);
#812=SURFACE_STYLE_USAGE(.BOTH.,#859);
#813=SURFACE_STYLE_USAGE(.BOTH.,#860);
#814=SURFACE_STYLE_USAGE(.BOTH.,#861);
#815=SURFACE_STYLE_USAGE(.BOTH.,#862);
#816=SURFACE_STYLE_USAGE(.BOTH.,#863);
#817=SURFACE_STYLE_USAGE(.BOTH.,#864);
#818=SURFACE_STYLE_USAGE(.BOTH.,#865);
#819=SURFACE_STYLE_USAGE(.BOTH.,#866);
#820=SURFACE_STYLE_USAGE(.BOTH.,#867);
#821=SURFACE_STYLE_USAGE(.BOTH.,#868);
#822=SURFACE_STYLE_USAGE(.BOTH.,#869);
#823=SURFACE_STYLE_USAGE(.BOTH.,#870);
#824=SURFACE_STYLE_USAGE(.BOTH.,#871);
#825=SURFACE_STYLE_USAGE(.BOTH.,#872);
#826=SURFACE_STYLE_USAGE(.BOTH.,#873);
#827=SURFACE_SIDE_STYLE('',(#874));
#828=SURFACE_SIDE_STYLE('',(#875));
#829=SURFACE_SIDE_STYLE('',(#876));
#830=SURFACE_SIDE_STYLE('',(#877));
#831=SURFACE_SIDE_STYLE('',(#878));
#832=SURFACE_SIDE_STYLE('',(#879));
#833=SURFACE_SIDE_STYLE('',(#880));
#834=SURFACE_SIDE_STYLE('',(#881));
#835=SURFACE_SIDE_STYLE('',(#882));
#836=SURFACE_SIDE_STYLE('',(#883));
#837=SURFACE_SIDE_STYLE('',(#884));
#838=SURFACE_SIDE_STYLE('',(#885));
#839=SURFACE_SIDE_STYLE('',(#886));
#840=SURFACE_SIDE_STYLE('',(#887));
#841=SURFACE_SIDE_STYLE('',(#888));
#842=SURFACE_SIDE_STYLE('',(#889));
#843=SURFACE_SIDE_STYLE('',(#890));
#844=SURFACE_SIDE_STYLE('',(#891));
#845=SURFACE_SIDE_STYLE('',(#892));
#846=SURFACE_SIDE_STYLE('',(#893));
#847=SURFACE_SIDE_STYLE('',(#894));
#848=SURFACE_SIDE_STYLE('',(#895));
#849=SURFACE_SIDE_STYLE('',(#896));
#850=SURFACE_SIDE_STYLE('',(#897));
#851=SURFACE_SIDE_STYLE('',(#898));
#852=SURFACE_SIDE_STYLE('',(#899));
#853=SURFACE_SIDE_STYLE('',(#900));
#854=SURFACE_SIDE_STYLE('',(#901));
#855=SURFACE_SIDE_STYLE('',(#902));
#856=SURFACE_SIDE_STYLE('',(#903));
#857=SURFACE_SIDE_STYLE('',(#904));
#858=SURFACE_SIDE_STYLE('',(#905));
#859=SURFACE_SIDE_STYLE('',(#906));
#860=SURFACE_SIDE_STYLE('',(#907));
#861=SURFACE_SIDE_STYLE('',(#908));
#862=SURFACE_SIDE_STYLE('',(#909));
#863=SURFACE_SIDE_STYLE('',(#910));
#864=SURFACE_SIDE_STYLE('',(#911));
#865=SURFACE_SIDE_STYLE('',(#912));
#866=SURFACE_SIDE_STYLE('',(#913));
#867=SURFACE_SIDE_STYLE('',(#914));
#868=SURFACE_SIDE_STYLE('',(#915));
#869=SURFACE_SIDE_STYLE('',(#916));
#870=SURFACE_SIDE_STYLE('',(#917));
#871=SURFACE_SIDE_STYLE('',(#918));
#872=SURFACE_SIDE_STYLE('',(#919));
#873=SURFACE_SIDE_STYLE('',(#920));
#874=SURFACE_STYLE_FILL_AREA(#921);
#875=SURFACE_STYLE_FILL_AREA(#922);
#876=SURFACE_STYLE_FILL_AREA(#923);
#877=SURFACE_STYLE_FILL_AREA(#924);
#878=SURFACE_STYLE_FILL_AREA(#925);
#879=SURFACE_STYLE_FILL_AREA(#926);
#880=SURFACE_STYLE_FILL_AREA(#927);
#881=SURFACE_STYLE_FILL_AREA(#928);
#882=SURFACE_STYLE_FILL_AREA(#929);
#883=SURFACE_STYLE_FILL_AREA(#930);
#884=SURFACE_STYLE_FILL_AREA(#931);
#885=SURFACE_STYLE_FILL_AREA(#932);
#886=SURFACE_STYLE_FILL_AREA(#933);
#887=SURFACE_STYLE_FILL_AREA(#934);
#888=SURFACE_STYLE_FILL_AREA(#935);
#889=SURFACE_STYLE_FILL_AREA(#936);
#890=SURFACE_STYLE_FILL_AREA(#937);
#891=SURFACE_STYLE_FILL_AREA(#938);
#892=SURFACE_STYLE_FILL_AREA(#939);
#893=SURFACE_STYLE_FILL_AREA(#940);
#894=SURFACE_STYLE_FILL_AREA(#941);
#895=SURFACE_STYLE_FILL_AREA(#942);
#896=SURFACE_STYLE_FILL_AREA(#943);
#897=SURFACE_STYLE_FILL_AREA(#944);
#898=SURFACE_STYLE_FILL_AREA(#945);
#899=SURFACE_STYLE_FILL_AREA(#946);
#900=SURFACE_STYLE_FILL_AREA(#947);
#901=SURFACE_STYLE_FILL_AREA(#948);
#902=SURFACE_STYLE_FILL_AREA(#949);
#903=SURFACE_STYLE_FILL_AREA(#950);
#904=SURFACE_STYLE_FILL_AREA(#951);
#905=SURFACE_STYLE_FILL_AREA(#952);
#906=SURFACE_STYLE_FILL_AREA(#953);
#907=SURFACE_STYLE_FILL_AREA(#954);
#908=SURFACE_STYLE_FILL_AREA(#955);
#909=SURFACE_STYLE_FILL_AREA(#956);
#910=SURFACE_STYLE_FILL_AREA(#957);
#911=SURFACE_STYLE_FILL_AREA(#958);
#912=SURFACE_STYLE_FILL_AREA(#959);
#913=SURFACE_STYLE_FILL_AREA(#960);
#914=SURFACE_STYLE_FILL_AREA(#961);
#915=SURFACE_STYLE_FILL_AREA(#962);
#916=SURFACE_STYLE_FILL_AREA(#963);
#917=SURFACE_STYLE_FILL_AREA(#964);
#918=SURFACE_STYLE_FILL_AREA(#965);
#919=SURFACE_STYLE_FILL_AREA(#966);
#920=SURFACE_STYLE_FILL_AREA(#967);
#921=FILL_AREA_STYLE('',(#968));
#922=FILL_AREA_STYLE('',(#969));
#923=FILL_AREA_STYLE('',(#970));
#924=FILL_AREA_STYLE('',(#971));
#925=FILL_AREA_STYLE('',(#972));
#926=FILL_AREA_STYLE('',(#973));
#927=FILL_AREA_STYLE('',(#974));
#928=FILL_AREA_STYLE('',(#975));
#929=FILL_AREA_STYLE('',(#976));
#930=FILL_AREA_STYLE('',(#977));
#931=FILL_AREA_STYLE('',(#978));
#932=FILL_AREA_STYLE('',(#979));
#933=FILL_AREA_STYLE('',(#980));
#934=FILL_AREA_STYLE('',(#981));
#935=FILL_AREA_STYLE('',(#982));
#936=FILL_AREA_STYLE('',(#983));
#937=FILL_AREA_STYLE('',(#984));
#938=FILL_AREA_STYLE('',(#985));
#939=FILL_AREA_STYLE('',(#986));
#940=FILL_AREA_STYLE('',(#987));
#941=FILL_AREA_STYLE('',(#988));
#942=FILL_AREA_STYLE('',(#989));
#943=FILL_AREA_STYLE('',(#990));
#944=FILL_AREA_STYLE('',(#991));
#945=FILL_AREA_STYLE('',(#992));
#946=FILL_AREA_STYLE('',(#993));
#947=FILL_AREA_STYLE('',(#994));
#948=FILL_AREA_STYLE('',(#995));
#949=FILL_AREA_STYLE('',(#996));
#950=FILL_AREA_STYLE('',(#997));
#951=FILL_AREA_STYLE('',(#998));
#952=FILL_AREA_STYLE('',(#999));
#953=FILL_AREA_STYLE('',(#1000));
#954=FILL_AREA_STYLE('',(#1001));
#955=FILL_AREA_STYLE('',(#1002));
#956=FILL_AREA_STYLE('',(#1003));
#957=FILL_AREA_STYLE('',(#1004));
#958=FILL_AREA_STYLE('',(#1005));
#959=FILL_AREA_STYLE('',(#1006));
#960=FILL_AREA_STYLE('',(#1007));
#961=FILL_AREA_STYLE('',(#1008));
#962=FILL_AREA_STYLE('',(#1009));
#963=FILL_AREA_STYLE('',(#1010));
#964=FILL_AREA_STYLE('',(#1011));
#965=FILL_AREA_STYLE('',(#1012));
#966=FILL_AREA_STYLE('',(#1013));
#967=FILL_AREA_STYLE('',(#1014));
#968=FILL_AREA_STYLE_COLOUR('',#1015);
#969=FILL_AREA_STYLE_COLOUR('',#1015);
#970=FILL_AREA_STYLE_COLOUR('',#1015);
#971=FILL_AREA_STYLE_COLOUR('',#1015);
#972=FILL_AREA_STYLE_COLOUR('',#1015);
#973=FILL_AREA_STYLE_COLOUR('',#1015);
#974=FILL_AREA_STYLE_COLOUR('',#1015);
#975=FILL_AREA_STYLE_COLOUR('',#1015);
#976=FILL_AREA_STYLE_COLOUR('',#1015);
#977=FILL_AREA_STYLE_COLOUR('',#1016);
#978=FILL_AREA_STYLE_COLOUR('',#1015);
#979=FILL_AREA_STYLE_COLOUR('',#1015);
#980=FILL_AREA_STYLE_COLOUR('',#1015);
#981=FILL_AREA_STYLE_COLOUR('',#1015);
#982=FILL_AREA_STYLE_COLOUR('',#1015);
#983=FILL_AREA_STYLE_COLOUR('',#1015);
#984=FILL_AREA_STYLE_COLOUR('',#1015);
#985=FILL_AREA_STYLE_COLOUR('',#1015);
#986=FILL_AREA_STYLE_COLOUR('',#1015);
#987=FILL_AREA_STYLE_COLOUR('',#1015);
#988=FILL_AREA_STYLE_COLOUR('',#1015);
#989=FILL_AREA_STYLE_COLOUR('',#1015);
#990=FILL_AREA_STYLE_COLOUR('',#1015);
#991=FILL_AREA_STYLE_COLOUR('',#1015);
#992=FILL_AREA_STYLE_COLOUR('',#1015);
#993=FILL_AREA_STYLE_COLOUR('',#1015);
#994=FILL_AREA_STYLE_COLOUR('',#1015);
#995=FILL_AREA_STYLE_COLOUR('',#1015);
#996=FILL_AREA_STYLE_COLOUR('',#1015);
#997=FILL_AREA_STYLE_COLOUR('',#1015);
#998=FILL_AREA_STYLE_COLOUR('',#1015);
#999=FILL_AREA_STYLE_COLOUR('',#1015);
#1000=FILL_AREA_STYLE_COLOUR('',#1015);
#1001=FILL_AREA_STYLE_COLOUR('',#1015);
#1002=FILL_AREA_STYLE_COLOUR('',#1015);
#1003=FILL_AREA_STYLE_COLOUR('',#1015);
#1004=FILL_AREA_STYLE_COLOUR('',#1015);
#1005=FILL_AREA_STYLE_COLOUR('',#1015);
#1006=FILL_AREA_STYLE_COLOUR('',#1015);
#1007=FILL_AREA_STYLE_COLOUR('',#1015);
#1008=FILL_AREA_STYLE_COLOUR('',#1015);
#1009=FILL_AREA_STYLE_COLOUR('',#1015);
#1010=FILL_AREA_STYLE_COLOUR('',#1015);
#1011=FILL_AREA_STYLE_COLOUR('',#1016);
#1012=FILL_AREA_STYLE_COLOUR('',#1015);
#1013=FILL_AREA_STYLE_COLOUR('',#1015);
#1014=FILL_AREA_STYLE_COLOUR('',#1015);
#1015=COLOUR_RGB('',0.749019622802734,0.665650486946106,0.449411779642105);
#1016=COLOUR_RGB('',0.949999988079071,0.949999988079071,0.949999988079071);
#1017=ADVANCED_FACE('',(#588,#589),#656,.F.);
#1018=ADVANCED_FACE('',(#590),#657,.F.);
#1019=ADVANCED_FACE('',(#591),#658,.T.);
#1020=ADVANCED_FACE('',(#592),#659,.F.);
#1021=ADVANCED_FACE('',(#593,#594),#31,.T.);
#1022=ADVANCED_FACE('',(#595),#660,.T.);
#1023=ADVANCED_FACE('',(#596,#597),#32,.F.);
#1024=ADVANCED_FACE('',(#598,#599),#661,.T.);
#1025=ADVANCED_FACE('',(#600,#601),#33,.T.);
#1026=ADVANCED_FACE('',(#602,#603),#662,.T.);
#1027=ADVANCED_FACE('',(#604,#605),#34,.F.);
#1028=ADVANCED_FACE('',(#606,#607),#663,.T.);
#1029=ADVANCED_FACE('',(#608,#609),#35,.T.);
#1030=ADVANCED_FACE('',(#610,#611),#28,.T.);
#1031=ADVANCED_FACE('',(#612),#36,.T.);
#1032=ADVANCED_FACE('',(#613,#614),#29,.T.);
#1033=ADVANCED_FACE('',(#615),#37,.T.);
#1034=ADVANCED_FACE('',(#616),#22,.F.);
#1035=ADVANCED_FACE('',(#617),#23,.F.);
#1036=ADVANCED_FACE('',(#618,#619),#20,.F.);
#1037=ADVANCED_FACE('',(#620),#664,.F.);
#1038=ADVANCED_FACE('',(#621,#622),#21,.T.);
#1039=ADVANCED_FACE('',(#623),#665,.T.);
#1040=ADVANCED_FACE('',(#624),#666,.T.);
#1041=ADVANCED_FACE('',(#625),#667,.F.);
#1042=ADVANCED_FACE('',(#626),#668,.T.);
#1043=ADVANCED_FACE('',(#627),#669,.T.);
#1044=ADVANCED_FACE('',(#628),#670,.F.);
#1045=ADVANCED_FACE('',(#629),#671,.T.);
#1046=ADVANCED_FACE('',(#630),#672,.F.);
#1047=ADVANCED_FACE('',(#631),#673,.T.);
#1048=ADVANCED_FACE('',(#632),#674,.F.);
#1049=ADVANCED_FACE('',(#633,#634),#675,.F.);
#1050=ADVANCED_FACE('',(#635),#676,.T.);
#1051=ADVANCED_FACE('',(#636),#677,.F.);
#1052=ADVANCED_FACE('',(#637),#678,.F.);
#1053=ADVANCED_FACE('',(#638),#679,.T.);
#1054=ADVANCED_FACE('',(#639),#680,.F.);
#1055=ADVANCED_FACE('',(#640),#681,.F.);
#1056=ADVANCED_FACE('',(#641,#642),#682,.F.);
#1057=ADVANCED_FACE('',(#643,#644),#38,.T.);
#1058=ADVANCED_FACE('',(#645,#646),#683,.F.);
#1059=ADVANCED_FACE('',(#647,#648),#39,.F.);
#1060=ADVANCED_FACE('',(#649,#650),#684,.F.);
#1061=ADVANCED_FACE('',(#651),#685,.F.);
#1062=ADVANCED_FACE('',(#652,#653),#30,.T.);
#1063=ADVANCED_FACE('',(#654,#655),#40,.T.);
#1064=CLOSED_SHELL('',(#1017,#1018,#1019,#1020,#1021,#1022,#1023,#1024,
#1025,#1026,#1027,#1028,#1029,#1030,#1031,#1032,#1033,#1034,#1035,#1036,
#1037,#1038,#1039,#1040,#1041,#1042,#1043,#1044,#1045,#1046,#1047,#1048,
#1049,#1050,#1051,#1052,#1053,#1054,#1055,#1056,#1057,#1058,#1059,#1060,
#1061,#1062,#1063));
#1065=MANIFOLD_SOLID_BREP('',#1064);
#1066=SHAPE_DEFINITION_REPRESENTATION(#3557,#1067);
#1067=SHAPE_REPRESENTATION('BWSMA-KWE-Z001',(#1068),#3552);
#1068=AXIS2_PLACEMENT_3D('',#1318,#1134,#1135);
#1069=AXIS2_PLACEMENT_3D('',#1319,#1136,#1137);
#1070=AXIS2_PLACEMENT_3D('',#1320,#1138,#1139);
#1071=AXIS2_PLACEMENT_3D('',#1342,#1142,#1143);
#1072=AXIS2_PLACEMENT_3D('',#1363,#1146,#1147);
#1073=AXIS2_PLACEMENT_3D('',#1378,#1148,#1149);
#1074=AXIS2_PLACEMENT_3D('',#1393,#1150,#1151);
#1075=AXIS2_PLACEMENT_3D('',#1394,#1152,#1153);
#1076=AXIS2_PLACEMENT_3D('',#1396,#1154,#1155);
#1077=AXIS2_PLACEMENT_3D('',#1397,#1156,#1157);
#1078=AXIS2_PLACEMENT_3D('',#1399,#1158,#1159);
#1079=AXIS2_PLACEMENT_3D('',#1400,#1160,#1161);
#1080=AXIS2_PLACEMENT_3D('',#1402,#1162,#1163);
#1081=AXIS2_PLACEMENT_3D('',#1403,#1164,#1165);
#1082=AXIS2_PLACEMENT_3D('',#1405,#1166,#1167);
#1083=AXIS2_PLACEMENT_3D('',#1406,#1168,#1169);
#1084=AXIS2_PLACEMENT_3D('',#1408,#1170,#1171);
#1085=AXIS2_PLACEMENT_3D('',#1409,#1172,#1173);
#1086=AXIS2_PLACEMENT_3D('',#1411,#1174,#1175);
#1087=AXIS2_PLACEMENT_3D('',#1412,#1176,#1177);
#1088=AXIS2_PLACEMENT_3D('',#1414,#1178,#1179);
#1089=AXIS2_PLACEMENT_3D('',#1415,#1180,#1181);
#1090=AXIS2_PLACEMENT_3D('',#1417,#1182,#1183);
#1091=AXIS2_PLACEMENT_3D('',#1418,#1184,#1185);
#1092=AXIS2_PLACEMENT_3D('',#1420,#1186,#1187);
#1093=AXIS2_PLACEMENT_3D('',#1434,#1188,#1189);
#1094=AXIS2_PLACEMENT_3D('',#1441,#1190,#1191);
#1095=AXIS2_PLACEMENT_3D('',#1442,#1192,#1193);
#1096=AXIS2_PLACEMENT_3D('',#1685,#1194,#1195);
#1097=AXIS2_PLACEMENT_3D('',#1928,#1196,#1197);
#1098=AXIS2_PLACEMENT_3D('',#1947,#1198,#1199);
#1099=AXIS2_PLACEMENT_3D('',#1948,#1200,#1201);
#1100=AXIS2_PLACEMENT_3D('',#3354,#1202,#1203);
#1101=AXIS2_PLACEMENT_3D('',#3356,#1204,#1205);
#1102=AXIS2_PLACEMENT_3D('',#3432,#1206,#1207);
#1103=AXIS2_PLACEMENT_3D('',#3441,#1212,#1213);
#1104=AXIS2_PLACEMENT_3D('',#3450,#1218,#1219);
#1105=AXIS2_PLACEMENT_3D('',#3456,#1223,#1224);
#1106=AXIS2_PLACEMENT_3D('',#3460,#1227,#1228);
#1107=AXIS2_PLACEMENT_3D('',#3469,#1233,#1234);
#1108=AXIS2_PLACEMENT_3D('',#3475,#1238,#1239);
#1109=AXIS2_PLACEMENT_3D('',#3479,#1242,#1243);
#1110=AXIS2_PLACEMENT_3D('',#3488,#1248,#1249);
#1111=AXIS2_PLACEMENT_3D('',#3494,#1253,#1254);
#1112=AXIS2_PLACEMENT_3D('',#3498,#1257,#1258);
#1113=AXIS2_PLACEMENT_3D('',#3499,#1259,#1260);
#1114=AXIS2_PLACEMENT_3D('',#3507,#1266,#1267);
#1115=AXIS2_PLACEMENT_3D('',#3511,#1270,#1271);
#1116=AXIS2_PLACEMENT_3D('',#3515,#1274,#1275);
#1117=AXIS2_PLACEMENT_3D('',#3521,#1279,#1280);
#1118=AXIS2_PLACEMENT_3D('',#3525,#1283,#1284);
#1119=AXIS2_PLACEMENT_3D('',#3529,#1287,#1288);
#1120=AXIS2_PLACEMENT_3D('',#3531,#1290,#1291);
#1121=AXIS2_PLACEMENT_3D('',#3532,#1292,#1293);
#1122=AXIS2_PLACEMENT_3D('',#3534,#1294,#1295);
#1123=AXIS2_PLACEMENT_3D('',#3535,#1296,#1297);
#1124=AXIS2_PLACEMENT_3D('',#3537,#1298,#1299);
#1125=AXIS2_PLACEMENT_3D('',#3538,#1300,#1301);
#1126=AXIS2_PLACEMENT_3D('',#3539,#1302,#1303);
#1127=AXIS2_PLACEMENT_3D('',#3541,#1304,#1305);
#1128=AXIS2_PLACEMENT_3D('',#3542,#1306,#1307);
#1129=AXIS2_PLACEMENT_3D('',#3544,#1308,#1309);
#1130=AXIS2_PLACEMENT_3D('',#3545,#1310,#1311);
#1131=AXIS2_PLACEMENT_3D('',#3547,#1312,#1313);
#1132=AXIS2_PLACEMENT_3D('',#3548,#1314,#1315);
#1133=AXIS2_PLACEMENT_3D('',#3550,#1316,#1317);
#1134=DIRECTION('',(0.,0.,1.));
#1135=DIRECTION('',(1.,0.,0.));
#1136=DIRECTION('',(0.,1.,0.));
#1137=DIRECTION('',(0.,0.,1.));
#1138=DIRECTION('',(-6.12303176911189E-17,-1.,-1.09617568444754E-16));
#1139=DIRECTION('',(0.,1.09617568444754E-16,-1.));
#1140=DIRECTION('',(0.,0.,-1.));
#1141=DIRECTION('',(0.,0.,-1.));
#1142=DIRECTION('',(0.,-1.,0.));
#1143=DIRECTION('',(0.,0.,-1.));
#1144=DIRECTION('',(0.,0.,1.));
#1145=DIRECTION('',(0.,0.,1.));
#1146=DIRECTION('',(1.,-6.12303176911189E-17,0.));
#1147=DIRECTION('',(6.12303176911189E-17,1.,0.));
#1148=DIRECTION('',(1.,-6.12303176911189E-17,0.));
#1149=DIRECTION('',(6.12303176911189E-17,1.,0.));
#1150=DIRECTION('',(-6.12303176911189E-17,-1.,-1.09617568444754E-16));
#1151=DIRECTION('',(0.,1.09617568444754E-16,-1.));
#1152=DIRECTION('',(-6.12303176911189E-17,-1.,-1.09617568444754E-16));
#1153=DIRECTION('',(0.,1.09617568444754E-16,-1.));
#1154=DIRECTION('',(-6.12303176911189E-17,-1.,-1.09617568444754E-16));
#1155=DIRECTION('',(0.,1.09617568444754E-16,-1.));
#1156=DIRECTION('',(-6.12303176911189E-17,-1.,-1.09617568444754E-16));
#1157=DIRECTION('',(0.,1.09617568444754E-16,-1.));
#1158=DIRECTION('',(-6.12303176911189E-17,-1.,-1.09617568444754E-16));
#1159=DIRECTION('',(0.,1.09617568444754E-16,-1.));
#1160=DIRECTION('',(-6.12303176911189E-17,-1.,-1.09617568444754E-16));
#1161=DIRECTION('',(0.,1.09617568444754E-16,-1.));
#1162=DIRECTION('',(-6.12303176911189E-17,-1.,-1.09617568444754E-16));
#1163=DIRECTION('',(0.,1.09617568444754E-16,-1.));
#1164=DIRECTION('',(-6.12303176911189E-17,-1.,-1.09617568444754E-16));
#1165=DIRECTION('',(0.,1.09617568444754E-16,-1.));
#1166=DIRECTION('',(-6.12303176911189E-17,-1.,-1.09617568444754E-16));
#1167=DIRECTION('',(0.,1.09617568444754E-16,-1.));
#1168=DIRECTION('',(-6.12303176911189E-17,-1.,-1.09617568444754E-16));
#1169=DIRECTION('',(0.,1.09617568444754E-16,-1.));
#1170=DIRECTION('',(-6.12303176911189E-17,-1.,-1.09617568444754E-16));
#1171=DIRECTION('',(0.,1.09617568444754E-16,-1.));
#1172=DIRECTION('',(-6.12303176911189E-17,-1.,-1.09617568444754E-16));
#1173=DIRECTION('',(0.,1.09617568444754E-16,-1.));
#1174=DIRECTION('',(-6.12303176911189E-17,-1.,-1.09617568444754E-16));
#1175=DIRECTION('',(0.,1.09617568444754E-16,-1.));
#1176=DIRECTION('',(-6.12303176911189E-17,-1.,-1.09617568444754E-16));
#1177=DIRECTION('',(0.,1.09617568444754E-16,-1.));
#1178=DIRECTION('',(-6.12303176911189E-17,-1.,-1.09617568444754E-16));
#1179=DIRECTION('',(0.,1.09617568444754E-16,-1.));
#1180=DIRECTION('',(-6.12303176911189E-17,-1.,-1.09617568444754E-16));
#1181=DIRECTION('',(0.,1.09617568444754E-16,-1.));
#1182=DIRECTION('',(-6.12303176911189E-17,-1.,-1.09617568444754E-16));
#1183=DIRECTION('',(0.,1.09617568444754E-16,-1.));
#1184=DIRECTION('',(-6.12303176911189E-17,-1.,-1.09617568444754E-16));
#1185=DIRECTION('',(0.,1.09617568444754E-16,-1.));
#1186=DIRECTION('',(6.12303176911189E-17,1.,1.09617568444754E-16));
#1187=DIRECTION('',(0.,-1.09617568444754E-16,1.));
#1188=DIRECTION('',(6.12303176911189E-17,1.,1.09617568444754E-16));
#1189=DIRECTION('',(0.,-1.09617568444754E-16,1.));
#1190=DIRECTION('',(-6.12303176911189E-17,-1.,-1.09617568444754E-16));
#1191=DIRECTION('',(0.,1.09617568444754E-16,-1.));
#1192=DIRECTION('',(-6.12303176911189E-17,-1.,-1.09617568444754E-16));
#1193=DIRECTION('',(0.,1.09617568444754E-16,-1.));
#1194=DIRECTION('',(-6.12303176911189E-17,-1.,-1.09617568444754E-16));
#1195=DIRECTION('',(0.,1.09617568444754E-16,-1.));
#1196=DIRECTION('',(-6.12303176911189E-17,-1.,-1.09617568444754E-16));
#1197=DIRECTION('',(0.,1.09617568444754E-16,-1.));
#1198=DIRECTION('',(-6.12303176911189E-17,-1.,-1.09617568444754E-16));
#1199=DIRECTION('',(0.,1.09617568444754E-16,-1.));
#1200=DIRECTION('',(-6.12303176911189E-17,-1.,0.));
#1201=DIRECTION('',(1.,-6.12303176911189E-17,0.));
#1202=DIRECTION('',(1.50287325619346E-32,2.45445934769574E-16,-1.));
#1203=DIRECTION('',(0.,1.,2.45445934769574E-16));
#1204=DIRECTION('',(0.,0.,-1.));
#1205=DIRECTION('',(-1.,0.,0.));
#1206=DIRECTION('',(1.,-7.71064058215193E-17,0.));
#1207=DIRECTION('',(7.71064058215193E-17,1.,0.));
#1208=DIRECTION('',(7.71064058215193E-17,1.,0.));
#1209=DIRECTION('',(0.,0.,1.));
#1210=DIRECTION('',(7.71064058215193E-17,1.,0.));
#1211=DIRECTION('',(0.,0.,1.));
#1212=DIRECTION('',(-1.,7.71064058215193E-17,0.));
#1213=DIRECTION('',(-7.71064058215193E-17,-1.,0.));
#1214=DIRECTION('',(-7.71064058215193E-17,-1.,0.));
#1215=DIRECTION('',(0.,0.,1.));
#1216=DIRECTION('',(-7.71064058215193E-17,-1.,0.));
#1217=DIRECTION('',(0.,0.,1.));
#1218=DIRECTION('',(0.,0.,1.));
#1219=DIRECTION('',(1.,0.,0.));
#1220=DIRECTION('',(7.71064058215193E-17,1.,0.));
#1221=DIRECTION('',(1.,-7.71064058215193E-17,0.));
#1222=DIRECTION('',(-1.,7.71064058215193E-17,0.));
#1223=DIRECTION('',(-7.71064058215193E-17,-1.,0.));
#1224=DIRECTION('',(1.,-7.71064058215193E-17,0.));
#1225=DIRECTION('',(1.,-7.71064058215193E-17,0.));
#1226=DIRECTION('',(0.,0.,1.));
#1227=DIRECTION('',(5.58974038037299E-16,1.,0.));
#1228=DIRECTION('',(-1.,5.58974038037299E-16,0.));
#1229=DIRECTION('',(-1.,5.58974038037299E-16,0.));
#1230=DIRECTION('',(0.,0.,1.));
#1231=DIRECTION('',(-1.,5.58974038037299E-16,0.));
#1232=DIRECTION('',(0.,0.,1.));
#1233=DIRECTION('',(0.,0.,1.));
#1234=DIRECTION('',(1.,0.,0.));
#1235=DIRECTION('',(1.,-7.71064058215193E-17,0.));
#1236=DIRECTION('',(-7.71064058215193E-17,-1.,0.));
#1237=DIRECTION('',(7.71064058215193E-17,1.,0.));
#1238=DIRECTION('',(-1.,7.71064058215193E-17,0.));
#1239=DIRECTION('',(-7.71064058215193E-17,-1.,0.));
#1240=DIRECTION('',(-7.71064058215193E-17,-1.,0.));
#1241=DIRECTION('',(0.,0.,1.));
#1242=DIRECTION('',(-1.,5.58974038037299E-16,0.));
#1243=DIRECTION('',(-5.58974038037299E-16,-1.,0.));
#1244=DIRECTION('',(-5.58974038037299E-16,-1.,0.));
#1245=DIRECTION('',(0.,0.,1.));
#1246=DIRECTION('',(-5.58974038037299E-16,-1.,0.));
#1247=DIRECTION('',(0.,0.,1.));
#1248=DIRECTION('',(0.,0.,-1.));
#1249=DIRECTION('',(-1.,0.,0.));
#1250=DIRECTION('',(-1.,7.71064058215193E-17,0.));
#1251=DIRECTION('',(7.71064058215193E-17,1.,0.));
#1252=DIRECTION('',(1.,-7.71064058215193E-17,0.));
#1253=DIRECTION('',(-7.71064058215193E-17,-1.,0.));
#1254=DIRECTION('',(1.,-7.71064058215193E-17,0.));
#1255=DIRECTION('',(1.,-7.71064058215193E-17,0.));
#1256=DIRECTION('',(0.,0.,1.));
#1257=DIRECTION('',(0.,0.,1.));
#1258=DIRECTION('',(1.,0.,0.));
#1259=DIRECTION('',(0.,0.,1.));
#1260=DIRECTION('',(-1.13397022930831E-16,-1.,0.));
#1261=DIRECTION('',(6.12303176911189E-17,1.,0.));
#1262=DIRECTION('',(1.,8.8662885861004E-16,0.));
#1263=DIRECTION('',(-1.,0.,0.));
#1264=DIRECTION('',(6.12303176911189E-17,1.,0.));
#1265=DIRECTION('',(-1.,0.,0.));
#1266=DIRECTION('',(8.8662885861004E-16,-1.,0.));
#1267=DIRECTION('',(1.,8.8662885861004E-16,0.));
#1268=DIRECTION('',(0.,0.,1.));
#1269=DIRECTION('',(1.,8.8662885861004E-16,0.));
#1270=DIRECTION('',(0.,0.,1.));
#1271=DIRECTION('',(1.,0.,0.));
#1272=DIRECTION('',(-7.71064058215193E-17,-1.,0.));
#1273=DIRECTION('',(-1.,7.71064058215193E-17,0.));
#1274=DIRECTION('',(0.,-1.,0.));
#1275=DIRECTION('',(0.,0.,-1.));
#1276=DIRECTION('',(0.,0.,1.));
#1277=DIRECTION('',(-1.,0.,0.));
#1278=DIRECTION('',(0.,0.,1.));
#1279=DIRECTION('',(1.,-6.12303176911189E-17,0.));
#1280=DIRECTION('',(6.12303176911189E-17,1.,0.));
#1281=DIRECTION('',(-6.12303176911189E-17,-1.,0.));
#1282=DIRECTION('',(0.,0.,-1.));
#1283=DIRECTION('',(0.,1.,0.));
#1284=DIRECTION('',(0.,0.,1.));
#1285=DIRECTION('',(0.,0.,-1.));
#1286=DIRECTION('',(-1.,0.,0.));
#1287=DIRECTION('',(1.,-6.12303176911189E-17,0.));
#1288=DIRECTION('',(6.12303176911189E-17,1.,0.));
#1289=DIRECTION('',(-6.12303176911189E-17,-1.,0.));
#1290=DIRECTION('',(0.,0.,-1.));
#1291=DIRECTION('',(-1.,0.,0.));
#1292=DIRECTION('',(0.,0.,-1.));
#1293=DIRECTION('',(-1.,0.,0.));
#1294=DIRECTION('',(0.,0.,1.));
#1295=DIRECTION('',(1.,0.,0.));
#1296=DIRECTION('',(0.,0.,1.));
#1297=DIRECTION('',(7.62910431874594E-17,1.,0.));
#1298=DIRECTION('',(0.,0.,1.));
#1299=DIRECTION('',(1.,0.,0.));
#1300=DIRECTION('',(0.,0.,-1.));
#1301=DIRECTION('',(-1.,0.,0.));
#1302=DIRECTION('',(0.,0.,1.));
#1303=DIRECTION('',(-1.13397022930831E-16,-1.,0.));
#1304=DIRECTION('',(0.,0.,1.));
#1305=DIRECTION('',(1.,0.,0.));
#1306=DIRECTION('',(0.,0.,-1.));
#1307=DIRECTION('',(-1.13397022930831E-16,-1.,0.));
#1308=DIRECTION('',(-1.13541553367427E-32,-2.04538278974645E-16,1.));
#1309=DIRECTION('',(0.,-1.,-2.04538278974645E-16));
#1310=DIRECTION('',(-1.13541553367427E-32,-2.04538278974645E-16,1.));
#1311=DIRECTION('',(0.,-1.,-2.04538278974645E-16));
#1312=DIRECTION('',(-1.13541553367427E-32,-2.04538278974645E-16,1.));
#1313=DIRECTION('',(0.,-1.,-2.04538278974645E-16));
#1314=DIRECTION('',(-1.13541553367427E-32,-2.04538278974645E-16,1.));
#1315=DIRECTION('',(0.,-1.,-2.04538278974645E-16));
#1316=DIRECTION('',(-1.13541553367427E-32,-2.04538278974645E-16,1.));
#1317=DIRECTION('',(0.,-1.,-2.04538278974645E-16));
#1318=CARTESIAN_POINT('',(0.,0.,0.));
#1319=CARTESIAN_POINT('',(3.,1.56544188052878,6.5));
#1320=CARTESIAN_POINT('',(9.58525036717596E-17,1.56544188052878,3.39793682607012));
#1321=CARTESIAN_POINT('',(9.58525036717596E-17,1.56544188052878,0.830194183637736));
#1322=CARTESIAN_POINT('',(2.99999999999966,1.56544188052911,1.02393264360634));
#1323=CARTESIAN_POINT('',(2.56910643445375,1.56544188052911,0.712394887640979));
#1324=CARTESIAN_POINT('',(1.56349568142636,1.56544188052862,0.367365553162314));
#1325=CARTESIAN_POINT('',(0.00293828862488442,1.56544188052883,0.300759656890685));
#1326=CARTESIAN_POINT('',(-1.56626892518796,1.56544188052873,0.366770096103335));
#1327=CARTESIAN_POINT('',(-2.57259129144454,1.56544188052887,0.71491445306009));
#1328=CARTESIAN_POINT('',(-2.99999999999919,1.56544188052887,1.02393264360677));
#1329=CARTESIAN_POINT('',(3.,1.56544188052879,1.02393264360737));
#1330=CARTESIAN_POINT('',(-3.,1.56544188052878,1.02393264360737));
#1331=CARTESIAN_POINT('',(3.,1.56544188052878,6.5));
#1332=CARTESIAN_POINT('',(3.,1.56544188052879,5.77194100853286));
#1333=CARTESIAN_POINT('',(2.99999999999967,1.5654418805291,5.77194100853383));
#1334=CARTESIAN_POINT('',(2.56517192448732,1.5654418805291,6.07508354755328));
#1335=CARTESIAN_POINT('',(1.55852002585881,1.56544188052863,6.40678017927958));
#1336=CARTESIAN_POINT('',(0.00301524241568006,1.56544188052882,6.46701807183507));
#1337=CARTESIAN_POINT('',(-1.56098255400055,1.56544188052876,6.40738798358128));
#1338=CARTESIAN_POINT('',(-2.56850299419678,1.56544188052878,6.07276127586376));
#1339=CARTESIAN_POINT('',(-2.99999999999999,1.56544188052878,5.77194100853287));
#1340=CARTESIAN_POINT('',(-3.,1.56544188052878,5.77194100853286));
#1341=CARTESIAN_POINT('',(-3.,1.56544188052878,6.5));
#1342=CARTESIAN_POINT('',(3.,7.25,0.295873652140241));
#1343=CARTESIAN_POINT('',(-2.99999999999997,7.24999999999997,0.98346293045787));
#1344=CARTESIAN_POINT('',(-2.56540299515561,7.24999999999997,0.679928802238055));
#1345=CARTESIAN_POINT('',(-1.55862818721998,7.25000000000001,0.348347707887583));
#1346=CARTESIAN_POINT('',(-0.00288972603047132,7.25,0.291639698907479));
#1347=CARTESIAN_POINT('',(1.56104731070401,7.25,0.3477307415845));
#1348=CARTESIAN_POINT('',(2.56877636997654,7.25,0.682284857098992));
#1349=CARTESIAN_POINT('',(2.99999999999704,7.25,0.983462930455894));
#1350=CARTESIAN_POINT('',(-2.99999999999997,7.24999999999997,0.98346293045787));
#1351=CARTESIAN_POINT('',(2.99999999999827,7.24999999999839,0.983462930452995));
#1352=CARTESIAN_POINT('',(-3.,7.25,0.295873652140241));
#1353=CARTESIAN_POINT('',(-3.,7.25,5.81097789486224));
#1354=CARTESIAN_POINT('',(-2.99999999999995,7.24999999999996,5.81097789486224));
#1355=CARTESIAN_POINT('',(-2.56168343873224,7.24999999999996,6.10637263549106));
#1356=CARTESIAN_POINT('',(-1.55393871097944,7.25000000000002,6.42493933638363));
#1357=CARTESIAN_POINT('',(-0.00278064371913605,7.24999999999999,6.47533118973883));
#1358=CARTESIAN_POINT('',(1.5556589555806,7.25,6.42554847934063));
#1359=CARTESIAN_POINT('',(2.56460193783503,7.25,6.10440577098722));
#1360=CARTESIAN_POINT('',(2.99999999999764,7.25,5.8109778948637));
#1361=CARTESIAN_POINT('',(2.99999999999865,7.24999999999874,5.81097789486588));
#1362=CARTESIAN_POINT('',(3.,7.25,0.295873652140241));
#1363=CARTESIAN_POINT('',(3.,0.,0.));
#1364=CARTESIAN_POINT('',(2.99999999999966,1.56544188052911,1.02393264360633));
#1365=CARTESIAN_POINT('',(2.99999999999966,1.97714172644074,0.738938993102943));
#1366=CARTESIAN_POINT('',(3.00000000000016,2.91964392653237,0.413133601263225));
#1367=CARTESIAN_POINT('',(2.99999999999996,4.39873572107583,0.327839102862814));
#1368=CARTESIAN_POINT('',(3.,5.87935949943024,0.401311396440192));
#1369=CARTESIAN_POINT('',(3.,6.83328171359794,0.710633062652709));
#1370=CARTESIAN_POINT('',(3.,7.24999999999732,0.983462930456209));
#1371=CARTESIAN_POINT('',(2.99999999999967,1.5654418805291,5.77194100853383));
#1372=CARTESIAN_POINT('',(2.99999999999967,1.98154339330517,6.04968354831866));
#1373=CARTESIAN_POINT('',(3.00000000000015,2.92911042621554,6.36350860483385));
#1374=CARTESIAN_POINT('',(2.99999999999996,4.39907273599058,6.44180556627955));
#1375=CARTESIAN_POINT('',(3.00000000000001,5.87565500133777,6.37373545632986));
#1376=CARTESIAN_POINT('',(3.,6.82944867198001,6.07666008425932));
#1377=CARTESIAN_POINT('',(3.,7.24999999999767,5.81097789486358));
#1378=CARTESIAN_POINT('',(-3.,0.,0.));
#1379=CARTESIAN_POINT('',(-3.,1.56544188052878,1.02393264360738));
#1380=CARTESIAN_POINT('',(-3.,1.97714172644057,0.738938993103583));
#1381=CARTESIAN_POINT('',(-3.,2.91964392653168,0.413133601263047));
#1382=CARTESIAN_POINT('',(-3.00000000000001,4.39873572107691,0.327839102862785));
#1383=CARTESIAN_POINT('',(-2.99999999999999,5.87935949943269,0.401311396440466));
#1384=CARTESIAN_POINT('',(-3.,6.8332817136005,0.710633062653728));
#1385=CARTESIAN_POINT('',(-3.,7.24999999999995,0.983462930457931));
#1386=CARTESIAN_POINT('',(-3.,1.56544188052878,5.77194100853286));
#1387=CARTESIAN_POINT('',(-3.,1.98154339330498,6.04968354831805));
#1388=CARTESIAN_POINT('',(-3.,2.92911042621479,6.363508604834));
#1389=CARTESIAN_POINT('',(-3.,4.39907273599135,6.44180556627955));
#1390=CARTESIAN_POINT('',(-3.,5.87565500133959,6.3737354563297));
#1391=CARTESIAN_POINT('',(-3.,6.82944867198221,6.07666008425847));
#1392=CARTESIAN_POINT('',(-3.,7.24999999999992,5.81097789486216));
#1393=CARTESIAN_POINT('',(9.58525036717597E-17,1.56544188052878,3.39793682607012));
#1394=CARTESIAN_POINT('',(-1.28234294149262E-16,-2.09429411743623,3.39793682607012));
#1395=CARTESIAN_POINT('',(-1.28234294149262E-16,-2.09429411743623,0.830194183637735));
#1396=CARTESIAN_POINT('',(-1.46393495412399E-16,-2.39086617434998,3.99887726079657));
#1397=CARTESIAN_POINT('',(-1.46393495412399E-16,-2.39086617434998,3.39793682607012));
#1398=CARTESIAN_POINT('',(-1.46393495412399E-16,-2.39086617434998,2.91718447828896));
#1399=CARTESIAN_POINT('',(9.58525036717597E-17,1.56544188052878,3.39793682607012));
#1400=CARTESIAN_POINT('',(-3.3282796171394E-16,-5.43567262533108,3.39793682607012));
#1401=CARTESIAN_POINT('',(-3.3282796171394E-16,-5.43567262533108,2.91718447828896));
#1402=CARTESIAN_POINT('',(-3.3282796171394E-16,-5.43567262533108,3.99887726079657));
#1403=CARTESIAN_POINT('',(-3.3282796171394E-16,-5.43567262533108,3.39793682607012));
#1404=CARTESIAN_POINT('',(-3.3282796171394E-16,-5.43567262533108,2.6627808703388));
#1405=CARTESIAN_POINT('',(9.58525036717597E-17,1.56544188052878,3.39793682607012));
#1406=CARTESIAN_POINT('',(-3.23620356505259E-16,-5.28529605444459,3.39793682607012));
#1407=CARTESIAN_POINT('',(-3.23620356505259E-16,-5.28529605444459,2.6627808703388));
#1408=CARTESIAN_POINT('',(-3.23620356505259E-16,-5.28529605444459,4.26282618575402));
#1409=CARTESIAN_POINT('',(-3.23620356505259E-16,-5.28529605444459,3.39793682607012));
#1410=CARTESIAN_POINT('',(-3.23620356505259E-16,-5.28529605444459,1.15629647792858));
#1411=CARTESIAN_POINT('',(9.58525036717597E-17,1.56544188052878,3.39793682607012));
#1412=CARTESIAN_POINT('',(-4.43919803260612E-16,-7.25,3.39793682607012));
#1413=CARTESIAN_POINT('',(-4.43919803260612E-16,-7.25,1.15629647792858));
#1414=CARTESIAN_POINT('',(-4.43919803260612E-16,-7.25,5.9656794685025));
#1415=CARTESIAN_POINT('',(-4.43919803260612E-16,-7.25,3.39793682607012));
#1416=CARTESIAN_POINT('',(-4.43919803260612E-16,-7.25,0.830194183637735));
#1417=CARTESIAN_POINT('',(9.58525036717597E-17,1.56544188052878,3.39793682607012));
#1418=CARTESIAN_POINT('',(-3.88485140599334E-16,-6.34465335553341,3.39793682607012));
#1419=CARTESIAN_POINT('',(-3.88485140599334E-16,-6.34465335553341,0.830194183637735));
#1420=CARTESIAN_POINT('',(-3.88485140599334E-16,-6.34465335553341,3.39793682607012));
#1421=CARTESIAN_POINT('',(-2.66816737826097,-6.28894797683984,3.15976990261319));
#1422=CARTESIAN_POINT('',(-2.7400139691242,-6.27933638497585,3.74918248866534));
#1423=CARTESIAN_POINT('',(-2.48266425876793,-6.26062841696253,4.95313806434874));
#1424=CARTESIAN_POINT('',(-1.08476543863374,-6.2328123433199,6.177002307088));
#1425=CARTESIAN_POINT('',(0.760701163568692,-6.20553750209698,6.33382543314404));
#1426=CARTESIAN_POINT('',(2.35150769625454,-6.17876010617579,5.39153194909729));
#1427=CARTESIAN_POINT('',(3.11611248434119,-6.15249701515661,3.71074519608351));
#1428=CARTESIAN_POINT('',(2.80169390275745,-6.12672859781676,1.89479469633958));
#1429=CARTESIAN_POINT('',(1.53808683900186,-6.10150888692313,0.562639855411443));
#1430=CARTESIAN_POINT('',(0.349479766450424,-6.08485858783407,0.275448195896865));
#1431=CARTESIAN_POINT('',(-0.242713821871968,-6.07658492072137,0.305383522451211));
#1432=CARTESIAN_POINT('',(-2.66816737826097,-6.28894797683984,3.15976990261319));
#1433=CARTESIAN_POINT('',(-0.242713821871968,-6.07658492072137,0.305383522451211));
#1434=CARTESIAN_POINT('',(-3.85074282564823E-16,-6.28894797683984,3.39793682607012));
#1435=CARTESIAN_POINT('',(0.0778193328468638,-6.28894797683984,0.720291443783622));
#1436=CARTESIAN_POINT('',(-1.87654173146655,-6.07658492072153,0.927838231860479));
#1437=CARTESIAN_POINT('',(-1.2692670520374,-6.14358868477492,0.634212390138405));
#1438=CARTESIAN_POINT('',(-0.57494448256634,-6.21318064957135,0.550235384038059));
#1439=CARTESIAN_POINT('',(0.0778193328468605,-6.28894797683983,0.720291443783614));
#1440=CARTESIAN_POINT('',(-1.87654173146655,-6.07658492072153,0.927838231860479));
#1441=CARTESIAN_POINT('',(-3.72071225172832E-16,-6.07658492072137,3.39793682607012));
#1442=CARTESIAN_POINT('',(9.58525036717597E-17,1.56544188052878,3.39793682607012));
#1443=CARTESIAN_POINT('',(-1.02977499714367E-16,-1.68180573933726,6.5));
#1444=CARTESIAN_POINT('',(-0.831195322324837,-1.70129281561107,6.5));
#1445=CARTESIAN_POINT('',(-1.55103158696494,-1.72077989188488,6.08440233883758));
#1446=CARTESIAN_POINT('',(-2.27086785160504,-1.74026696815869,5.66880467767516));
#1447=CARTESIAN_POINT('',(-2.68646551276746,-1.7597540444325,4.94896841303506));
#1448=CARTESIAN_POINT('',(-3.10206317392988,-1.77924112070632,4.22913214839496));
#1449=CARTESIAN_POINT('',(-3.10206317392988,-1.79872819698013,3.39793682607012));
#1450=CARTESIAN_POINT('',(-3.10206317392988,-1.81821527325394,2.56674150374528));
#1451=CARTESIAN_POINT('',(-2.68646551276746,-1.83770234952775,1.84690523910518));
#1452=CARTESIAN_POINT('',(-2.27086785160504,-1.85718942580156,1.12706897446508));
#1453=CARTESIAN_POINT('',(-1.55103158696494,-1.87667650207538,0.711471313302659));
#1454=CARTESIAN_POINT('',(-0.831195322324838,-1.89616357834919,0.29587365214024));
#1455=CARTESIAN_POINT('',(-4.97189071838377E-16,-1.915650654623,0.29587365214024));
#1456=CARTESIAN_POINT('',(0.831195322324835,-1.93513773089681,0.295873652140239));
#1457=CARTESIAN_POINT('',(1.55103158696494,-1.95462480717062,0.711471313302657));
#1458=CARTESIAN_POINT('',(2.27086785160504,-1.97411188344444,1.12706897446508));
#1459=CARTESIAN_POINT('',(2.68646551276746,-1.99359895971825,1.84690523910518));
#1460=CARTESIAN_POINT('',(3.10206317392988,-2.01308603599206,2.56674150374528));
#1461=CARTESIAN_POINT('',(3.10206317392988,-2.03257311226587,3.39793682607012));
#1462=CARTESIAN_POINT('',(3.10206317392988,-2.05206018853969,4.22913214839495));
#1463=CARTESIAN_POINT('',(2.68646551276746,-2.0715472648135,4.94896841303506));
#1464=CARTESIAN_POINT('',(2.27086785160504,-2.09103434108731,5.66880467767516));
#1465=CARTESIAN_POINT('',(1.55103158696494,-2.11052141736112,6.08440233883758));
#1466=CARTESIAN_POINT('',(0.831195322324839,-2.13000849363493,6.5));
#1467=CARTESIAN_POINT('',(-1.31614296621165E-16,-2.14949556990875,6.5));
#1468=CARTESIAN_POINT('',(-0.831195322324837,-2.16898264618256,6.5));
#1469=CARTESIAN_POINT('',(-1.55103158696494,-2.18846972245637,6.08440233883758));
#1470=CARTESIAN_POINT('',(-2.27086785160504,-2.20795679873018,5.66880467767516));
#1471=CARTESIAN_POINT('',(-2.68646551276746,-2.22744387500399,4.94896841303506));
#1472=CARTESIAN_POINT('',(-3.10206317392988,-2.24693095127781,4.22913214839496));
#1473=CARTESIAN_POINT('',(-3.10206317392988,-2.26641802755162,3.39793682607012));
#1474=CARTESIAN_POINT('',(-3.10206317392988,-2.28590510382543,2.56674150374528));
#1475=CARTESIAN_POINT('',(-2.68646551276746,-2.30539218009924,1.84690523910518));
#1476=CARTESIAN_POINT('',(-2.27086785160504,-2.32487925637305,1.12706897446508));
#1477=CARTESIAN_POINT('',(-1.55103158696494,-2.34436633264687,0.711471313302659));
#1478=CARTESIAN_POINT('',(-0.831195322324838,-2.36385340892068,0.29587365214024));
#1479=CARTESIAN_POINT('',(-5.25825868745175E-16,-2.38334048519449,0.29587365214024));
#1480=CARTESIAN_POINT('',(0.831195322324835,-2.4028275614683,0.295873652140239));
#1481=CARTESIAN_POINT('',(1.55103158696494,-2.42231463774211,0.711471313302657));
#1482=CARTESIAN_POINT('',(2.27086785160504,-2.44180171401593,1.12706897446508));
#1483=CARTESIAN_POINT('',(2.68646551276746,-2.46128879028974,1.84690523910518));
#1484=CARTESIAN_POINT('',(3.10206317392988,-2.48077586656355,2.56674150374528));
#1485=CARTESIAN_POINT('',(3.10206317392988,-2.50026294283736,3.39793682607012));
#1486=CARTESIAN_POINT('',(3.10206317392988,-2.51975001911118,4.22913214839495));
#1487=CARTESIAN_POINT('',(2.68646551276746,-2.53923709538499,4.94896841303506));
#1488=CARTESIAN_POINT('',(2.27086785160504,-2.5587241716588,5.66880467767516));
#1489=CARTESIAN_POINT('',(1.55103158696494,-2.57821124793261,6.08440233883758));
#1490=CARTESIAN_POINT('',(0.831195322324839,-2.59769832420642,6.5));
#1491=CARTESIAN_POINT('',(-1.60251093527963E-16,-2.61718540048024,6.5));
#1492=CARTESIAN_POINT('',(-0.831195322324837,-2.63667247675405,6.5));
#1493=CARTESIAN_POINT('',(-1.55103158696494,-2.65615955302786,6.08440233883758));
#1494=CARTESIAN_POINT('',(-2.27086785160504,-2.67564662930167,5.66880467767516));
#1495=CARTESIAN_POINT('',(-2.68646551276746,-2.69513370557548,4.94896841303506));
#1496=CARTESIAN_POINT('',(-3.10206317392988,-2.7146207818493,4.22913214839496));
#1497=CARTESIAN_POINT('',(-3.10206317392988,-2.73410785812311,3.39793682607012));
#1498=CARTESIAN_POINT('',(-3.10206317392988,-2.75359493439692,2.56674150374528));
#1499=CARTESIAN_POINT('',(-2.68646551276746,-2.77308201067073,1.84690523910518));
#1500=CARTESIAN_POINT('',(-2.27086785160504,-2.79256908694454,1.12706897446508));
#1501=CARTESIAN_POINT('',(-1.55103158696494,-2.81205616321836,0.711471313302659));
#1502=CARTESIAN_POINT('',(-0.831195322324838,-2.83154323949217,0.29587365214024));
#1503=CARTESIAN_POINT('',(-5.54462665651973E-16,-2.85103031576598,0.29587365214024));
#1504=CARTESIAN_POINT('',(0.831195322324835,-2.87051739203979,0.295873652140239));
#1505=CARTESIAN_POINT('',(1.55103158696494,-2.8900044683136,0.711471313302657));
#1506=CARTESIAN_POINT('',(2.27086785160504,-2.90949154458742,1.12706897446508));
#1507=CARTESIAN_POINT('',(2.68646551276746,-2.92897862086123,1.84690523910518));
#1508=CARTESIAN_POINT('',(3.10206317392988,-2.94846569713504,2.56674150374528));
#1509=CARTESIAN_POINT('',(3.10206317392988,-2.96795277340885,3.39793682607012));
#1510=CARTESIAN_POINT('',(3.10206317392988,-2.98743984968267,4.22913214839495));
#1511=CARTESIAN_POINT('',(2.68646551276746,-3.00692692595648,4.94896841303506));
#1512=CARTESIAN_POINT('',(2.27086785160504,-3.02641400223029,5.66880467767516));
#1513=CARTESIAN_POINT('',(1.55103158696494,-3.0459010785041,6.08440233883758));
#1514=CARTESIAN_POINT('',(0.831195322324839,-3.06538815477791,6.5));
#1515=CARTESIAN_POINT('',(-1.88887890434761E-16,-3.08487523105173,6.5));
#1516=CARTESIAN_POINT('',(-0.831195322324837,-3.10436230732554,6.5));
#1517=CARTESIAN_POINT('',(-1.55103158696494,-3.12384938359935,6.08440233883758));
#1518=CARTESIAN_POINT('',(-2.27086785160504,-3.14333645987316,5.66880467767516));
#1519=CARTESIAN_POINT('',(-2.68646551276746,-3.16282353614697,4.94896841303506));
#1520=CARTESIAN_POINT('',(-3.10206317392988,-3.18231061242079,4.22913214839496));
#1521=CARTESIAN_POINT('',(-3.10206317392988,-3.2017976886946,3.39793682607012));
#1522=CARTESIAN_POINT('',(-3.10206317392988,-3.22128476496841,2.56674150374528));
#1523=CARTESIAN_POINT('',(-2.68646551276746,-3.24077184124222,1.84690523910518));
#1524=CARTESIAN_POINT('',(-2.27086785160504,-3.26025891751603,1.12706897446508));
#1525=CARTESIAN_POINT('',(-1.55103158696494,-3.27974599378985,0.711471313302659));
#1526=CARTESIAN_POINT('',(-0.831195322324838,-3.29923307006366,0.29587365214024));
#1527=CARTESIAN_POINT('',(-5.8309946255877E-16,-3.31872014633747,0.29587365214024));
#1528=CARTESIAN_POINT('',(0.831195322324835,-3.33820722261128,0.295873652140239));
#1529=CARTESIAN_POINT('',(1.55103158696494,-3.3576942988851,0.711471313302657));
#1530=CARTESIAN_POINT('',(2.27086785160504,-3.37718137515891,1.12706897446508));
#1531=CARTESIAN_POINT('',(2.68646551276746,-3.39666845143272,1.84690523910518));
#1532=CARTESIAN_POINT('',(3.10206317392988,-3.41615552770653,2.56674150374528));
#1533=CARTESIAN_POINT('',(3.10206317392988,-3.43564260398034,3.39793682607012));
#1534=CARTESIAN_POINT('',(3.10206317392988,-3.45512968025416,4.22913214839495));
#1535=CARTESIAN_POINT('',(2.68646551276746,-3.47461675652797,4.94896841303506));
#1536=CARTESIAN_POINT('',(2.27086785160504,-3.49410383280178,5.66880467767516));
#1537=CARTESIAN_POINT('',(1.55103158696494,-3.51359090907559,6.08440233883758));
#1538=CARTESIAN_POINT('',(0.831195322324839,-3.5330779853494,6.5));
#1539=CARTESIAN_POINT('',(-2.17524687341559E-16,-3.55256506162322,6.5));
#1540=CARTESIAN_POINT('',(-0.831195322324837,-3.57205213789703,6.5));
#1541=CARTESIAN_POINT('',(-1.55103158696494,-3.59153921417084,6.08440233883758));
#1542=CARTESIAN_POINT('',(-2.27086785160504,-3.61102629044465,5.66880467767516));
#1543=CARTESIAN_POINT('',(-2.68646551276746,-3.63051336671846,4.94896841303506));
#1544=CARTESIAN_POINT('',(-3.10206317392988,-3.65000044299228,4.22913214839496));
#1545=CARTESIAN_POINT('',(-3.10206317392988,-3.66948751926609,3.39793682607012));
#1546=CARTESIAN_POINT('',(-3.10206317392988,-3.6889745955399,2.56674150374528));
#1547=CARTESIAN_POINT('',(-2.68646551276746,-3.70846167181371,1.84690523910518));
#1548=CARTESIAN_POINT('',(-2.27086785160504,-3.72794874808752,1.12706897446508));
#1549=CARTESIAN_POINT('',(-1.55103158696494,-3.74743582436134,0.711471313302659));
#1550=CARTESIAN_POINT('',(-0.831195322324838,-3.76692290063515,0.29587365214024));
#1551=CARTESIAN_POINT('',(-6.11736259465568E-16,-3.78640997690896,0.29587365214024));
#1552=CARTESIAN_POINT('',(0.831195322324835,-3.80589705318277,0.295873652140239));
#1553=CARTESIAN_POINT('',(1.55103158696494,-3.82538412945659,0.711471313302657));
#1554=CARTESIAN_POINT('',(2.27086785160504,-3.8448712057304,1.12706897446508));
#1555=CARTESIAN_POINT('',(2.68646551276746,-3.86435828200421,1.84690523910518));
#1556=CARTESIAN_POINT('',(3.10206317392988,-3.88384535827802,2.56674150374528));
#1557=CARTESIAN_POINT('',(3.10206317392988,-3.90333243455183,3.39793682607012));
#1558=CARTESIAN_POINT('',(3.10206317392988,-3.92281951082565,4.22913214839495));
#1559=CARTESIAN_POINT('',(2.68646551276746,-3.94230658709946,4.94896841303506));
#1560=CARTESIAN_POINT('',(2.27086785160504,-3.96179366337327,5.66880467767516));
#1561=CARTESIAN_POINT('',(1.55103158696494,-3.98128073964708,6.08440233883758));
#1562=CARTESIAN_POINT('',(0.831195322324839,-4.00076781592089,6.5));
#1563=CARTESIAN_POINT('',(-2.46161484248357E-16,-4.02025489219471,6.5));
#1564=CARTESIAN_POINT('',(-0.831195322324837,-4.03974196846852,6.5));
#1565=CARTESIAN_POINT('',(-1.55103158696494,-4.05922904474233,6.08440233883758));
#1566=CARTESIAN_POINT('',(-2.27086785160504,-4.07871612101614,5.66880467767516));
#1567=CARTESIAN_POINT('',(-2.68646551276746,-4.09820319728995,4.94896841303506));
#1568=CARTESIAN_POINT('',(-3.10206317392988,-4.11769027356377,4.22913214839496));
#1569=CARTESIAN_POINT('',(-3.10206317392988,-4.13717734983758,3.39793682607012));
#1570=CARTESIAN_POINT('',(-3.10206317392988,-4.15666442611139,2.56674150374528));
#1571=CARTESIAN_POINT('',(-2.68646551276746,-4.1761515023852,1.84690523910518));
#1572=CARTESIAN_POINT('',(-2.27086785160504,-4.19563857865901,1.12706897446508));
#1573=CARTESIAN_POINT('',(-1.55103158696494,-4.21512565493283,0.711471313302659));
#1574=CARTESIAN_POINT('',(-0.831195322324838,-4.23461273120664,0.29587365214024));
#1575=CARTESIAN_POINT('',(-6.40373056372366E-16,-4.25409980748045,0.29587365214024));
#1576=CARTESIAN_POINT('',(0.831195322324835,-4.27358688375426,0.295873652140239));
#1577=CARTESIAN_POINT('',(1.55103158696494,-4.29307396002807,0.711471313302657));
#1578=CARTESIAN_POINT('',(2.27086785160504,-4.31256103630189,1.12706897446508));
#1579=CARTESIAN_POINT('',(2.68646551276746,-4.3320481125757,1.84690523910518));
#1580=CARTESIAN_POINT('',(3.10206317392988,-4.35153518884951,2.56674150374528));
#1581=CARTESIAN_POINT('',(3.10206317392988,-4.37102226512332,3.39793682607012));
#1582=CARTESIAN_POINT('',(3.10206317392988,-4.39050934139714,4.22913214839495));
#1583=CARTESIAN_POINT('',(2.68646551276746,-4.40999641767095,4.94896841303506));
#1584=CARTESIAN_POINT('',(2.27086785160504,-4.42948349394476,5.66880467767516));
#1585=CARTESIAN_POINT('',(1.55103158696494,-4.44897057021857,6.08440233883758));
#1586=CARTESIAN_POINT('',(0.831195322324839,-4.46845764649238,6.5));
#1587=CARTESIAN_POINT('',(-2.74798281155155E-16,-4.4879447227662,6.5));
#1588=CARTESIAN_POINT('',(-0.831195322324837,-4.50743179904001,6.5));
#1589=CARTESIAN_POINT('',(-1.55103158696494,-4.52691887531382,6.08440233883758));
#1590=CARTESIAN_POINT('',(-2.27086785160504,-4.54640595158763,5.66880467767516));
#1591=CARTESIAN_POINT('',(-2.68646551276746,-4.56589302786144,4.94896841303506));
#1592=CARTESIAN_POINT('',(-3.10206317392988,-4.58538010413526,4.22913214839496));
#1593=CARTESIAN_POINT('',(-3.10206317392988,-4.60486718040907,3.39793682607012));
#1594=CARTESIAN_POINT('',(-3.10206317392988,-4.62435425668288,2.56674150374528));
#1595=CARTESIAN_POINT('',(-2.68646551276746,-4.64384133295669,1.84690523910518));
#1596=CARTESIAN_POINT('',(-2.27086785160504,-4.6633284092305,1.12706897446508));
#1597=CARTESIAN_POINT('',(-1.55103158696494,-4.68281548550432,0.711471313302659));
#1598=CARTESIAN_POINT('',(-0.831195322324838,-4.70230256177813,0.29587365214024));
#1599=CARTESIAN_POINT('',(-6.69009853279164E-16,-4.72178963805194,0.29587365214024));
#1600=CARTESIAN_POINT('',(0.831195322324835,-4.74127671432575,0.295873652140239));
#1601=CARTESIAN_POINT('',(1.55103158696494,-4.76076379059956,0.711471313302657));
#1602=CARTESIAN_POINT('',(2.27086785160504,-4.78025086687338,1.12706897446508));
#1603=CARTESIAN_POINT('',(2.68646551276746,-4.79973794314719,1.84690523910518));
#1604=CARTESIAN_POINT('',(3.10206317392988,-4.819225019421,2.56674150374528));
#1605=CARTESIAN_POINT('',(3.10206317392988,-4.83871209569481,3.39793682607012));
#1606=CARTESIAN_POINT('',(3.10206317392988,-4.85819917196863,4.22913214839495));
#1607=CARTESIAN_POINT('',(2.68646551276746,-4.87768624824244,4.94896841303506));
#1608=CARTESIAN_POINT('',(2.27086785160504,-4.89717332451625,5.66880467767516));
#1609=CARTESIAN_POINT('',(1.55103158696494,-4.91666040079006,6.08440233883758));
#1610=CARTESIAN_POINT('',(0.831195322324839,-4.93614747706387,6.5));
#1611=CARTESIAN_POINT('',(-3.03435078061952E-16,-4.95563455333768,6.5));
#1612=CARTESIAN_POINT('',(-0.831195322324837,-4.9751216296115,6.5));
#1613=CARTESIAN_POINT('',(-1.55103158696494,-4.99460870588531,6.08440233883758));
#1614=CARTESIAN_POINT('',(-2.27086785160504,-5.01409578215912,5.66880467767516));
#1615=CARTESIAN_POINT('',(-2.68646551276746,-5.03358285843293,4.94896841303506));
#1616=CARTESIAN_POINT('',(-3.10206317392988,-5.05306993470675,4.22913214839496));
#1617=CARTESIAN_POINT('',(-3.10206317392988,-5.07255701098056,3.39793682607012));
#1618=CARTESIAN_POINT('',(-3.10206317392988,-5.09204408725437,2.56674150374528));
#1619=CARTESIAN_POINT('',(-2.68646551276746,-5.11153116352818,1.84690523910518));
#1620=CARTESIAN_POINT('',(-2.27086785160504,-5.13101823980199,1.12706897446508));
#1621=CARTESIAN_POINT('',(-1.55103158696494,-5.15050531607581,0.711471313302659));
#1622=CARTESIAN_POINT('',(-0.831195322324838,-5.16999239234962,0.29587365214024));
#1623=CARTESIAN_POINT('',(-6.97646650185962E-16,-5.18947946862343,0.29587365214024));
#1624=CARTESIAN_POINT('',(0.831195322324835,-5.20896654489724,0.295873652140239));
#1625=CARTESIAN_POINT('',(1.55103158696494,-5.22845362117106,0.711471313302657));
#1626=CARTESIAN_POINT('',(2.27086785160504,-5.24794069744487,1.12706897446508));
#1627=CARTESIAN_POINT('',(2.68646551276746,-5.26742777371868,1.84690523910518));
#1628=CARTESIAN_POINT('',(3.10206317392988,-5.28691484999249,2.56674150374528));
#1629=CARTESIAN_POINT('',(3.10206317392988,-5.3064019262663,3.39793682607012));
#1630=CARTESIAN_POINT('',(3.10206317392988,-5.32588900254011,4.22913214839495));
#1631=CARTESIAN_POINT('',(2.68646551276746,-5.34537607881393,4.94896841303506));
#1632=CARTESIAN_POINT('',(2.27086785160504,-5.36486315508774,5.66880467767516));
#1633=CARTESIAN_POINT('',(1.55103158696494,-5.38435023136155,6.08440233883758));
#1634=CARTESIAN_POINT('',(0.831195322324839,-5.40383730763536,6.5));
#1635=CARTESIAN_POINT('',(-3.3207187496875E-16,-5.42332438390918,6.5));
#1636=CARTESIAN_POINT('',(-0.831195322324837,-5.44281146018299,6.5));
#1637=CARTESIAN_POINT('',(-1.55103158696494,-5.4622985364568,6.08440233883758));
#1638=CARTESIAN_POINT('',(-2.27086785160504,-5.48178561273061,5.66880467767516));
#1639=CARTESIAN_POINT('',(-2.68646551276746,-5.50127268900442,4.94896841303506));
#1640=CARTESIAN_POINT('',(-3.10206317392988,-5.52075976527824,4.22913214839496));
#1641=CARTESIAN_POINT('',(-3.10206317392988,-5.54024684155205,3.39793682607012));
#1642=CARTESIAN_POINT('',(-3.10206317392988,-5.55973391782586,2.56674150374528));
#1643=CARTESIAN_POINT('',(-2.68646551276746,-5.57922099409967,1.84690523910518));
#1644=CARTESIAN_POINT('',(-2.27086785160504,-5.59870807037348,1.12706897446508));
#1645=CARTESIAN_POINT('',(-1.55103158696494,-5.6181951466473,0.711471313302659));
#1646=CARTESIAN_POINT('',(-0.831195322324838,-5.63768222292111,0.29587365214024));
#1647=CARTESIAN_POINT('',(-7.2628344709276E-16,-5.65716929919492,0.29587365214024));
#1648=CARTESIAN_POINT('',(0.831195322324835,-5.67665637546873,0.295873652140239));
#1649=CARTESIAN_POINT('',(1.55103158696494,-5.69614345174254,0.711471313302657));
#1650=CARTESIAN_POINT('',(2.27086785160504,-5.71563052801636,1.12706897446508));
#1651=CARTESIAN_POINT('',(2.68646551276746,-5.73511760429017,1.84690523910518));
#1652=CARTESIAN_POINT('',(3.10206317392988,-5.75460468056398,2.56674150374528));
#1653=CARTESIAN_POINT('',(3.10206317392988,-5.77409175683779,3.39793682607012));
#1654=CARTESIAN_POINT('',(3.10206317392988,-5.79357883311161,4.22913214839495));
#1655=CARTESIAN_POINT('',(2.68646551276746,-5.81306590938542,4.94896841303506));
#1656=CARTESIAN_POINT('',(2.27086785160504,-5.83255298565923,5.66880467767516));
#1657=CARTESIAN_POINT('',(1.55103158696494,-5.85204006193304,6.08440233883758));
#1658=CARTESIAN_POINT('',(0.831195322324839,-5.87152713820685,6.5));
#1659=CARTESIAN_POINT('',(-3.60708671875548E-16,-5.89101421448067,6.5));
#1660=CARTESIAN_POINT('',(-0.831195322324837,-5.91050129075448,6.5));
#1661=CARTESIAN_POINT('',(-1.55103158696494,-5.92998836702829,6.08440233883758));
#1662=CARTESIAN_POINT('',(-2.27086785160504,-5.9494754433021,5.66880467767516));
#1663=CARTESIAN_POINT('',(-2.68646551276746,-5.96896251957591,4.94896841303506));
#1664=CARTESIAN_POINT('',(-3.10206317392988,-5.98844959584973,4.22913214839496));
#1665=CARTESIAN_POINT('',(-3.10206317392988,-6.00793667212354,3.39793682607012));
#1666=CARTESIAN_POINT('',(-3.10206317392988,-6.02742374839735,2.56674150374528));
#1667=CARTESIAN_POINT('',(-2.68646551276746,-6.04691082467116,1.84690523910518));
#1668=CARTESIAN_POINT('',(-2.27086785160504,-6.06639790094497,1.12706897446508));
#1669=CARTESIAN_POINT('',(-1.55103158696494,-6.08588497721879,0.711471313302659));
#1670=CARTESIAN_POINT('',(-0.831195322324838,-6.1053720534926,0.29587365214024));
#1671=CARTESIAN_POINT('',(-7.54920243999558E-16,-6.12485912976641,0.29587365214024));
#1672=CARTESIAN_POINT('',(0.831195322324835,-6.14434620604022,0.295873652140239));
#1673=CARTESIAN_POINT('',(1.55103158696494,-6.16383328231404,0.711471313302657));
#1674=CARTESIAN_POINT('',(2.27086785160504,-6.18332035858785,1.12706897446508));
#1675=CARTESIAN_POINT('',(2.68646551276746,-6.20280743486166,1.84690523910518));
#1676=CARTESIAN_POINT('',(3.10206317392988,-6.22229451113547,2.56674150374528));
#1677=CARTESIAN_POINT('',(3.10206317392988,-6.24178158740928,3.39793682607012));
#1678=CARTESIAN_POINT('',(3.10206317392988,-6.2612686636831,4.22913214839495));
#1679=CARTESIAN_POINT('',(2.68646551276746,-6.28075573995691,4.94896841303506));
#1680=CARTESIAN_POINT('',(2.27086785160504,-6.30024281623072,5.66880467767516));
#1681=CARTESIAN_POINT('',(1.55103158696494,-6.31972989250453,6.08440233883758));
#1682=CARTESIAN_POINT('',(0.831195322324839,-6.33921696877834,6.5));
#1683=CARTESIAN_POINT('',(-3.89345468782346E-16,-6.35870404505216,6.5));
#1684=CARTESIAN_POINT('',(1.31832124469021,-2.41609539447049,0.589943765029838));
#1685=CARTESIAN_POINT('',(-1.47938288575409E-16,-2.41609539446937,3.39793682607012));
#1686=CARTESIAN_POINT('',(2.62802334842584,-2.41609539447048,1.74981995667703));
#1687=CARTESIAN_POINT('',(-1.29010530645201E-16,-2.1069714401288,6.5));
#1688=CARTESIAN_POINT('',(-0.831195322324837,-2.12645851640261,6.5));
#1689=CARTESIAN_POINT('',(-1.55103158696494,-2.14594559267642,6.08440233883758));
#1690=CARTESIAN_POINT('',(-2.27086785160504,-2.16543266895024,5.66880467767516));
#1691=CARTESIAN_POINT('',(-2.68646551276746,-2.18491974522405,4.94896841303506));
#1692=CARTESIAN_POINT('',(-3.10206317392988,-2.20440682149786,4.22913214839496));
#1693=CARTESIAN_POINT('',(-3.10206317392988,-2.22389389777167,3.39793682607012));
#1694=CARTESIAN_POINT('',(-3.10206317392988,-2.24338097404548,2.56674150374528));
#1695=CARTESIAN_POINT('',(-2.68646551276746,-2.2628680503193,1.84690523910518));
#1696=CARTESIAN_POINT('',(-2.27086785160504,-2.28235512659311,1.12706897446508));
#1697=CARTESIAN_POINT('',(-1.55103158696494,-2.30184220286692,0.711471313302659));
#1698=CARTESIAN_POINT('',(-0.831195322324838,-2.32132927914073,0.29587365214024));
#1699=CARTESIAN_POINT('',(-5.2322210276921E-16,-2.34081635541455,0.29587365214024));
#1700=CARTESIAN_POINT('',(0.831195322324835,-2.36030343168836,0.295873652140239));
#1701=CARTESIAN_POINT('',(1.55103158696494,-2.37979050796217,0.711471313302657));
#1702=CARTESIAN_POINT('',(2.27086785160504,-2.39927758423598,1.12706897446508));
#1703=CARTESIAN_POINT('',(2.68646551276746,-2.41876466050979,1.84690523910518));
#1704=CARTESIAN_POINT('',(3.10206317392988,-2.43825173678361,2.56674150374528));
#1705=CARTESIAN_POINT('',(3.10206317392988,-2.45773881305742,3.39793682607012));
#1706=CARTESIAN_POINT('',(3.10206317392988,-2.47722588933123,4.22913214839495));
#1707=CARTESIAN_POINT('',(2.68646551276746,-2.49671296560504,4.94896841303506));
#1708=CARTESIAN_POINT('',(2.27086785160504,-2.51620004187885,5.66880467767516));
#1709=CARTESIAN_POINT('',(1.55103158696494,-2.53568711815267,6.08440233883758));
#1710=CARTESIAN_POINT('',(0.831195322324839,-2.55517419442648,6.5));
#1711=CARTESIAN_POINT('',(-1.57647327551999E-16,-2.57466127070029,6.5));
#1712=CARTESIAN_POINT('',(-0.831195322324837,-2.5941483469741,6.5));
#1713=CARTESIAN_POINT('',(-1.55103158696494,-2.61363542324791,6.08440233883758));
#1714=CARTESIAN_POINT('',(-2.27086785160504,-2.63312249952173,5.66880467767516));
#1715=CARTESIAN_POINT('',(-2.68646551276746,-2.65260957579554,4.94896841303506));
#1716=CARTESIAN_POINT('',(-3.10206317392988,-2.67209665206935,4.22913214839496));
#1717=CARTESIAN_POINT('',(-3.10206317392988,-2.69158372834316,3.39793682607012));
#1718=CARTESIAN_POINT('',(-3.10206317392988,-2.71107080461697,2.56674150374528));
#1719=CARTESIAN_POINT('',(-2.68646551276746,-2.73055788089079,1.84690523910518));
#1720=CARTESIAN_POINT('',(-2.27086785160504,-2.7500449571646,1.12706897446508));
#1721=CARTESIAN_POINT('',(-1.55103158696494,-2.76953203343841,0.711471313302659));
#1722=CARTESIAN_POINT('',(-0.831195322324838,-2.78901910971222,0.29587365214024));
#1723=CARTESIAN_POINT('',(-5.51858899676008E-16,-2.80850618598603,0.29587365214024));
#1724=CARTESIAN_POINT('',(0.831195322324835,-2.82799326225985,0.295873652140239));
#1725=CARTESIAN_POINT('',(1.55103158696494,-2.84748033853366,0.711471313302657));
#1726=CARTESIAN_POINT('',(2.27086785160504,-2.86696741480747,1.12706897446508));
#1727=CARTESIAN_POINT('',(2.68646551276746,-2.88645449108128,1.84690523910518));
#1728=CARTESIAN_POINT('',(3.10206317392988,-2.9059415673551,2.56674150374528));
#1729=CARTESIAN_POINT('',(3.10206317392988,-2.92542864362891,3.39793682607012));
#1730=CARTESIAN_POINT('',(3.10206317392988,-2.94491571990272,4.22913214839495));
#1731=CARTESIAN_POINT('',(2.68646551276746,-2.96440279617653,4.94896841303506));
#1732=CARTESIAN_POINT('',(2.27086785160504,-2.98388987245034,5.66880467767516));
#1733=CARTESIAN_POINT('',(1.55103158696494,-3.00337694872416,6.08440233883758));
#1734=CARTESIAN_POINT('',(0.831195322324839,-3.02286402499797,6.5));
#1735=CARTESIAN_POINT('',(-1.86284124458796E-16,-3.04235110127178,6.5));
#1736=CARTESIAN_POINT('',(-0.831195322324837,-3.06183817754559,6.5));
#1737=CARTESIAN_POINT('',(-1.55103158696494,-3.0813252538194,6.08440233883758));
#1738=CARTESIAN_POINT('',(-2.27086785160504,-3.10081233009322,5.66880467767516));
#1739=CARTESIAN_POINT('',(-2.68646551276746,-3.12029940636703,4.94896841303506));
#1740=CARTESIAN_POINT('',(-3.10206317392988,-3.13978648264084,4.22913214839496));
#1741=CARTESIAN_POINT('',(-3.10206317392988,-3.15927355891465,3.39793682607012));
#1742=CARTESIAN_POINT('',(-3.10206317392988,-3.17876063518846,2.56674150374528));
#1743=CARTESIAN_POINT('',(-2.68646551276746,-3.19824771146228,1.84690523910518));
#1744=CARTESIAN_POINT('',(-2.27086785160504,-3.21773478773609,1.12706897446508));
#1745=CARTESIAN_POINT('',(-1.55103158696494,-3.2372218640099,0.711471313302659));
#1746=CARTESIAN_POINT('',(-0.831195322324838,-3.25670894028371,0.29587365214024));
#1747=CARTESIAN_POINT('',(-5.80495696582806E-16,-3.27619601655752,0.29587365214024));
#1748=CARTESIAN_POINT('',(0.831195322324835,-3.29568309283134,0.295873652140239));
#1749=CARTESIAN_POINT('',(1.55103158696494,-3.31517016910515,0.711471313302657));
#1750=CARTESIAN_POINT('',(2.27086785160504,-3.33465724537896,1.12706897446508));
#1751=CARTESIAN_POINT('',(2.68646551276746,-3.35414432165277,1.84690523910518));
#1752=CARTESIAN_POINT('',(3.10206317392988,-3.37363139792659,2.56674150374528));
#1753=CARTESIAN_POINT('',(3.10206317392988,-3.3931184742004,3.39793682607012));
#1754=CARTESIAN_POINT('',(3.10206317392988,-3.41260555047421,4.22913214839495));
#1755=CARTESIAN_POINT('',(2.68646551276746,-3.43209262674802,4.94896841303506));
#1756=CARTESIAN_POINT('',(2.27086785160504,-3.45157970302183,5.66880467767516));
#1757=CARTESIAN_POINT('',(1.55103158696494,-3.47106677929565,6.08440233883758));
#1758=CARTESIAN_POINT('',(0.831195322324839,-3.49055385556946,6.5));
#1759=CARTESIAN_POINT('',(-2.14920921365594E-16,-3.51004093184327,6.5));
#1760=CARTESIAN_POINT('',(-0.831195322324837,-3.52952800811708,6.5));
#1761=CARTESIAN_POINT('',(-1.55103158696494,-3.54901508439089,6.08440233883758));
#1762=CARTESIAN_POINT('',(-2.27086785160504,-3.56850216066471,5.66880467767516));
#1763=CARTESIAN_POINT('',(-2.68646551276746,-3.58798923693852,4.94896841303506));
#1764=CARTESIAN_POINT('',(-3.10206317392988,-3.60747631321233,4.22913214839496));
#1765=CARTESIAN_POINT('',(-3.10206317392988,-3.62696338948614,3.39793682607012));
#1766=CARTESIAN_POINT('',(-3.10206317392988,-3.64645046575995,2.56674150374528));
#1767=CARTESIAN_POINT('',(-2.68646551276746,-3.66593754203377,1.84690523910518));
#1768=CARTESIAN_POINT('',(-2.27086785160504,-3.68542461830758,1.12706897446508));
#1769=CARTESIAN_POINT('',(-1.55103158696494,-3.70491169458139,0.711471313302659));
#1770=CARTESIAN_POINT('',(-0.831195322324838,-3.7243987708552,0.29587365214024));
#1771=CARTESIAN_POINT('',(-6.09132493489604E-16,-3.74388584712901,0.29587365214024));
#1772=CARTESIAN_POINT('',(0.831195322324835,-3.76337292340283,0.295873652140239));
#1773=CARTESIAN_POINT('',(1.55103158696494,-3.78285999967664,0.711471313302657));
#1774=CARTESIAN_POINT('',(2.27086785160504,-3.80234707595045,1.12706897446508));
#1775=CARTESIAN_POINT('',(2.68646551276746,-3.82183415222426,1.84690523910518));
#1776=CARTESIAN_POINT('',(3.10206317392988,-3.84132122849808,2.56674150374528));
#1777=CARTESIAN_POINT('',(3.10206317392988,-3.86080830477189,3.39793682607012));
#1778=CARTESIAN_POINT('',(3.10206317392988,-3.8802953810457,4.22913214839495));
#1779=CARTESIAN_POINT('',(2.68646551276746,-3.89978245731951,4.94896841303506));
#1780=CARTESIAN_POINT('',(2.27086785160504,-3.91926953359332,5.66880467767516));
#1781=CARTESIAN_POINT('',(1.55103158696494,-3.93875660986714,6.08440233883758));
#1782=CARTESIAN_POINT('',(0.831195322324839,-3.95824368614095,6.5));
#1783=CARTESIAN_POINT('',(-2.43557718272392E-16,-3.97773076241476,6.5));
#1784=CARTESIAN_POINT('',(-0.831195322324837,-3.99721783868857,6.5));
#1785=CARTESIAN_POINT('',(-1.55103158696494,-4.01670491496238,6.08440233883758));
#1786=CARTESIAN_POINT('',(-2.27086785160504,-4.0361919912362,5.66880467767516));
#1787=CARTESIAN_POINT('',(-2.68646551276746,-4.05567906751001,4.94896841303506));
#1788=CARTESIAN_POINT('',(-3.10206317392988,-4.07516614378382,4.22913214839496));
#1789=CARTESIAN_POINT('',(-3.10206317392988,-4.09465322005763,3.39793682607012));
#1790=CARTESIAN_POINT('',(-3.10206317392988,-4.11414029633144,2.56674150374528));
#1791=CARTESIAN_POINT('',(-2.68646551276746,-4.13362737260526,1.84690523910518));
#1792=CARTESIAN_POINT('',(-2.27086785160504,-4.15311444887907,1.12706897446508));
#1793=CARTESIAN_POINT('',(-1.55103158696494,-4.17260152515288,0.711471313302659));
#1794=CARTESIAN_POINT('',(-0.831195322324838,-4.19208860142669,0.29587365214024));
#1795=CARTESIAN_POINT('',(-6.37769290396402E-16,-4.2115756777005,0.29587365214024));
#1796=CARTESIAN_POINT('',(0.831195322324835,-4.23106275397432,0.295873652140239));
#1797=CARTESIAN_POINT('',(1.55103158696494,-4.25054983024813,0.711471313302657));
#1798=CARTESIAN_POINT('',(2.27086785160504,-4.27003690652194,1.12706897446508));
#1799=CARTESIAN_POINT('',(2.68646551276746,-4.28952398279575,1.84690523910518));
#1800=CARTESIAN_POINT('',(3.10206317392988,-4.30901105906957,2.56674150374528));
#1801=CARTESIAN_POINT('',(3.10206317392988,-4.32849813534338,3.39793682607012));
#1802=CARTESIAN_POINT('',(3.10206317392988,-4.34798521161719,4.22913214839495));
#1803=CARTESIAN_POINT('',(2.68646551276746,-4.367472287891,4.94896841303506));
#1804=CARTESIAN_POINT('',(2.27086785160504,-4.38695936416481,5.66880467767516));
#1805=CARTESIAN_POINT('',(1.55103158696494,-4.40644644043863,6.08440233883758));
#1806=CARTESIAN_POINT('',(0.831195322324839,-4.42593351671244,6.5));
#1807=CARTESIAN_POINT('',(-2.7219451517919E-16,-4.44542059298625,6.5));
#1808=CARTESIAN_POINT('',(-0.831195322324837,-4.46490766926006,6.5));
#1809=CARTESIAN_POINT('',(-1.55103158696494,-4.48439474553387,6.08440233883758));
#1810=CARTESIAN_POINT('',(-2.27086785160504,-4.50388182180769,5.66880467767516));
#1811=CARTESIAN_POINT('',(-2.68646551276746,-4.5233688980815,4.94896841303506));
#1812=CARTESIAN_POINT('',(-3.10206317392988,-4.54285597435531,4.22913214839496));
#1813=CARTESIAN_POINT('',(-3.10206317392988,-4.56234305062912,3.39793682607012));
#1814=CARTESIAN_POINT('',(-3.10206317392988,-4.58183012690293,2.56674150374528));
#1815=CARTESIAN_POINT('',(-2.68646551276746,-4.60131720317675,1.84690523910518));
#1816=CARTESIAN_POINT('',(-2.27086785160504,-4.62080427945056,1.12706897446508));
#1817=CARTESIAN_POINT('',(-1.55103158696494,-4.64029135572437,0.711471313302659));
#1818=CARTESIAN_POINT('',(-0.831195322324838,-4.65977843199818,0.29587365214024));
#1819=CARTESIAN_POINT('',(-6.664060873032E-16,-4.679265508272,0.29587365214024));
#1820=CARTESIAN_POINT('',(0.831195322324835,-4.69875258454581,0.295873652140239));
#1821=CARTESIAN_POINT('',(1.55103158696494,-4.71823966081962,0.711471313302657));
#1822=CARTESIAN_POINT('',(2.27086785160504,-4.73772673709343,1.12706897446508));
#1823=CARTESIAN_POINT('',(2.68646551276746,-4.75721381336724,1.84690523910518));
#1824=CARTESIAN_POINT('',(3.10206317392988,-4.77670088964105,2.56674150374528));
#1825=CARTESIAN_POINT('',(3.10206317392988,-4.79618796591487,3.39793682607012));
#1826=CARTESIAN_POINT('',(3.10206317392988,-4.81567504218868,4.22913214839495));
#1827=CARTESIAN_POINT('',(2.68646551276746,-4.83516211846249,4.94896841303506));
#1828=CARTESIAN_POINT('',(2.27086785160504,-4.8546491947363,5.66880467767516));
#1829=CARTESIAN_POINT('',(1.55103158696494,-4.87413627101012,6.08440233883758));
#1830=CARTESIAN_POINT('',(0.831195322324839,-4.89362334728393,6.5));
#1831=CARTESIAN_POINT('',(-3.00831312085988E-16,-4.91311042355774,6.5));
#1832=CARTESIAN_POINT('',(-0.831195322324837,-4.93259749983155,6.5));
#1833=CARTESIAN_POINT('',(-1.55103158696494,-4.95208457610536,6.08440233883758));
#1834=CARTESIAN_POINT('',(-2.27086785160504,-4.97157165237918,5.66880467767516));
#1835=CARTESIAN_POINT('',(-2.68646551276746,-4.99105872865299,4.94896841303506));
#1836=CARTESIAN_POINT('',(-3.10206317392988,-5.0105458049268,4.22913214839496));
#1837=CARTESIAN_POINT('',(-3.10206317392988,-5.03003288120061,3.39793682607012));
#1838=CARTESIAN_POINT('',(-3.10206317392988,-5.04951995747443,2.56674150374528));
#1839=CARTESIAN_POINT('',(-2.68646551276746,-5.06900703374824,1.84690523910518));
#1840=CARTESIAN_POINT('',(-2.27086785160504,-5.08849411002205,1.12706897446508));
#1841=CARTESIAN_POINT('',(-1.55103158696494,-5.10798118629586,0.711471313302659));
#1842=CARTESIAN_POINT('',(-0.831195322324838,-5.12746826256967,0.29587365214024));
#1843=CARTESIAN_POINT('',(-6.95042884209998E-16,-5.14695533884348,0.29587365214024));
#1844=CARTESIAN_POINT('',(0.831195322324835,-5.1664424151173,0.295873652140239));
#1845=CARTESIAN_POINT('',(1.55103158696494,-5.18592949139111,0.711471313302657));
#1846=CARTESIAN_POINT('',(2.27086785160504,-5.20541656766492,1.12706897446508));
#1847=CARTESIAN_POINT('',(2.68646551276746,-5.22490364393873,1.84690523910518));
#1848=CARTESIAN_POINT('',(3.10206317392988,-5.24439072021255,2.56674150374528));
#1849=CARTESIAN_POINT('',(3.10206317392988,-5.26387779648636,3.39793682607012));
#1850=CARTESIAN_POINT('',(3.10206317392988,-5.28336487276017,4.22913214839495));
#1851=CARTESIAN_POINT('',(2.68646551276746,-5.30285194903398,4.94896841303506));
#1852=CARTESIAN_POINT('',(2.27086785160504,-5.32233902530779,5.66880467767516));
#1853=CARTESIAN_POINT('',(1.55103158696494,-5.34182610158161,6.08440233883758));
#1854=CARTESIAN_POINT('',(0.831195322324839,-5.36131317785542,6.5));
#1855=CARTESIAN_POINT('',(-3.29468108992786E-16,-5.38080025412923,6.5));
#1856=CARTESIAN_POINT('',(-0.831195322324837,-5.40028733040304,6.5));
#1857=CARTESIAN_POINT('',(-1.55103158696494,-5.41977440667685,6.08440233883758));
#1858=CARTESIAN_POINT('',(-2.27086785160504,-5.43926148295067,5.66880467767516));
#1859=CARTESIAN_POINT('',(-2.68646551276746,-5.45874855922448,4.94896841303506));
#1860=CARTESIAN_POINT('',(-3.10206317392988,-5.47823563549829,4.22913214839496));
#1861=CARTESIAN_POINT('',(-3.10206317392988,-5.4977227117721,3.39793682607012));
#1862=CARTESIAN_POINT('',(-3.10206317392988,-5.51720978804591,2.56674150374528));
#1863=CARTESIAN_POINT('',(-2.68646551276746,-5.53669686431973,1.84690523910518));
#1864=CARTESIAN_POINT('',(-2.27086785160504,-5.55618394059354,1.12706897446508));
#1865=CARTESIAN_POINT('',(-1.55103158696494,-5.57567101686735,0.711471313302659));
#1866=CARTESIAN_POINT('',(-0.831195322324838,-5.59515809314116,0.29587365214024));
#1867=CARTESIAN_POINT('',(-7.23679681116795E-16,-5.61464516941497,0.29587365214024));
#1868=CARTESIAN_POINT('',(0.831195322324835,-5.63413224568879,0.295873652140239));
#1869=CARTESIAN_POINT('',(1.55103158696494,-5.6536193219626,0.711471313302657));
#1870=CARTESIAN_POINT('',(2.27086785160504,-5.67310639823641,1.12706897446508));
#1871=CARTESIAN_POINT('',(2.68646551276746,-5.69259347451022,1.84690523910518));
#1872=CARTESIAN_POINT('',(3.10206317392988,-5.71208055078404,2.56674150374528));
#1873=CARTESIAN_POINT('',(3.10206317392988,-5.73156762705785,3.39793682607012));
#1874=CARTESIAN_POINT('',(3.10206317392988,-5.75105470333166,4.22913214839495));
#1875=CARTESIAN_POINT('',(2.68646551276746,-5.77054177960547,4.94896841303506));
#1876=CARTESIAN_POINT('',(2.27086785160504,-5.79002885587928,5.66880467767516));
#1877=CARTESIAN_POINT('',(1.55103158696494,-5.8095159321531,6.08440233883758));
#1878=CARTESIAN_POINT('',(0.831195322324839,-5.82900300842691,6.5));
#1879=CARTESIAN_POINT('',(-3.58104905899584E-16,-5.84849008470072,6.5));
#1880=CARTESIAN_POINT('',(-0.831195322324837,-5.86797716097453,6.5));
#1881=CARTESIAN_POINT('',(-1.55103158696494,-5.88746423724834,6.08440233883758));
#1882=CARTESIAN_POINT('',(-2.27086785160504,-5.90695131352216,5.66880467767516));
#1883=CARTESIAN_POINT('',(-2.68646551276746,-5.92643838979597,4.94896841303506));
#1884=CARTESIAN_POINT('',(-3.10206317392988,-5.94592546606978,4.22913214839496));
#1885=CARTESIAN_POINT('',(-3.10206317392988,-5.96541254234359,3.39793682607012));
#1886=CARTESIAN_POINT('',(-3.10206317392988,-5.9848996186174,2.56674150374528));
#1887=CARTESIAN_POINT('',(-2.68646551276746,-6.00438669489122,1.84690523910518));
#1888=CARTESIAN_POINT('',(-2.27086785160504,-6.02387377116503,1.12706897446508));
#1889=CARTESIAN_POINT('',(-1.55103158696494,-6.04336084743884,0.711471313302659));
#1890=CARTESIAN_POINT('',(-0.831195322324838,-6.06284792371265,0.29587365214024));
#1891=CARTESIAN_POINT('',(-7.52316478023593E-16,-6.08233499998647,0.29587365214024));
#1892=CARTESIAN_POINT('',(0.831195322324835,-6.10182207626028,0.295873652140239));
#1893=CARTESIAN_POINT('',(1.55103158696494,-6.12130915253409,0.711471313302657));
#1894=CARTESIAN_POINT('',(2.27086785160504,-6.1407962288079,1.12706897446508));
#1895=CARTESIAN_POINT('',(2.68646551276746,-6.16028330508171,1.84690523910518));
#1896=CARTESIAN_POINT('',(3.10206317392988,-6.17977038135553,2.56674150374528));
#1897=CARTESIAN_POINT('',(3.10206317392988,-6.19925745762934,3.39793682607012));
#1898=CARTESIAN_POINT('',(3.10206317392988,-6.21874453390315,4.22913214839495));
#1899=CARTESIAN_POINT('',(2.68646551276746,-6.23823161017696,4.94896841303506));
#1900=CARTESIAN_POINT('',(2.27086785160504,-6.25771868645077,5.66880467767516));
#1901=CARTESIAN_POINT('',(1.55103158696494,-6.27720576272459,6.08440233883758));
#1902=CARTESIAN_POINT('',(0.831195322324839,-6.2966928389984,6.5));
#1903=CARTESIAN_POINT('',(-3.86741702806382E-16,-6.31617991527221,6.5));
#1904=CARTESIAN_POINT('',(-0.831195322324837,-6.33566699154602,6.5));
#1905=CARTESIAN_POINT('',(-1.55103158696494,-6.35515406781983,6.08440233883758));
#1906=CARTESIAN_POINT('',(-2.27086785160504,-6.37464114409365,5.66880467767516));
#1907=CARTESIAN_POINT('',(-2.68646551276746,-6.39412822036746,4.94896841303506));
#1908=CARTESIAN_POINT('',(-3.10206317392988,-6.41361529664127,4.22913214839496));
#1909=CARTESIAN_POINT('',(-3.10206317392988,-6.43310237291508,3.39793682607012));
#1910=CARTESIAN_POINT('',(-3.10206317392988,-6.45258944918889,2.56674150374528));
#1911=CARTESIAN_POINT('',(-2.68646551276746,-6.47207652546271,1.84690523910518));
#1912=CARTESIAN_POINT('',(-2.27086785160504,-6.49156360173652,1.12706897446508));
#1913=CARTESIAN_POINT('',(-1.55103158696494,-6.51105067801033,0.711471313302659));
#1914=CARTESIAN_POINT('',(-0.831195322324838,-6.53053775428414,0.29587365214024));
#1915=CARTESIAN_POINT('',(-7.80953274930391E-16,-6.55002483055795,0.29587365214024));
#1916=CARTESIAN_POINT('',(0.831195322324835,-6.56951190683177,0.295873652140239));
#1917=CARTESIAN_POINT('',(1.55103158696494,-6.58899898310558,0.711471313302657));
#1918=CARTESIAN_POINT('',(2.27086785160504,-6.60848605937939,1.12706897446508));
#1919=CARTESIAN_POINT('',(2.68646551276746,-6.6279731356532,1.84690523910518));
#1920=CARTESIAN_POINT('',(3.10206317392988,-6.64746021192702,2.56674150374528));
#1921=CARTESIAN_POINT('',(3.10206317392988,-6.66694728820083,3.39793682607012));
#1922=CARTESIAN_POINT('',(3.10206317392988,-6.68643436447464,4.22913214839495));
#1923=CARTESIAN_POINT('',(2.68646551276746,-6.70592144074845,4.94896841303506));
#1924=CARTESIAN_POINT('',(2.27086785160504,-6.72540851702226,5.66880467767516));
#1925=CARTESIAN_POINT('',(1.55103158696494,-6.74489559329608,6.08440233883758));
#1926=CARTESIAN_POINT('',(0.831195322324839,-6.76438266956989,6.5));
#1927=CARTESIAN_POINT('',(-4.1537849971318E-16,-6.7838697458437,6.5));
#1928=CARTESIAN_POINT('',(-1.47938288575409E-16,-2.41609539446937,3.39793682607012));
#1929=CARTESIAN_POINT('',(2.62802334842584,-2.41609539447048,1.74981995667703));
#1930=CARTESIAN_POINT('',(2.21126132420895,-2.37673582863702,1.20827357737938));
#1931=CARTESIAN_POINT('',(1.01297782334121,-2.29452053525316,0.424720687345995));
#1932=CARTESIAN_POINT('',(-0.413388826140197,-2.20749219327275,0.590015212232385));
#1933=CARTESIAN_POINT('',(-1.01313683585146,-2.16116533266817,0.918139577566559));
#1934=CARTESIAN_POINT('',(-1.01313683585146,-2.16116533266817,0.918139577566559));
#1935=CARTESIAN_POINT('',(2.41520523287225,-2.16116533266817,2.23922015450997));
#1936=CARTESIAN_POINT('',(2.72695510660456,-2.17266745176506,2.84487311597089));
#1937=CARTESIAN_POINT('',(2.86281550140322,-2.19539813596264,4.27602626739292));
#1938=CARTESIAN_POINT('',(1.56704232145689,-2.22871449315175,6.01100070616785));
#1939=CARTESIAN_POINT('',(-0.546481804103461,-2.26124687244138,6.44389724343479));
#1940=CARTESIAN_POINT('',(-2.42627444482895,-2.29347712805294,5.39641519227933));
#1941=CARTESIAN_POINT('',(-3.1906496818728,-2.3248438402717,3.38968254611515));
#1942=CARTESIAN_POINT('',(-2.51341186828595,-2.35570175477176,1.35678138510616));
#1943=CARTESIAN_POINT('',(-0.71820638637713,-2.38620048189158,0.194840715836425));
#1944=CARTESIAN_POINT('',(0.695696220494881,-2.40615956328494,0.315853525725334));
#1945=CARTESIAN_POINT('',(1.31832124468951,-2.41609539447129,0.589943765030049));
#1946=CARTESIAN_POINT('',(2.41520523287225,-2.16116533266817,2.23922015450997));
#1947=CARTESIAN_POINT('',(-1.32328839902305E-16,-2.16116533266817,3.39793682607012));
#1948=CARTESIAN_POINT('',(-1.16263391902943E-16,-1.89878799077024,3.39793682607012));
#1949=CARTESIAN_POINT('',(-1.19783267322003E-16,-1.9562738172658,6.0767127856914));
#1950=CARTESIAN_POINT('',(-0.717775855084429,-1.97576089353962,6.0767127856914));
#1951=CARTESIAN_POINT('',(-1.33938797981064,-1.99524796981343,5.71782485814919));
#1952=CARTESIAN_POINT('',(-1.96100010453686,-2.01473504608724,5.35893693060698));
#1953=CARTESIAN_POINT('',(-2.31988803207907,-2.03422212236105,4.73732480588076));
#1954=CARTESIAN_POINT('',(-2.67877595962128,-2.05370919863486,4.11571268115455));
#1955=CARTESIAN_POINT('',(-2.67877595962128,-2.07319627490868,3.39793682607012));
#1956=CARTESIAN_POINT('',(-2.67877595962128,-2.09268335118249,2.68016097098569));
#1957=CARTESIAN_POINT('',(-2.31988803207907,-2.1121704274563,2.05854884625948));
#1958=CARTESIAN_POINT('',(-1.96100010453686,-2.13165750373011,1.43693672153326));
#1959=CARTESIAN_POINT('',(-1.33938797981064,-2.15114458000392,1.07804879399105));
#1960=CARTESIAN_POINT('',(-0.71777585508443,-2.17063165627774,0.719160866448835));
#1961=CARTESIAN_POINT('',(-4.6215710623371E-16,-2.19011873255155,0.719160866448834));
#1962=CARTESIAN_POINT('',(0.717775855084428,-2.20960580882536,0.719160866448834));
#1963=CARTESIAN_POINT('',(1.33938797981064,-2.22909288509917,1.07804879399105));
#1964=CARTESIAN_POINT('',(1.96100010453685,-2.24857996137299,1.43693672153326));
#1965=CARTESIAN_POINT('',(2.31988803207907,-2.2680670376468,2.05854884625948));
#1966=CARTESIAN_POINT('',(2.67877595962128,-2.28755411392061,2.68016097098569));
#1967=CARTESIAN_POINT('',(2.67877595962128,-2.30704119019442,3.39793682607012));
#1968=CARTESIAN_POINT('',(2.67877595962129,-2.32652826646823,4.11571268115455));
#1969=CARTESIAN_POINT('',(2.31988803207907,-2.34601534274205,4.73732480588076));
#1970=CARTESIAN_POINT('',(1.96100010453686,-2.36550241901586,5.35893693060698));
#1971=CARTESIAN_POINT('',(1.33938797981064,-2.38498949528967,5.71782485814919));
#1972=CARTESIAN_POINT('',(0.717775855084431,-2.40447657156348,6.0767127856914));
#1973=CARTESIAN_POINT('',(5.07690816687816E-16,-2.42396364783729,6.0767127856914));
#1974=CARTESIAN_POINT('',(-0.717775855084428,-2.44345072411111,6.0767127856914));
#1975=CARTESIAN_POINT('',(-1.33938797981064,-2.46293780038492,5.71782485814919));
#1976=CARTESIAN_POINT('',(-1.96100010453685,-2.48242487665873,5.35893693060698));
#1977=CARTESIAN_POINT('',(-2.31988803207907,-2.50191195293254,4.73732480588076));
#1978=CARTESIAN_POINT('',(-2.67877595962128,-2.52139902920635,4.11571268115455));
#1979=CARTESIAN_POINT('',(-2.67877595962128,-2.54088610548017,3.39793682607012));
#1980=CARTESIAN_POINT('',(-2.67877595962129,-2.56037318175398,2.68016097098569));
#1981=CARTESIAN_POINT('',(-2.31988803207907,-2.57986025802779,2.05854884625948));
#1982=CARTESIAN_POINT('',(-1.96100010453686,-2.5993473343016,1.43693672153327));
#1983=CARTESIAN_POINT('',(-1.33938797981065,-2.61883441057541,1.07804879399105));
#1984=CARTESIAN_POINT('',(-0.717775855084434,-2.63832148684923,0.719160866448836));
#1985=CARTESIAN_POINT('',(-1.14690478405713E-15,-2.65780856312304,0.719160866448834));
#1986=CARTESIAN_POINT('',(0.717775855084427,-2.67729563939685,0.719160866448834));
#1987=CARTESIAN_POINT('',(1.33938797981064,-2.69678271567066,1.07804879399105));
#1988=CARTESIAN_POINT('',(1.96100010453685,-2.71626979194448,1.43693672153326));
#1989=CARTESIAN_POINT('',(2.31988803207907,-2.73575686821829,2.05854884625947));
#1990=CARTESIAN_POINT('',(2.67877595962128,-2.7552439444921,2.68016097098569));
#1991=CARTESIAN_POINT('',(2.67877595962128,-2.77473102076591,3.39793682607012));
#1992=CARTESIAN_POINT('',(2.67877595962129,-2.79421809703972,4.11571268115455));
#1993=CARTESIAN_POINT('',(2.31988803207907,-2.81370517331354,4.73732480588076));
#1994=CARTESIAN_POINT('',(1.96100010453686,-2.83319224958735,5.35893693060697));
#1995=CARTESIAN_POINT('',(1.33938797981065,-2.85267932586116,5.71782485814919));
#1996=CARTESIAN_POINT('',(0.717775855084434,-2.87216640213497,6.0767127856914));
#1997=CARTESIAN_POINT('',(1.13516490069764E-15,-2.89165347840878,6.0767127856914));
#1998=CARTESIAN_POINT('',(-0.717775855084427,-2.9111405546826,6.0767127856914));
#1999=CARTESIAN_POINT('',(-1.33938797981064,-2.93062763095641,5.71782485814919));
#2000=CARTESIAN_POINT('',(-1.96100010453685,-2.95011470723022,5.35893693060698));
#2001=CARTESIAN_POINT('',(-2.31988803207907,-2.96960178350403,4.73732480588077));
#2002=CARTESIAN_POINT('',(-2.67877595962128,-2.98908885977784,4.11571268115455));
#2003=CARTESIAN_POINT('',(-2.67877595962128,-3.00857593605166,3.39793682607013));
#2004=CARTESIAN_POINT('',(-2.67877595962129,-3.02806301232547,2.68016097098569));
#2005=CARTESIAN_POINT('',(-2.31988803207907,-3.04755008859928,2.05854884625948));
#2006=CARTESIAN_POINT('',(-1.96100010453686,-3.06703716487309,1.43693672153327));
#2007=CARTESIAN_POINT('',(-1.33938797981065,-3.0865242411469,1.07804879399105));
#2008=CARTESIAN_POINT('',(-0.717775855084435,-3.10601131742072,0.719160866448836));
#2009=CARTESIAN_POINT('',(-6.59011445897478E-15,-3.12549839369453,0.719160866448834));
#2010=CARTESIAN_POINT('',(0.717775855084426,-3.14498546996834,0.719160866448834));
#2011=CARTESIAN_POINT('',(1.33938797981064,-3.16447254624215,1.07804879399105));
#2012=CARTESIAN_POINT('',(1.96100010453685,-3.18395962251597,1.43693672153326));
#2013=CARTESIAN_POINT('',(2.31988803207907,-3.20344669878978,2.05854884625947));
#2014=CARTESIAN_POINT('',(2.67877595962128,-3.22293377506359,2.68016097098569));
#2015=CARTESIAN_POINT('',(2.67877595962128,-3.2424208513374,3.39793682607011));
#2016=CARTESIAN_POINT('',(2.67877595962129,-3.26190792761121,4.11571268115455));
#2017=CARTESIAN_POINT('',(2.31988803207907,-3.28139500388503,4.73732480588076));
#2018=CARTESIAN_POINT('',(1.96100010453686,-3.30088208015884,5.35893693060697));
#2019=CARTESIAN_POINT('',(1.33938797981065,-3.32036915643265,5.71782485814918));
#2020=CARTESIAN_POINT('',(0.717775855084435,-3.33985623270646,6.0767127856914));
#2021=CARTESIAN_POINT('',(1.76263898470745E-15,-3.35934330898027,6.0767127856914));
#2022=CARTESIAN_POINT('',(-0.717775855084422,-3.37883038525409,6.07671278569141));
#2023=CARTESIAN_POINT('',(-1.33938797981064,-3.3983174615279,5.71782485814919));
#2024=CARTESIAN_POINT('',(-1.96100010453685,-3.41780453780171,5.35893693060698));
#2025=CARTESIAN_POINT('',(-2.31988803207907,-3.43729161407552,4.73732480588077));
#2026=CARTESIAN_POINT('',(-2.67877595962128,-3.45677869034933,4.11571268115455));
#2027=CARTESIAN_POINT('',(-2.67877595962128,-3.47626576662315,3.39793682607013));
#2028=CARTESIAN_POINT('',(-2.67877595962129,-3.49575284289696,2.68016097098569));
#2029=CARTESIAN_POINT('',(-2.31988803207907,-3.51523991917077,2.05854884625948));
#2030=CARTESIAN_POINT('',(-1.96100010453686,-3.53472699544458,1.43693672153327));
#2031=CARTESIAN_POINT('',(-1.33938797981065,-3.55421407171839,1.07804879399105));
#2032=CARTESIAN_POINT('',(-0.717775855084435,-3.57370114799221,0.719160866448836));
#2033=CARTESIAN_POINT('',(-2.51640013970396E-15,-3.59318822426602,0.719160866448834));
#2034=CARTESIAN_POINT('',(0.717775855084421,-3.61267530053983,0.719160866448832));
#2035=CARTESIAN_POINT('',(1.33938797981064,-3.63216237681364,1.07804879399105));
#2036=CARTESIAN_POINT('',(1.96100010453685,-3.65164945308746,1.43693672153326));
#2037=CARTESIAN_POINT('',(2.31988803207907,-3.67113652936127,2.05854884625947));
#2038=CARTESIAN_POINT('',(2.67877595962128,-3.69062360563508,2.68016097098568));
#2039=CARTESIAN_POINT('',(2.67877595962128,-3.71011068190889,3.39793682607011));
#2040=CARTESIAN_POINT('',(2.67877595962129,-3.7295977581827,4.11571268115454));
#2041=CARTESIAN_POINT('',(2.31988803207907,-3.74908483445652,4.73732480588075));
#2042=CARTESIAN_POINT('',(1.96100010453686,-3.76857191073033,5.35893693060697));
#2043=CARTESIAN_POINT('',(1.33938797981065,-3.78805898700414,5.71782485814918));
#2044=CARTESIAN_POINT('',(0.717775855084435,-3.80754606327795,6.0767127856914));
#2045=CARTESIAN_POINT('',(2.39011306871727E-15,-3.82703313955176,6.0767127856914));
#2046=CARTESIAN_POINT('',(-0.717775855084421,-3.84652021582558,6.07671278569141));
#2047=CARTESIAN_POINT('',(-1.33938797981064,-3.86600729209939,5.71782485814919));
#2048=CARTESIAN_POINT('',(-1.96100010453685,-3.8854943683732,5.35893693060698));
#2049=CARTESIAN_POINT('',(-2.31988803207907,-3.90498144464701,4.73732480588077));
#2050=CARTESIAN_POINT('',(-2.67877595962128,-3.92446852092082,4.11571268115456));
#2051=CARTESIAN_POINT('',(-2.67877595962128,-3.94395559719464,3.39793682607013));
#2052=CARTESIAN_POINT('',(-2.67877595962129,-3.96344267346845,2.68016097098569));
#2053=CARTESIAN_POINT('',(-2.31988803207908,-3.98292974974226,2.05854884625948));
#2054=CARTESIAN_POINT('',(-1.96100010453686,-4.00241682601607,1.43693672153327));
#2055=CARTESIAN_POINT('',(-1.33938797981065,-4.02190390228988,1.07804879399105));
#2056=CARTESIAN_POINT('',(-0.717775855084436,-4.0413909785637,0.719160866448836));
#2057=CARTESIAN_POINT('',(-1.27180718117158E-14,-4.06087805483751,0.719160866448834));
#2058=CARTESIAN_POINT('',(0.71777585508442,-4.08036513111132,0.719160866448832));
#2059=CARTESIAN_POINT('',(1.33938797981064,-4.09985220738513,1.07804879399105));
#2060=CARTESIAN_POINT('',(1.96100010453685,-4.11933928365895,1.43693672153326));
#2061=CARTESIAN_POINT('',(2.31988803207907,-4.13882635993276,2.05854884625947));
#2062=CARTESIAN_POINT('',(2.67877595962128,-4.15831343620657,2.68016097098568));
#2063=CARTESIAN_POINT('',(2.67877595962128,-4.17780051248038,3.39793682607011));
#2064=CARTESIAN_POINT('',(2.67877595962129,-4.19728758875419,4.11571268115453));
#2065=CARTESIAN_POINT('',(2.31988803207908,-4.21677466502801,4.73732480588075));
#2066=CARTESIAN_POINT('',(1.96100010453686,-4.23626174130182,5.35893693060697));
#2067=CARTESIAN_POINT('',(1.33938797981065,-4.25574881757563,5.71782485814918));
#2068=CARTESIAN_POINT('',(0.717775855084436,-4.27523589384944,6.0767127856914));
#2069=CARTESIAN_POINT('',(1.25345111469156E-14,-4.29472297012325,6.0767127856914));
#2070=CARTESIAN_POINT('',(-0.71777585508442,-4.31421004639707,6.07671278569141));
#2071=CARTESIAN_POINT('',(-1.33938797981064,-4.33369712267088,5.71782485814919));
#2072=CARTESIAN_POINT('',(-1.96100010453685,-4.35318419894469,5.35893693060698));
#2073=CARTESIAN_POINT('',(-2.31988803207907,-4.3726712752185,4.73732480588077));
#2074=CARTESIAN_POINT('',(-2.67877595962128,-4.39215835149231,4.11571268115455));
#2075=CARTESIAN_POINT('',(-2.67877595962128,-4.41164542776613,3.39793682607014));
#2076=CARTESIAN_POINT('',(-2.67877595962129,-4.43113250403994,2.6801609709857));
#2077=CARTESIAN_POINT('',(-2.31988803207908,-4.45061958031375,2.05854884625949));
#2078=CARTESIAN_POINT('',(-1.96100010453686,-4.47010665658756,1.43693672153327));
#2079=CARTESIAN_POINT('',(-1.33938797981064,-4.48959373286137,1.07804879399105));
#2080=CARTESIAN_POINT('',(-0.717775855084446,-4.50908080913519,0.719160866448839));
#2081=CARTESIAN_POINT('',(-1.34028194895393E-14,-4.528567885409,0.719160866448834));
#2082=CARTESIAN_POINT('',(0.71777585508442,-4.54805496168281,0.719160866448832));
#2083=CARTESIAN_POINT('',(1.33938797981064,-4.56754203795662,1.07804879399105));
#2084=CARTESIAN_POINT('',(1.96100010453685,-4.58702911423044,1.43693672153326));
#2085=CARTESIAN_POINT('',(2.31988803207906,-4.60651619050425,2.05854884625946));
#2086=CARTESIAN_POINT('',(2.67877595962128,-4.62600326677806,2.68016097098568));
#2087=CARTESIAN_POINT('',(2.67877595962128,-4.64549034305187,3.39793682607011));
#2088=CARTESIAN_POINT('',(2.67877595962129,-4.66497741932568,4.11571268115454));
#2089=CARTESIAN_POINT('',(2.31988803207908,-4.6844644955995,4.73732480588074));
#2090=CARTESIAN_POINT('',(1.96100010453687,-4.70395157187331,5.35893693060696));
#2091=CARTESIAN_POINT('',(1.33938797981065,-4.72343864814712,5.71782485814918));
#2092=CARTESIAN_POINT('',(0.717775855084437,-4.74292572442093,6.0767127856914));
#2093=CARTESIAN_POINT('',(3.64506123673691E-15,-4.76241280069474,6.0767127856914));
#2094=CARTESIAN_POINT('',(-0.71777585508441,-4.78189987696856,6.07671278569141));
#2095=CARTESIAN_POINT('',(-1.33938797981063,-4.80138695324237,5.7178248581492));
#2096=CARTESIAN_POINT('',(-1.96100010453685,-4.82087402951618,5.35893693060698));
#2097=CARTESIAN_POINT('',(-2.31988803207907,-4.84036110578999,4.73732480588077));
#2098=CARTESIAN_POINT('',(-2.67877595962128,-4.8598481820638,4.11571268115455));
#2099=CARTESIAN_POINT('',(-2.67877595962128,-4.87933525833762,3.39793682607014));
#2100=CARTESIAN_POINT('',(-2.67877595962129,-4.89882233461143,2.6801609709857));
#2101=CARTESIAN_POINT('',(-2.31988803207908,-4.91830941088524,2.05854884625949));
#2102=CARTESIAN_POINT('',(-1.96100010453686,-4.93779648715905,1.43693672153327));
#2103=CARTESIAN_POINT('',(-1.33938797981065,-4.95728356343286,1.07804879399105));
#2104=CARTESIAN_POINT('',(-0.717775855084447,-4.97677063970668,0.71916086644884));
#2105=CARTESIAN_POINT('',(-1.40875671673627E-14,-4.99625771598049,0.719160866448834));
#2106=CARTESIAN_POINT('',(0.717775855084419,-5.0157447922543,0.719160866448832));
#2107=CARTESIAN_POINT('',(1.33938797981064,-5.03523186852811,1.07804879399105));
#2108=CARTESIAN_POINT('',(1.96100010453684,-5.05471894480193,1.43693672153325));
#2109=CARTESIAN_POINT('',(2.31988803207906,-5.07420602107574,2.05854884625946));
#2110=CARTESIAN_POINT('',(2.67877595962128,-5.09369309734955,2.68016097098568));
#2111=CARTESIAN_POINT('',(2.67877595962128,-5.11318017362336,3.39793682607011));
#2112=CARTESIAN_POINT('',(2.67877595962129,-5.13266724989717,4.11571268115454));
#2113=CARTESIAN_POINT('',(2.31988803207908,-5.15215432617098,4.73732480588074));
#2114=CARTESIAN_POINT('',(1.96100010453687,-5.1716414024448,5.35893693060696));
#2115=CARTESIAN_POINT('',(1.33938797981065,-5.19112847871861,5.71782485814918));
#2116=CARTESIAN_POINT('',(0.717775855084437,-5.21061555499242,6.0767127856914));
#2117=CARTESIAN_POINT('',(4.27253532074673E-15,-5.23010263126623,6.0767127856914));
#2118=CARTESIAN_POINT('',(-0.71777585508441,-5.24958970754005,6.07671278569141));
#2119=CARTESIAN_POINT('',(-1.33938797981063,-5.26907678381386,5.7178248581492));
#2120=CARTESIAN_POINT('',(-1.96100010453685,-5.28856386008767,5.35893693060698));
#2121=CARTESIAN_POINT('',(-2.31988803207907,-5.30805093636148,4.73732480588077));
#2122=CARTESIAN_POINT('',(-2.67877595962128,-5.32753801263529,4.11571268115455));
#2123=CARTESIAN_POINT('',(-2.67877595962128,-5.34702508890911,3.39793682607014));
#2124=CARTESIAN_POINT('',(-2.67877595962129,-5.36651216518292,2.68016097098571));
#2125=CARTESIAN_POINT('',(-2.31988803207908,-5.38599924145673,2.05854884625949));
#2126=CARTESIAN_POINT('',(-1.96100010453686,-5.40548631773054,1.43693672153327));
#2127=CARTESIAN_POINT('',(-1.33938797981066,-5.42497339400435,1.07804879399106));
#2128=CARTESIAN_POINT('',(-0.717775855084448,-5.44446047027817,0.71916086644884));
#2129=CARTESIAN_POINT('',(-1.47723148451861E-14,-5.46394754655198,0.719160866448834));
#2130=CARTESIAN_POINT('',(0.717775855084418,-5.48343462282579,0.719160866448831));
#2131=CARTESIAN_POINT('',(1.33938797981064,-5.5029216990996,1.07804879399105));
#2132=CARTESIAN_POINT('',(1.96100010453684,-5.52240877537341,1.43693672153325));
#2133=CARTESIAN_POINT('',(2.31988803207906,-5.54189585164723,2.05854884625946));
#2134=CARTESIAN_POINT('',(2.67877595962128,-5.56138292792104,2.68016097098568));
#2135=CARTESIAN_POINT('',(2.67877595962128,-5.58087000419485,3.39793682607011));
#2136=CARTESIAN_POINT('',(2.67877595962129,-5.60035708046866,4.11571268115454));
#2137=CARTESIAN_POINT('',(2.31988803207908,-5.61984415674248,4.73732480588074));
#2138=CARTESIAN_POINT('',(1.96100010453687,-5.63933123301629,5.35893693060696));
#2139=CARTESIAN_POINT('',(1.33938797981065,-5.6588183092901,5.71782485814918));
#2140=CARTESIAN_POINT('',(0.717775855084438,-5.67830538556391,6.0767127856914));
#2141=CARTESIAN_POINT('',(4.90000940475655E-15,-5.69779246183772,6.0767127856914));
#2142=CARTESIAN_POINT('',(-0.717775855084409,-5.71727953811154,6.07671278569141));
#2143=CARTESIAN_POINT('',(-1.33938797981063,-5.73676661438535,5.7178248581492));
#2144=CARTESIAN_POINT('',(-1.96100010453685,-5.75625369065916,5.35893693060698));
#2145=CARTESIAN_POINT('',(-2.31988803207907,-5.77574076693297,4.73732480588077));
#2146=CARTESIAN_POINT('',(-2.67877595962128,-5.79522784320678,4.11571268115457));
#2147=CARTESIAN_POINT('',(-2.67877595962129,-5.8147149194806,3.39793682607014));
#2148=CARTESIAN_POINT('',(-2.67877595962129,-5.83420199575441,2.68016097098571));
#2149=CARTESIAN_POINT('',(-2.31988803207908,-5.85368907202822,2.05854884625949));
#2150=CARTESIAN_POINT('',(-1.96100010453686,-5.87317614830203,1.43693672153327));
#2151=CARTESIAN_POINT('',(-1.33938797981066,-5.89266322457584,1.07804879399106));
#2152=CARTESIAN_POINT('',(-0.717775855084448,-5.91215030084966,0.71916086644884));
#2153=CARTESIAN_POINT('',(-1.54570625230095E-14,-5.93163737712347,0.719160866448834));
#2154=CARTESIAN_POINT('',(0.717775855084417,-5.95112445339728,0.719160866448831));
#2155=CARTESIAN_POINT('',(1.33938797981064,-5.97061152967109,1.07804879399105));
#2156=CARTESIAN_POINT('',(1.96100010453684,-5.9900986059449,1.43693672153325));
#2157=CARTESIAN_POINT('',(2.31988803207906,-6.00958568221872,2.05854884625946));
#2158=CARTESIAN_POINT('',(2.67877595962128,-6.02907275849253,2.68016097098568));
#2159=CARTESIAN_POINT('',(2.67877595962128,-6.04855983476634,3.39793682607011));
#2160=CARTESIAN_POINT('',(2.67877595962129,-6.06804691104015,4.11571268115452));
#2161=CARTESIAN_POINT('',(2.31988803207908,-6.08753398731397,4.73732480588074));
#2162=CARTESIAN_POINT('',(1.96100010453687,-6.10702106358778,5.35893693060696));
#2163=CARTESIAN_POINT('',(1.33938797981065,-6.12650813986159,5.71782485814918));
#2164=CARTESIAN_POINT('',(0.717775855084439,-6.1459952161354,6.0767127856914));
#2165=CARTESIAN_POINT('',(2.45613314771433E-14,-6.16548229240921,6.0767127856914));
#2166=CARTESIAN_POINT('',(-0.717775855084408,-6.18496936868303,6.07671278569141));
#2167=CARTESIAN_POINT('',(-1.33938797981063,-6.20445644495684,5.7178248581492));
#2168=CARTESIAN_POINT('',(-1.96100010453685,-6.22394352123065,5.35893693060698));
#2169=CARTESIAN_POINT('',(-2.31988803207907,-6.24343059750446,4.73732480588077));
#2170=CARTESIAN_POINT('',(-2.67877595962128,-6.26291767377827,4.11571268115457));
#2171=CARTESIAN_POINT('',(-2.67877595962129,-6.28240475005209,3.39793682607014));
#2172=CARTESIAN_POINT('',(-2.67877595962129,-6.3018918263259,2.68016097098571));
#2173=CARTESIAN_POINT('',(-2.31988803207908,-6.32137890259971,2.05854884625949));
#2174=CARTESIAN_POINT('',(-1.96100010453686,-6.34086597887352,1.43693672153327));
#2175=CARTESIAN_POINT('',(-1.33938797981066,-6.36035305514734,1.07804879399106));
#2176=CARTESIAN_POINT('',(-0.717775855084449,-6.37984013142115,0.71916086644884));
#2177=CARTESIAN_POINT('',(-1.61418102008329E-14,-6.39932720769496,0.719160866448834));
#2178=CARTESIAN_POINT('',(0.717775855084417,-6.41881428396877,0.719160866448831));
#2179=CARTESIAN_POINT('',(1.33938797981062,-6.43830136024258,1.07804879399104));
#2180=CARTESIAN_POINT('',(1.96100010453684,-6.4577884365164,1.43693672153325));
#2181=CARTESIAN_POINT('',(2.31988803207906,-6.47727551279021,2.05854884625946));
#2182=CARTESIAN_POINT('',(2.67877595962128,-6.49676258906402,2.68016097098568));
#2183=CARTESIAN_POINT('',(2.67877595962128,-6.51624966533783,3.39793682607011));
#2184=CARTESIAN_POINT('',(2.67877595962129,-6.53573674161164,4.11571268115452));
#2185=CARTESIAN_POINT('',(2.31988803207908,-6.55522381788546,4.73732480588074));
#2186=CARTESIAN_POINT('',(1.96100010453687,-6.57471089415927,5.35893693060696));
#2187=CARTESIAN_POINT('',(1.33938797981065,-6.59419797043308,5.71782485814918));
#2188=CARTESIAN_POINT('',(0.717775855084439,-6.61368504670689,6.0767127856914));
#2189=CARTESIAN_POINT('',(2.51888055611531E-14,-6.6331721229807,6.0767127856914));
#2190=CARTESIAN_POINT('',(-1.12894844830875E-16,-1.84377362535308,6.0767127856914));
#2191=CARTESIAN_POINT('',(-0.717775855084429,-1.86326070162689,6.0767127856914));
#2192=CARTESIAN_POINT('',(-1.33938797981064,-1.88274777790071,5.71782485814919));
#2193=CARTESIAN_POINT('',(-1.96100010453686,-1.90223485417452,5.35893693060698));
#2194=CARTESIAN_POINT('',(-2.31988803207907,-1.92172193044833,4.73732480588076));
#2195=CARTESIAN_POINT('',(-2.67877595962128,-1.94120900672214,4.11571268115455));
#2196=CARTESIAN_POINT('',(-2.67877595962128,-1.96069608299595,3.39793682607012));
#2197=CARTESIAN_POINT('',(-2.67877595962128,-1.98018315926977,2.68016097098569));
#2198=CARTESIAN_POINT('',(-2.31988803207907,-1.99967023554358,2.05854884625948));
#2199=CARTESIAN_POINT('',(-1.96100010453686,-2.01915731181739,1.43693672153326));
#2200=CARTESIAN_POINT('',(-1.33938797981064,-2.0386443880912,1.07804879399105));
#2201=CARTESIAN_POINT('',(-0.71777585508443,-2.05813146436501,0.719160866448835));
#2202=CARTESIAN_POINT('',(-4.55268683742583E-16,-2.07761854063883,0.719160866448834));
#2203=CARTESIAN_POINT('',(0.717775855084428,-2.09710561691264,0.719160866448834));
#2204=CARTESIAN_POINT('',(1.33938797981064,-2.11659269318645,1.07804879399105));
#2205=CARTESIAN_POINT('',(1.96100010453685,-2.13607976946026,1.43693672153326));
#2206=CARTESIAN_POINT('',(2.31988803207907,-2.15556684573408,2.05854884625948));
#2207=CARTESIAN_POINT('',(2.67877595962128,-2.17505392200789,2.68016097098569));
#2208=CARTESIAN_POINT('',(2.67877595962128,-2.1945409982817,3.39793682607012));
#2209=CARTESIAN_POINT('',(2.67877595962129,-2.21402807455551,4.11571268115455));
#2210=CARTESIAN_POINT('',(2.31988803207907,-2.23351515082932,4.73732480588076));
#2211=CARTESIAN_POINT('',(1.96100010453686,-2.25300222710314,5.35893693060698));
#2212=CARTESIAN_POINT('',(1.33938797981064,-2.27248930337695,5.71782485814919));
#2213=CARTESIAN_POINT('',(0.717775855084431,-2.29197637965076,6.0767127856914));
#2214=CARTESIAN_POINT('',(5.14579239178944E-16,-2.31146345592457,6.0767127856914));
#2215=CARTESIAN_POINT('',(-0.717775855084428,-2.33095053219838,6.0767127856914));
#2216=CARTESIAN_POINT('',(-1.33938797981064,-2.3504376084722,5.71782485814919));
#2217=CARTESIAN_POINT('',(-1.96100010453685,-2.36992468474601,5.35893693060698));
#2218=CARTESIAN_POINT('',(-2.31988803207907,-2.38941176101982,4.73732480588076));
#2219=CARTESIAN_POINT('',(-2.67877595962128,-2.40889883729363,4.11571268115455));
#2220=CARTESIAN_POINT('',(-2.67877595962128,-2.42838591356744,3.39793682607012));
#2221=CARTESIAN_POINT('',(-2.67877595962129,-2.44787298984126,2.68016097098569));
#2222=CARTESIAN_POINT('',(-2.31988803207907,-2.46736006611507,2.05854884625948));
#2223=CARTESIAN_POINT('',(-1.96100010453686,-2.48684714238888,1.43693672153327));
#2224=CARTESIAN_POINT('',(-1.33938797981065,-2.50633421866269,1.07804879399105));
#2225=CARTESIAN_POINT('',(-0.717775855084434,-2.52582129493651,0.719160866448836));
#2226=CARTESIAN_POINT('',(-1.140016361566E-15,-2.54530837121032,0.719160866448834));
#2227=CARTESIAN_POINT('',(0.717775855084427,-2.56479544748413,0.719160866448834));
#2228=CARTESIAN_POINT('',(1.33938797981064,-2.58428252375794,1.07804879399105));
#2229=CARTESIAN_POINT('',(1.96100010453685,-2.60376960003175,1.43693672153326));
#2230=CARTESIAN_POINT('',(2.31988803207907,-2.62325667630557,2.05854884625947));
#2231=CARTESIAN_POINT('',(2.67877595962128,-2.64274375257938,2.68016097098569));
#2232=CARTESIAN_POINT('',(2.67877595962128,-2.66223082885319,3.39793682607012));
#2233=CARTESIAN_POINT('',(2.67877595962129,-2.681717905127,4.11571268115455));
#2234=CARTESIAN_POINT('',(2.31988803207907,-2.70120498140081,4.73732480588076));
#2235=CARTESIAN_POINT('',(1.96100010453686,-2.72069205767463,5.35893693060697));
#2236=CARTESIAN_POINT('',(1.33938797981065,-2.74017913394844,5.71782485814919));
#2237=CARTESIAN_POINT('',(0.717775855084434,-2.75966621022225,6.0767127856914));
#2238=CARTESIAN_POINT('',(1.14205332318876E-15,-2.77915328649606,6.0767127856914));
#2239=CARTESIAN_POINT('',(-0.717775855084427,-2.79864036276987,6.0767127856914));
#2240=CARTESIAN_POINT('',(-1.33938797981064,-2.81812743904369,5.71782485814919));
#2241=CARTESIAN_POINT('',(-1.96100010453685,-2.8376145153175,5.35893693060698));
#2242=CARTESIAN_POINT('',(-2.31988803207907,-2.85710159159131,4.73732480588077));
#2243=CARTESIAN_POINT('',(-2.67877595962128,-2.87658866786512,4.11571268115455));
#2244=CARTESIAN_POINT('',(-2.67877595962128,-2.89607574413893,3.39793682607013));
#2245=CARTESIAN_POINT('',(-2.67877595962129,-2.91556282041275,2.68016097098569));
#2246=CARTESIAN_POINT('',(-2.31988803207907,-2.93504989668656,2.05854884625948));
#2247=CARTESIAN_POINT('',(-1.96100010453686,-2.95453697296037,1.43693672153327));
#2248=CARTESIAN_POINT('',(-1.33938797981065,-2.97402404923418,1.07804879399105));
#2249=CARTESIAN_POINT('',(-0.717775855084435,-2.99351112550799,0.719160866448836));
#2250=CARTESIAN_POINT('',(-6.58322603648365E-15,-3.01299820178181,0.719160866448834));
#2251=CARTESIAN_POINT('',(0.717775855084426,-3.03248527805562,0.719160866448834));
#2252=CARTESIAN_POINT('',(1.33938797981064,-3.05197235432943,1.07804879399105));
#2253=CARTESIAN_POINT('',(1.96100010453685,-3.07145943060324,1.43693672153326));
#2254=CARTESIAN_POINT('',(2.31988803207907,-3.09094650687706,2.05854884625947));
#2255=CARTESIAN_POINT('',(2.67877595962128,-3.11043358315087,2.68016097098569));
#2256=CARTESIAN_POINT('',(2.67877595962128,-3.12992065942468,3.39793682607011));
#2257=CARTESIAN_POINT('',(2.67877595962129,-3.14940773569849,4.11571268115455));
#2258=CARTESIAN_POINT('',(2.31988803207907,-3.1688948119723,4.73732480588076));
#2259=CARTESIAN_POINT('',(1.96100010453686,-3.18838188824612,5.35893693060697));
#2260=CARTESIAN_POINT('',(1.33938797981065,-3.20786896451993,5.71782485814918));
#2261=CARTESIAN_POINT('',(0.717775855084435,-3.22735604079374,6.0767127856914));
#2262=CARTESIAN_POINT('',(1.76952740719858E-15,-3.24684311706755,6.0767127856914));
#2263=CARTESIAN_POINT('',(-0.717775855084422,-3.26633019334136,6.07671278569141));
#2264=CARTESIAN_POINT('',(-1.33938797981064,-3.28581726961518,5.71782485814919));
#2265=CARTESIAN_POINT('',(-1.96100010453685,-3.30530434588899,5.35893693060698));
#2266=CARTESIAN_POINT('',(-2.31988803207907,-3.3247914221628,4.73732480588077));
#2267=CARTESIAN_POINT('',(-2.67877595962128,-3.34427849843661,4.11571268115455));
#2268=CARTESIAN_POINT('',(-2.67877595962128,-3.36376557471042,3.39793682607013));
#2269=CARTESIAN_POINT('',(-2.67877595962129,-3.38325265098424,2.68016097098569));
#2270=CARTESIAN_POINT('',(-2.31988803207907,-3.40273972725805,2.05854884625948));
#2271=CARTESIAN_POINT('',(-1.96100010453686,-3.42222680353186,1.43693672153327));
#2272=CARTESIAN_POINT('',(-1.33938797981065,-3.44171387980567,1.07804879399105));
#2273=CARTESIAN_POINT('',(-0.717775855084435,-3.46120095607948,0.719160866448836));
#2274=CARTESIAN_POINT('',(-2.50951171721283E-15,-3.4806880323533,0.719160866448834));
#2275=CARTESIAN_POINT('',(0.717775855084421,-3.50017510862711,0.719160866448832));
#2276=CARTESIAN_POINT('',(1.33938797981064,-3.51966218490092,1.07804879399105));
#2277=CARTESIAN_POINT('',(1.96100010453685,-3.53914926117473,1.43693672153326));
#2278=CARTESIAN_POINT('',(2.31988803207907,-3.55863633744855,2.05854884625947));
#2279=CARTESIAN_POINT('',(2.67877595962128,-3.57812341372236,2.68016097098568));
#2280=CARTESIAN_POINT('',(2.67877595962128,-3.59761048999617,3.39793682607011));
#2281=CARTESIAN_POINT('',(2.67877595962129,-3.61709756626998,4.11571268115454));
#2282=CARTESIAN_POINT('',(2.31988803207907,-3.63658464254379,4.73732480588075));
#2283=CARTESIAN_POINT('',(1.96100010453686,-3.65607171881761,5.35893693060697));
#2284=CARTESIAN_POINT('',(1.33938797981065,-3.67555879509142,5.71782485814918));
#2285=CARTESIAN_POINT('',(0.717775855084435,-3.69504587136523,6.0767127856914));
#2286=CARTESIAN_POINT('',(2.3970014912084E-15,-3.71453294763904,6.0767127856914));
#2287=CARTESIAN_POINT('',(-0.717775855084421,-3.73402002391285,6.07671278569141));
#2288=CARTESIAN_POINT('',(-1.33938797981064,-3.75350710018667,5.71782485814919));
#2289=CARTESIAN_POINT('',(-1.96100010453685,-3.77299417646048,5.35893693060698));
#2290=CARTESIAN_POINT('',(-2.31988803207907,-3.79248125273429,4.73732480588077));
#2291=CARTESIAN_POINT('',(-2.67877595962128,-3.8119683290081,4.11571268115456));
#2292=CARTESIAN_POINT('',(-2.67877595962128,-3.83145540528191,3.39793682607013));
#2293=CARTESIAN_POINT('',(-2.67877595962129,-3.85094248155573,2.68016097098569));
#2294=CARTESIAN_POINT('',(-2.31988803207908,-3.87042955782954,2.05854884625948));
#2295=CARTESIAN_POINT('',(-1.96100010453686,-3.88991663410335,1.43693672153327));
#2296=CARTESIAN_POINT('',(-1.33938797981065,-3.90940371037716,1.07804879399105));
#2297=CARTESIAN_POINT('',(-0.717775855084436,-3.92889078665098,0.719160866448836));
#2298=CARTESIAN_POINT('',(-1.27111833892247E-14,-3.94837786292479,0.719160866448834));
#2299=CARTESIAN_POINT('',(0.71777585508442,-3.9678649391986,0.719160866448832));
#2300=CARTESIAN_POINT('',(1.33938797981064,-3.98735201547241,1.07804879399105));
#2301=CARTESIAN_POINT('',(1.96100010453685,-4.00683909174622,1.43693672153326));
#2302=CARTESIAN_POINT('',(2.31988803207907,-4.02632616802004,2.05854884625947));
#2303=CARTESIAN_POINT('',(2.67877595962128,-4.04581324429385,2.68016097098568));
#2304=CARTESIAN_POINT('',(2.67877595962128,-4.06530032056766,3.39793682607011));
#2305=CARTESIAN_POINT('',(2.67877595962129,-4.08478739684147,4.11571268115453));
#2306=CARTESIAN_POINT('',(2.31988803207908,-4.10427447311528,4.73732480588075));
#2307=CARTESIAN_POINT('',(1.96100010453686,-4.1237615493891,5.35893693060697));
#2308=CARTESIAN_POINT('',(1.33938797981065,-4.14324862566291,5.71782485814918));
#2309=CARTESIAN_POINT('',(0.717775855084436,-4.16273570193672,6.0767127856914));
#2310=CARTESIAN_POINT('',(1.25413995694067E-14,-4.18222277821053,6.0767127856914));
#2311=CARTESIAN_POINT('',(-0.71777585508442,-4.20170985448434,6.07671278569141));
#2312=CARTESIAN_POINT('',(-1.33938797981064,-4.22119693075816,5.71782485814919));
#2313=CARTESIAN_POINT('',(-1.96100010453685,-4.24068400703197,5.35893693060698));
#2314=CARTESIAN_POINT('',(-2.31988803207907,-4.26017108330578,4.73732480588077));
#2315=CARTESIAN_POINT('',(-2.67877595962128,-4.27965815957959,4.11571268115455));
#2316=CARTESIAN_POINT('',(-2.67877595962128,-4.2991452358534,3.39793682607014));
#2317=CARTESIAN_POINT('',(-2.67877595962129,-4.31863231212722,2.6801609709857));
#2318=CARTESIAN_POINT('',(-2.31988803207908,-4.33811938840103,2.05854884625949));
#2319=CARTESIAN_POINT('',(-1.96100010453686,-4.35760646467484,1.43693672153327));
#2320=CARTESIAN_POINT('',(-1.33938797981064,-4.37709354094865,1.07804879399105));
#2321=CARTESIAN_POINT('',(-0.717775855084446,-4.39658061722246,0.719160866448839));
#2322=CARTESIAN_POINT('',(-1.33959310670481E-14,-4.41606769349628,0.719160866448834));
#2323=CARTESIAN_POINT('',(0.71777585508442,-4.43555476977009,0.719160866448832));
#2324=CARTESIAN_POINT('',(1.33938797981064,-4.4550418460439,1.07804879399105));
#2325=CARTESIAN_POINT('',(1.96100010453685,-4.47452892231771,1.43693672153326));
#2326=CARTESIAN_POINT('',(2.31988803207906,-4.49401599859153,2.05854884625946));
#2327=CARTESIAN_POINT('',(2.67877595962128,-4.51350307486534,2.68016097098568));
#2328=CARTESIAN_POINT('',(2.67877595962128,-4.53299015113915,3.39793682607011));
#2329=CARTESIAN_POINT('',(2.67877595962129,-4.55247722741296,4.11571268115454));
#2330=CARTESIAN_POINT('',(2.31988803207908,-4.57196430368677,4.73732480588074));
#2331=CARTESIAN_POINT('',(1.96100010453687,-4.59145137996059,5.35893693060696));
#2332=CARTESIAN_POINT('',(1.33938797981065,-4.6109384562344,5.71782485814918));
#2333=CARTESIAN_POINT('',(0.717775855084437,-4.63042553250821,6.0767127856914));
#2334=CARTESIAN_POINT('',(3.65194965922804E-15,-4.64991260878202,6.0767127856914));
#2335=CARTESIAN_POINT('',(-0.71777585508441,-4.66939968505583,6.07671278569141));
#2336=CARTESIAN_POINT('',(-1.33938797981063,-4.68888676132965,5.7178248581492));
#2337=CARTESIAN_POINT('',(-1.96100010453685,-4.70837383760346,5.35893693060698));
#2338=CARTESIAN_POINT('',(-2.31988803207907,-4.72786091387727,4.73732480588077));
#2339=CARTESIAN_POINT('',(-2.67877595962128,-4.74734799015108,4.11571268115455));
#2340=CARTESIAN_POINT('',(-2.67877595962128,-4.76683506642489,3.39793682607014));
#2341=CARTESIAN_POINT('',(-2.67877595962129,-4.78632214269871,2.6801609709857));
#2342=CARTESIAN_POINT('',(-2.31988803207908,-4.80580921897252,2.05854884625949));
#2343=CARTESIAN_POINT('',(-1.96100010453686,-4.82529629524633,1.43693672153327));
#2344=CARTESIAN_POINT('',(-1.33938797981065,-4.84478337152014,1.07804879399105));
#2345=CARTESIAN_POINT('',(-0.717775855084447,-4.86427044779396,0.71916086644884));
#2346=CARTESIAN_POINT('',(-1.40806787448715E-14,-4.88375752406777,0.719160866448834));
#2347=CARTESIAN_POINT('',(0.717775855084419,-4.90324460034158,0.719160866448832));
#2348=CARTESIAN_POINT('',(1.33938797981064,-4.92273167661539,1.07804879399105));
#2349=CARTESIAN_POINT('',(1.96100010453684,-4.9422187528892,1.43693672153325));
#2350=CARTESIAN_POINT('',(2.31988803207906,-4.96170582916302,2.05854884625946));
#2351=CARTESIAN_POINT('',(2.67877595962128,-4.98119290543683,2.68016097098568));
#2352=CARTESIAN_POINT('',(2.67877595962128,-5.00067998171064,3.39793682607011));
#2353=CARTESIAN_POINT('',(2.67877595962129,-5.02016705798445,4.11571268115454));
#2354=CARTESIAN_POINT('',(2.31988803207908,-5.03965413425826,4.73732480588074));
#2355=CARTESIAN_POINT('',(1.96100010453687,-5.05914121053208,5.35893693060696));
#2356=CARTESIAN_POINT('',(1.33938797981065,-5.07862828680589,5.71782485814918));
#2357=CARTESIAN_POINT('',(0.717775855084437,-5.0981153630797,6.0767127856914));
#2358=CARTESIAN_POINT('',(4.27942374323786E-15,-5.11760243935351,6.0767127856914));
#2359=CARTESIAN_POINT('',(-0.71777585508441,-5.13708951562732,6.07671278569141));
#2360=CARTESIAN_POINT('',(-1.33938797981063,-5.15657659190114,5.7178248581492));
#2361=CARTESIAN_POINT('',(-1.96100010453685,-5.17606366817495,5.35893693060698));
#2362=CARTESIAN_POINT('',(-2.31988803207907,-5.19555074444876,4.73732480588077));
#2363=CARTESIAN_POINT('',(-2.67877595962128,-5.21503782072257,4.11571268115455));
#2364=CARTESIAN_POINT('',(-2.67877595962128,-5.23452489699638,3.39793682607014));
#2365=CARTESIAN_POINT('',(-2.67877595962129,-5.2540119732702,2.68016097098571));
#2366=CARTESIAN_POINT('',(-2.31988803207908,-5.27349904954401,2.05854884625949));
#2367=CARTESIAN_POINT('',(-1.96100010453686,-5.29298612581782,1.43693672153327));
#2368=CARTESIAN_POINT('',(-1.33938797981066,-5.31247320209163,1.07804879399106));
#2369=CARTESIAN_POINT('',(-0.717775855084448,-5.33196027836544,0.71916086644884));
#2370=CARTESIAN_POINT('',(-1.4765426422695E-14,-5.35144735463926,0.719160866448834));
#2371=CARTESIAN_POINT('',(0.717775855084418,-5.37093443091307,0.719160866448831));
#2372=CARTESIAN_POINT('',(1.33938797981064,-5.39042150718688,1.07804879399105));
#2373=CARTESIAN_POINT('',(1.96100010453684,-5.40990858346069,1.43693672153325));
#2374=CARTESIAN_POINT('',(2.31988803207906,-5.4293956597345,2.05854884625946));
#2375=CARTESIAN_POINT('',(2.67877595962128,-5.44888273600832,2.68016097098568));
#2376=CARTESIAN_POINT('',(2.67877595962128,-5.46836981228213,3.39793682607011));
#2377=CARTESIAN_POINT('',(2.67877595962129,-5.48785688855594,4.11571268115454));
#2378=CARTESIAN_POINT('',(2.31988803207908,-5.50734396482975,4.73732480588074));
#2379=CARTESIAN_POINT('',(1.96100010453687,-5.52683104110357,5.35893693060696));
#2380=CARTESIAN_POINT('',(1.33938797981065,-5.54631811737738,5.71782485814918));
#2381=CARTESIAN_POINT('',(0.717775855084438,-5.56580519365119,6.0767127856914));
#2382=CARTESIAN_POINT('',(4.90689782724768E-15,-5.585292269925,6.0767127856914));
#2383=CARTESIAN_POINT('',(-0.717775855084409,-5.60477934619881,6.07671278569141));
#2384=CARTESIAN_POINT('',(-1.33938797981063,-5.62426642247263,5.7178248581492));
#2385=CARTESIAN_POINT('',(-1.96100010453685,-5.64375349874644,5.35893693060698));
#2386=CARTESIAN_POINT('',(-2.31988803207907,-5.66324057502025,4.73732480588077));
#2387=CARTESIAN_POINT('',(-2.67877595962128,-5.68272765129406,4.11571268115457));
#2388=CARTESIAN_POINT('',(-2.67877595962129,-5.70221472756787,3.39793682607014));
#2389=CARTESIAN_POINT('',(-2.67877595962129,-5.72170180384169,2.68016097098571));
#2390=CARTESIAN_POINT('',(-2.31988803207908,-5.7411888801155,2.05854884625949));
#2391=CARTESIAN_POINT('',(-1.96100010453686,-5.76067595638931,1.43693672153327));
#2392=CARTESIAN_POINT('',(-1.33938797981066,-5.78016303266312,1.07804879399106));
#2393=CARTESIAN_POINT('',(-0.717775855084448,-5.79965010893693,0.71916086644884));
#2394=CARTESIAN_POINT('',(-1.54501741005184E-14,-5.81913718521075,0.719160866448834));
#2395=CARTESIAN_POINT('',(0.717775855084417,-5.83862426148456,0.719160866448831));
#2396=CARTESIAN_POINT('',(1.33938797981064,-5.85811133775837,1.07804879399105));
#2397=CARTESIAN_POINT('',(1.96100010453684,-5.87759841403218,1.43693672153325));
#2398=CARTESIAN_POINT('',(2.31988803207906,-5.897085490306,2.05854884625946));
#2399=CARTESIAN_POINT('',(2.67877595962128,-5.91657256657981,2.68016097098568));
#2400=CARTESIAN_POINT('',(2.67877595962128,-5.93605964285362,3.39793682607011));
#2401=CARTESIAN_POINT('',(2.67877595962129,-5.95554671912743,4.11571268115452));
#2402=CARTESIAN_POINT('',(2.31988803207908,-5.97503379540124,4.73732480588074));
#2403=CARTESIAN_POINT('',(1.96100010453687,-5.99452087167506,5.35893693060696));
#2404=CARTESIAN_POINT('',(1.33938797981065,-6.01400794794887,5.71782485814918));
#2405=CARTESIAN_POINT('',(0.717775855084439,-6.03349502422268,6.0767127856914));
#2406=CARTESIAN_POINT('',(2.45682198996345E-14,-6.05298210049649,6.0767127856914));
#2407=CARTESIAN_POINT('',(-0.717775855084408,-6.0724691767703,6.07671278569141));
#2408=CARTESIAN_POINT('',(-1.33938797981063,-6.09195625304412,5.7178248581492));
#2409=CARTESIAN_POINT('',(-1.96100010453685,-6.11144332931793,5.35893693060698));
#2410=CARTESIAN_POINT('',(-2.31988803207907,-6.13093040559174,4.73732480588077));
#2411=CARTESIAN_POINT('',(-2.67877595962128,-6.15041748186555,4.11571268115457));
#2412=CARTESIAN_POINT('',(-2.67877595962129,-6.16990455813936,3.39793682607014));
#2413=CARTESIAN_POINT('',(-2.67877595962129,-6.18939163441318,2.68016097098571));
#2414=CARTESIAN_POINT('',(-2.31988803207908,-6.20887871068699,2.05854884625949));
#2415=CARTESIAN_POINT('',(-1.96100010453686,-6.2283657869608,1.43693672153327));
#2416=CARTESIAN_POINT('',(-1.33938797981066,-6.24785286323461,1.07804879399106));
#2417=CARTESIAN_POINT('',(-0.717775855084449,-6.26733993950842,0.71916086644884));
#2418=CARTESIAN_POINT('',(-1.61349217783418E-14,-6.28682701578224,0.719160866448834));
#2419=CARTESIAN_POINT('',(0.717775855084417,-6.30631409205605,0.719160866448831));
#2420=CARTESIAN_POINT('',(1.33938797981062,-6.32580116832986,1.07804879399104));
#2421=CARTESIAN_POINT('',(1.96100010453684,-6.34528824460367,1.43693672153325));
#2422=CARTESIAN_POINT('',(2.31988803207906,-6.36477532087749,2.05854884625946));
#2423=CARTESIAN_POINT('',(2.67877595962128,-6.3842623971513,2.68016097098568));
#2424=CARTESIAN_POINT('',(2.67877595962128,-6.40374947342511,3.39793682607011));
#2425=CARTESIAN_POINT('',(2.67877595962129,-6.42323654969892,4.11571268115452));
#2426=CARTESIAN_POINT('',(2.31988803207908,-6.44272362597273,4.73732480588074));
#2427=CARTESIAN_POINT('',(1.96100010453687,-6.46221070224655,5.35893693060696));
#2428=CARTESIAN_POINT('',(1.33938797981065,-6.48169777852036,5.71782485814918));
#2429=CARTESIAN_POINT('',(0.717775855084439,-6.50118485479417,6.0767127856914));
#2430=CARTESIAN_POINT('',(2.51956939836443E-14,-6.52067193106798,6.0767127856914));
#2431=CARTESIAN_POINT('',(2.20642317194091,-1.97455713872508,1.21745689693201));
#2432=CARTESIAN_POINT('',(2.48693220555684,-1.98424298604433,1.50130341321413));
#2433=CARTESIAN_POINT('',(2.68646551276746,-1.99359895971825,1.84690523910518));
#2434=CARTESIAN_POINT('',(3.10206317392988,-2.01308603599206,2.56674150374528));
#2435=CARTESIAN_POINT('',(3.10206317392988,-2.03257311226587,3.39793682607012));
#2436=CARTESIAN_POINT('',(3.10206317392988,-2.05206018853969,4.22913214839495));
#2437=CARTESIAN_POINT('',(2.68646551276746,-2.0715472648135,4.94896841303506));
#2438=CARTESIAN_POINT('',(2.27086785160504,-2.09103434108731,5.66880467767516));
#2439=CARTESIAN_POINT('',(1.55103158696494,-2.11052141736112,6.08440233883758));
#2440=CARTESIAN_POINT('',(0.831195322324839,-2.13000849363493,6.5));
#2441=CARTESIAN_POINT('',(-1.31614296621165E-16,-2.14949556990875,6.5));
#2442=CARTESIAN_POINT('',(-0.831195322324837,-2.16898264618256,6.5));
#2443=CARTESIAN_POINT('',(-1.55103158696494,-2.18846972245637,6.08440233883758));
#2444=CARTESIAN_POINT('',(-2.27086785160504,-2.20795679873018,5.66880467767516));
#2445=CARTESIAN_POINT('',(-2.68646551276746,-2.22744387500399,4.94896841303506));
#2446=CARTESIAN_POINT('',(-3.10206317392988,-2.24693095127781,4.22913214839496));
#2447=CARTESIAN_POINT('',(-3.10206317392988,-2.26641802755162,3.39793682607012));
#2448=CARTESIAN_POINT('',(-3.10206317392988,-2.28590510382543,2.56674150374528));
#2449=CARTESIAN_POINT('',(-2.68646551276746,-2.30539218009924,1.84690523910518));
#2450=CARTESIAN_POINT('',(-2.27086785160504,-2.32487925637305,1.12706897446508));
#2451=CARTESIAN_POINT('',(-1.55103158696494,-2.34436633264687,0.711471313302659));
#2452=CARTESIAN_POINT('',(-0.831195322324838,-2.36385340892068,0.29587365214024));
#2453=CARTESIAN_POINT('',(-5.25825868745175E-16,-2.38334048519449,0.29587365214024));
#2454=CARTESIAN_POINT('',(0.831195322324835,-2.4028275614683,0.295873652140239));
#2455=CARTESIAN_POINT('',(1.55103158696494,-2.42231463774211,0.711471313302657));
#2456=CARTESIAN_POINT('',(2.27086785160504,-2.44180171401593,1.12706897446508));
#2457=CARTESIAN_POINT('',(2.68646551276746,-2.46128879028974,1.84690523910518));
#2458=CARTESIAN_POINT('',(3.10206317392988,-2.48077586656355,2.56674150374528));
#2459=CARTESIAN_POINT('',(3.10206317392988,-2.50026294283736,3.39793682607012));
#2460=CARTESIAN_POINT('',(3.10206317392988,-2.51975001911118,4.22913214839495));
#2461=CARTESIAN_POINT('',(2.68646551276746,-2.53923709538499,4.94896841303506));
#2462=CARTESIAN_POINT('',(2.27086785160504,-2.5587241716588,5.66880467767516));
#2463=CARTESIAN_POINT('',(1.55103158696494,-2.57821124793261,6.08440233883758));
#2464=CARTESIAN_POINT('',(0.831195322324839,-2.59769832420642,6.5));
#2465=CARTESIAN_POINT('',(-1.60251093527963E-16,-2.61718540048024,6.5));
#2466=CARTESIAN_POINT('',(-0.831195322324837,-2.63667247675405,6.5));
#2467=CARTESIAN_POINT('',(-1.55103158696494,-2.65615955302786,6.08440233883758));
#2468=CARTESIAN_POINT('',(-2.27086785160504,-2.67564662930167,5.66880467767516));
#2469=CARTESIAN_POINT('',(-2.68646551276746,-2.69513370557548,4.94896841303506));
#2470=CARTESIAN_POINT('',(-3.10206317392988,-2.7146207818493,4.22913214839496));
#2471=CARTESIAN_POINT('',(-3.10206317392988,-2.73410785812311,3.39793682607012));
#2472=CARTESIAN_POINT('',(-3.10206317392988,-2.75359493439692,2.56674150374528));
#2473=CARTESIAN_POINT('',(-2.68646551276746,-2.77308201067073,1.84690523910518));
#2474=CARTESIAN_POINT('',(-2.27086785160504,-2.79256908694454,1.12706897446508));
#2475=CARTESIAN_POINT('',(-1.55103158696494,-2.81205616321836,0.711471313302659));
#2476=CARTESIAN_POINT('',(-0.831195322324838,-2.83154323949217,0.29587365214024));
#2477=CARTESIAN_POINT('',(-5.54462665651973E-16,-2.85103031576598,0.29587365214024));
#2478=CARTESIAN_POINT('',(0.831195322324835,-2.87051739203979,0.295873652140239));
#2479=CARTESIAN_POINT('',(1.55103158696494,-2.8900044683136,0.711471313302657));
#2480=CARTESIAN_POINT('',(2.27086785160504,-2.90949154458742,1.12706897446508));
#2481=CARTESIAN_POINT('',(2.68646551276746,-2.92897862086123,1.84690523910518));
#2482=CARTESIAN_POINT('',(3.10206317392988,-2.94846569713504,2.56674150374528));
#2483=CARTESIAN_POINT('',(3.10206317392988,-2.96795277340885,3.39793682607012));
#2484=CARTESIAN_POINT('',(3.10206317392988,-2.98743984968267,4.22913214839495));
#2485=CARTESIAN_POINT('',(2.68646551276746,-3.00692692595648,4.94896841303506));
#2486=CARTESIAN_POINT('',(2.27086785160504,-3.02641400223029,5.66880467767516));
#2487=CARTESIAN_POINT('',(1.55103158696494,-3.0459010785041,6.08440233883758));
#2488=CARTESIAN_POINT('',(0.831195322324839,-3.06538815477791,6.5));
#2489=CARTESIAN_POINT('',(-1.88887890434761E-16,-3.08487523105173,6.5));
#2490=CARTESIAN_POINT('',(-0.831195322324837,-3.10436230732554,6.5));
#2491=CARTESIAN_POINT('',(-1.55103158696494,-3.12384938359935,6.08440233883758));
#2492=CARTESIAN_POINT('',(-2.27086785160504,-3.14333645987316,5.66880467767516));
#2493=CARTESIAN_POINT('',(-2.68646551276746,-3.16282353614697,4.94896841303506));
#2494=CARTESIAN_POINT('',(-3.10206317392988,-3.18231061242079,4.22913214839496));
#2495=CARTESIAN_POINT('',(-3.10206317392988,-3.2017976886946,3.39793682607012));
#2496=CARTESIAN_POINT('',(-3.10206317392988,-3.22128476496841,2.56674150374528));
#2497=CARTESIAN_POINT('',(-2.68646551276746,-3.24077184124222,1.84690523910518));
#2498=CARTESIAN_POINT('',(-2.27086785160504,-3.26025891751603,1.12706897446508));
#2499=CARTESIAN_POINT('',(-1.55103158696494,-3.27974599378985,0.711471313302659));
#2500=CARTESIAN_POINT('',(-0.831195322324838,-3.29923307006366,0.29587365214024));
#2501=CARTESIAN_POINT('',(-5.8309946255877E-16,-3.31872014633747,0.29587365214024));
#2502=CARTESIAN_POINT('',(0.831195322324835,-3.33820722261128,0.295873652140239));
#2503=CARTESIAN_POINT('',(1.55103158696494,-3.3576942988851,0.711471313302657));
#2504=CARTESIAN_POINT('',(2.27086785160504,-3.37718137515891,1.12706897446508));
#2505=CARTESIAN_POINT('',(2.68646551276746,-3.39666845143272,1.84690523910518));
#2506=CARTESIAN_POINT('',(3.10206317392988,-3.41615552770653,2.56674150374528));
#2507=CARTESIAN_POINT('',(3.10206317392988,-3.43564260398034,3.39793682607012));
#2508=CARTESIAN_POINT('',(3.10206317392988,-3.45512968025416,4.22913214839495));
#2509=CARTESIAN_POINT('',(2.68646551276746,-3.47461675652797,4.94896841303506));
#2510=CARTESIAN_POINT('',(2.27086785160504,-3.49410383280178,5.66880467767516));
#2511=CARTESIAN_POINT('',(1.55103158696494,-3.51359090907559,6.08440233883758));
#2512=CARTESIAN_POINT('',(0.831195322324839,-3.5330779853494,6.5));
#2513=CARTESIAN_POINT('',(-2.17524687341559E-16,-3.55256506162322,6.5));
#2514=CARTESIAN_POINT('',(-0.831195322324837,-3.57205213789703,6.5));
#2515=CARTESIAN_POINT('',(-1.55103158696494,-3.59153921417084,6.08440233883758));
#2516=CARTESIAN_POINT('',(-2.27086785160504,-3.61102629044465,5.66880467767516));
#2517=CARTESIAN_POINT('',(-2.68646551276746,-3.63051336671846,4.94896841303506));
#2518=CARTESIAN_POINT('',(-3.10206317392988,-3.65000044299228,4.22913214839496));
#2519=CARTESIAN_POINT('',(-3.10206317392988,-3.66948751926609,3.39793682607012));
#2520=CARTESIAN_POINT('',(-3.10206317392988,-3.6889745955399,2.56674150374528));
#2521=CARTESIAN_POINT('',(-2.68646551276746,-3.70846167181371,1.84690523910518));
#2522=CARTESIAN_POINT('',(-2.27086785160504,-3.72794874808752,1.12706897446508));
#2523=CARTESIAN_POINT('',(-1.55103158696494,-3.74743582436134,0.711471313302659));
#2524=CARTESIAN_POINT('',(-0.831195322324838,-3.76692290063515,0.29587365214024));
#2525=CARTESIAN_POINT('',(-6.11736259465568E-16,-3.78640997690896,0.29587365214024));
#2526=CARTESIAN_POINT('',(0.831195322324835,-3.80589705318277,0.295873652140239));
#2527=CARTESIAN_POINT('',(1.55103158696494,-3.82538412945659,0.711471313302657));
#2528=CARTESIAN_POINT('',(2.27086785160504,-3.8448712057304,1.12706897446508));
#2529=CARTESIAN_POINT('',(2.68646551276746,-3.86435828200421,1.84690523910518));
#2530=CARTESIAN_POINT('',(3.10206317392988,-3.88384535827802,2.56674150374528));
#2531=CARTESIAN_POINT('',(3.10206317392988,-3.90333243455183,3.39793682607012));
#2532=CARTESIAN_POINT('',(3.10206317392988,-3.92281951082565,4.22913214839495));
#2533=CARTESIAN_POINT('',(2.68646551276746,-3.94230658709946,4.94896841303506));
#2534=CARTESIAN_POINT('',(2.27086785160504,-3.96179366337327,5.66880467767516));
#2535=CARTESIAN_POINT('',(1.55103158696494,-3.98128073964708,6.08440233883758));
#2536=CARTESIAN_POINT('',(0.831195322324839,-4.00076781592089,6.5));
#2537=CARTESIAN_POINT('',(-2.46161484248357E-16,-4.02025489219471,6.5));
#2538=CARTESIAN_POINT('',(-0.831195322324837,-4.03974196846852,6.5));
#2539=CARTESIAN_POINT('',(-1.55103158696494,-4.05922904474233,6.08440233883758));
#2540=CARTESIAN_POINT('',(-2.27086785160504,-4.07871612101614,5.66880467767516));
#2541=CARTESIAN_POINT('',(-2.68646551276746,-4.09820319728995,4.94896841303506));
#2542=CARTESIAN_POINT('',(-3.10206317392988,-4.11769027356377,4.22913214839496));
#2543=CARTESIAN_POINT('',(-3.10206317392988,-4.13717734983758,3.39793682607012));
#2544=CARTESIAN_POINT('',(-3.10206317392988,-4.15666442611139,2.56674150374528));
#2545=CARTESIAN_POINT('',(-2.68646551276746,-4.1761515023852,1.84690523910518));
#2546=CARTESIAN_POINT('',(-2.27086785160504,-4.19563857865901,1.12706897446508));
#2547=CARTESIAN_POINT('',(-1.55103158696494,-4.21512565493283,0.711471313302659));
#2548=CARTESIAN_POINT('',(-0.831195322324838,-4.23461273120664,0.29587365214024));
#2549=CARTESIAN_POINT('',(-6.40373056372366E-16,-4.25409980748045,0.29587365214024));
#2550=CARTESIAN_POINT('',(0.831195322324835,-4.27358688375426,0.295873652140239));
#2551=CARTESIAN_POINT('',(1.55103158696494,-4.29307396002807,0.711471313302657));
#2552=CARTESIAN_POINT('',(2.27086785160504,-4.31256103630189,1.12706897446508));
#2553=CARTESIAN_POINT('',(2.68646551276746,-4.3320481125757,1.84690523910518));
#2554=CARTESIAN_POINT('',(3.10206317392988,-4.35153518884951,2.56674150374528));
#2555=CARTESIAN_POINT('',(3.10206317392988,-4.37102226512332,3.39793682607012));
#2556=CARTESIAN_POINT('',(3.10206317392988,-4.39050934139714,4.22913214839495));
#2557=CARTESIAN_POINT('',(2.68646551276746,-4.40999641767095,4.94896841303506));
#2558=CARTESIAN_POINT('',(2.27086785160504,-4.42948349394476,5.66880467767516));
#2559=CARTESIAN_POINT('',(1.55103158696494,-4.44897057021857,6.08440233883758));
#2560=CARTESIAN_POINT('',(0.831195322324839,-4.46845764649238,6.5));
#2561=CARTESIAN_POINT('',(-2.74798281155155E-16,-4.4879447227662,6.5));
#2562=CARTESIAN_POINT('',(-0.831195322324837,-4.50743179904001,6.5));
#2563=CARTESIAN_POINT('',(-1.55103158696494,-4.52691887531382,6.08440233883758));
#2564=CARTESIAN_POINT('',(-2.27086785160504,-4.54640595158763,5.66880467767516));
#2565=CARTESIAN_POINT('',(-2.68646551276746,-4.56589302786144,4.94896841303506));
#2566=CARTESIAN_POINT('',(-3.10206317392988,-4.58538010413526,4.22913214839496));
#2567=CARTESIAN_POINT('',(-3.10206317392988,-4.60486718040907,3.39793682607012));
#2568=CARTESIAN_POINT('',(-3.10206317392988,-4.62435425668288,2.56674150374528));
#2569=CARTESIAN_POINT('',(-2.68646551276746,-4.64384133295669,1.84690523910518));
#2570=CARTESIAN_POINT('',(-2.27086785160504,-4.6633284092305,1.12706897446508));
#2571=CARTESIAN_POINT('',(-1.55103158696494,-4.68281548550432,0.711471313302659));
#2572=CARTESIAN_POINT('',(-0.831195322324838,-4.70230256177813,0.29587365214024));
#2573=CARTESIAN_POINT('',(-6.69009853279164E-16,-4.72178963805194,0.29587365214024));
#2574=CARTESIAN_POINT('',(0.831195322324835,-4.74127671432575,0.295873652140239));
#2575=CARTESIAN_POINT('',(1.55103158696494,-4.76076379059956,0.711471313302657));
#2576=CARTESIAN_POINT('',(2.27086785160504,-4.78025086687338,1.12706897446508));
#2577=CARTESIAN_POINT('',(2.68646551276746,-4.79973794314719,1.84690523910518));
#2578=CARTESIAN_POINT('',(3.10206317392988,-4.819225019421,2.56674150374528));
#2579=CARTESIAN_POINT('',(3.10206317392988,-4.83871209569481,3.39793682607012));
#2580=CARTESIAN_POINT('',(3.10206317392988,-4.85819917196863,4.22913214839495));
#2581=CARTESIAN_POINT('',(2.68646551276746,-4.87768624824244,4.94896841303506));
#2582=CARTESIAN_POINT('',(2.27086785160504,-4.89717332451625,5.66880467767516));
#2583=CARTESIAN_POINT('',(1.55103158696494,-4.91666040079006,6.08440233883758));
#2584=CARTESIAN_POINT('',(0.831195322324839,-4.93614747706387,6.5));
#2585=CARTESIAN_POINT('',(-3.03435078061952E-16,-4.95563455333768,6.5));
#2586=CARTESIAN_POINT('',(-0.831195322324837,-4.9751216296115,6.5));
#2587=CARTESIAN_POINT('',(-1.55103158696494,-4.99460870588531,6.08440233883758));
#2588=CARTESIAN_POINT('',(-2.27086785160504,-5.01409578215912,5.66880467767516));
#2589=CARTESIAN_POINT('',(-2.68646551276746,-5.03358285843293,4.94896841303506));
#2590=CARTESIAN_POINT('',(-3.10206317392988,-5.05306993470675,4.22913214839496));
#2591=CARTESIAN_POINT('',(-3.10206317392988,-5.07255701098056,3.39793682607012));
#2592=CARTESIAN_POINT('',(-3.10206317392988,-5.09204408725437,2.56674150374528));
#2593=CARTESIAN_POINT('',(-2.68646551276746,-5.11153116352818,1.84690523910518));
#2594=CARTESIAN_POINT('',(-2.27086785160504,-5.13101823980199,1.12706897446508));
#2595=CARTESIAN_POINT('',(-1.55103158696494,-5.15050531607581,0.711471313302659));
#2596=CARTESIAN_POINT('',(-0.831195322324838,-5.16999239234962,0.29587365214024));
#2597=CARTESIAN_POINT('',(-6.97646650185962E-16,-5.18947946862343,0.29587365214024));
#2598=CARTESIAN_POINT('',(0.831195322324835,-5.20896654489724,0.295873652140239));
#2599=CARTESIAN_POINT('',(1.55103158696494,-5.22845362117106,0.711471313302657));
#2600=CARTESIAN_POINT('',(2.27086785160504,-5.24794069744487,1.12706897446508));
#2601=CARTESIAN_POINT('',(2.68646551276746,-5.26742777371868,1.84690523910518));
#2602=CARTESIAN_POINT('',(3.10206317392988,-5.28691484999249,2.56674150374528));
#2603=CARTESIAN_POINT('',(3.10206317392988,-5.3064019262663,3.39793682607012));
#2604=CARTESIAN_POINT('',(3.10206317392988,-5.32588900254011,4.22913214839495));
#2605=CARTESIAN_POINT('',(2.68646551276746,-5.34537607881393,4.94896841303506));
#2606=CARTESIAN_POINT('',(2.27086785160504,-5.36486315508774,5.66880467767516));
#2607=CARTESIAN_POINT('',(1.55103158696494,-5.38435023136155,6.08440233883758));
#2608=CARTESIAN_POINT('',(0.831195322324839,-5.40383730763536,6.5));
#2609=CARTESIAN_POINT('',(-3.3207187496875E-16,-5.42332438390918,6.5));
#2610=CARTESIAN_POINT('',(-0.831195322324837,-5.44281146018299,6.5));
#2611=CARTESIAN_POINT('',(-1.55103158696494,-5.4622985364568,6.08440233883758));
#2612=CARTESIAN_POINT('',(-2.27086785160504,-5.48178561273061,5.66880467767516));
#2613=CARTESIAN_POINT('',(-2.68646551276746,-5.50127268900442,4.94896841303506));
#2614=CARTESIAN_POINT('',(-3.10206317392988,-5.52075976527824,4.22913214839496));
#2615=CARTESIAN_POINT('',(-3.10206317392988,-5.54024684155205,3.39793682607012));
#2616=CARTESIAN_POINT('',(-3.10206317392988,-5.55973391782586,2.56674150374528));
#2617=CARTESIAN_POINT('',(-2.68646551276746,-5.57922099409967,1.84690523910518));
#2618=CARTESIAN_POINT('',(-2.27086785160504,-5.59870807037348,1.12706897446508));
#2619=CARTESIAN_POINT('',(-1.55103158696494,-5.6181951466473,0.711471313302659));
#2620=CARTESIAN_POINT('',(-0.831195322324838,-5.63768222292111,0.29587365214024));
#2621=CARTESIAN_POINT('',(-7.2628344709276E-16,-5.65716929919492,0.29587365214024));
#2622=CARTESIAN_POINT('',(0.831195322324835,-5.67665637546873,0.295873652140239));
#2623=CARTESIAN_POINT('',(1.55103158696494,-5.69614345174254,0.711471313302657));
#2624=CARTESIAN_POINT('',(2.27086785160504,-5.71563052801636,1.12706897446508));
#2625=CARTESIAN_POINT('',(2.68646551276746,-5.73511760429017,1.84690523910518));
#2626=CARTESIAN_POINT('',(3.10206317392988,-5.75460468056398,2.56674150374528));
#2627=CARTESIAN_POINT('',(3.10206317392988,-5.77409175683779,3.39793682607012));
#2628=CARTESIAN_POINT('',(3.10206317392988,-5.79357883311161,4.22913214839495));
#2629=CARTESIAN_POINT('',(2.68646551276746,-5.81306590938542,4.94896841303506));
#2630=CARTESIAN_POINT('',(2.27086785160504,-5.83255298565923,5.66880467767516));
#2631=CARTESIAN_POINT('',(1.55103158696494,-5.85204006193304,6.08440233883758));
#2632=CARTESIAN_POINT('',(0.831195322324839,-5.87152713820685,6.5));
#2633=CARTESIAN_POINT('',(-3.60708671875548E-16,-5.89101421448067,6.5));
#2634=CARTESIAN_POINT('',(-0.831195322324837,-5.91050129075448,6.5));
#2635=CARTESIAN_POINT('',(-1.55103158696494,-5.92998836702829,6.08440233883758));
#2636=CARTESIAN_POINT('',(-2.27086785160504,-5.9494754433021,5.66880467767516));
#2637=CARTESIAN_POINT('',(-2.68646551276746,-5.96896251957591,4.94896841303506));
#2638=CARTESIAN_POINT('',(-3.10206317392988,-5.98844959584973,4.22913214839496));
#2639=CARTESIAN_POINT('',(-3.10206317392988,-6.00793667212354,3.39793682607012));
#2640=CARTESIAN_POINT('',(-3.10206317392988,-6.02742374839735,2.56674150374528));
#2641=CARTESIAN_POINT('',(-2.68646551276746,-6.04691082467116,1.84690523910518));
#2642=CARTESIAN_POINT('',(-2.27086785160504,-6.06639790094497,1.12706897446508));
#2643=CARTESIAN_POINT('',(-1.55103158696494,-6.08588497721879,0.711471313302659));
#2644=CARTESIAN_POINT('',(-0.831195322324838,-6.1053720534926,0.29587365214024));
#2645=CARTESIAN_POINT('',(-7.54920243999558E-16,-6.12485912976641,0.29587365214024));
#2646=CARTESIAN_POINT('',(0.568568391675994,-6.13818901182648,0.295873652140239));
#2647=CARTESIAN_POINT('',(1.10017722286126,-6.15191913982938,0.497522025847708));
#2648=CARTESIAN_POINT('',(1.90534912358308,-2.13652502474091,1.51499090037121));
#2649=CARTESIAN_POINT('',(2.1475817325196,-2.14621087206015,1.7601055809583));
#2650=CARTESIAN_POINT('',(2.31988803207907,-2.15556684573408,2.05854884625948));
#2651=CARTESIAN_POINT('',(2.67877595962128,-2.17505392200789,2.68016097098569));
#2652=CARTESIAN_POINT('',(2.67877595962128,-2.1945409982817,3.39793682607012));
#2653=CARTESIAN_POINT('',(2.67877595962129,-2.21402807455551,4.11571268115455));
#2654=CARTESIAN_POINT('',(2.31988803207907,-2.23351515082932,4.73732480588076));
#2655=CARTESIAN_POINT('',(1.96100010453686,-2.25300222710314,5.35893693060698));
#2656=CARTESIAN_POINT('',(1.33938797981064,-2.27248930337695,5.71782485814919));
#2657=CARTESIAN_POINT('',(0.717775855084431,-2.29197637965076,6.0767127856914));
#2658=CARTESIAN_POINT('',(-1.41531641737673E-16,-2.31146345592457,6.0767127856914));
#2659=CARTESIAN_POINT('',(-0.717775855084429,-2.33095053219838,6.0767127856914));
#2660=CARTESIAN_POINT('',(-1.33938797981064,-2.3504376084722,5.71782485814919));
#2661=CARTESIAN_POINT('',(-1.96100010453686,-2.36992468474601,5.35893693060698));
#2662=CARTESIAN_POINT('',(-2.31988803207907,-2.38941176101982,4.73732480588076));
#2663=CARTESIAN_POINT('',(-2.67877595962128,-2.40889883729363,4.11571268115455));
#2664=CARTESIAN_POINT('',(-2.67877595962128,-2.42838591356744,3.39793682607012));
#2665=CARTESIAN_POINT('',(-2.67877595962128,-2.44787298984126,2.68016097098569));
#2666=CARTESIAN_POINT('',(-2.31988803207907,-2.46736006611507,2.05854884625948));
#2667=CARTESIAN_POINT('',(-1.96100010453686,-2.48684714238888,1.43693672153326));
#2668=CARTESIAN_POINT('',(-1.33938797981064,-2.50633421866269,1.07804879399105));
#2669=CARTESIAN_POINT('',(-0.71777585508443,-2.52582129493651,0.719160866448835));
#2670=CARTESIAN_POINT('',(-4.83905480649381E-16,-2.54530837121032,0.719160866448834));
#2671=CARTESIAN_POINT('',(0.717775855084428,-2.56479544748413,0.719160866448834));
#2672=CARTESIAN_POINT('',(1.33938797981064,-2.58428252375794,1.07804879399105));
#2673=CARTESIAN_POINT('',(1.96100010453685,-2.60376960003175,1.43693672153326));
#2674=CARTESIAN_POINT('',(2.31988803207907,-2.62325667630557,2.05854884625948));
#2675=CARTESIAN_POINT('',(2.67877595962128,-2.64274375257938,2.68016097098569));
#2676=CARTESIAN_POINT('',(2.67877595962128,-2.66223082885319,3.39793682607012));
#2677=CARTESIAN_POINT('',(2.67877595962129,-2.681717905127,4.11571268115455));
#2678=CARTESIAN_POINT('',(2.31988803207907,-2.70120498140081,4.73732480588076));
#2679=CARTESIAN_POINT('',(1.96100010453686,-2.72069205767463,5.35893693060698));
#2680=CARTESIAN_POINT('',(1.33938797981064,-2.74017913394844,5.71782485814919));
#2681=CARTESIAN_POINT('',(0.717775855084431,-2.75966621022225,6.0767127856914));
#2682=CARTESIAN_POINT('',(-1.70168438644471E-16,-2.77915328649606,6.0767127856914));
#2683=CARTESIAN_POINT('',(-0.717775855084429,-2.79864036276987,6.0767127856914));
#2684=CARTESIAN_POINT('',(-1.33938797981064,-2.81812743904369,5.71782485814919));
#2685=CARTESIAN_POINT('',(-1.96100010453686,-2.8376145153175,5.35893693060698));
#2686=CARTESIAN_POINT('',(-2.31988803207907,-2.85710159159131,4.73732480588076));
#2687=CARTESIAN_POINT('',(-2.67877595962128,-2.87658866786512,4.11571268115455));
#2688=CARTESIAN_POINT('',(-2.67877595962128,-2.89607574413893,3.39793682607012));
#2689=CARTESIAN_POINT('',(-2.67877595962128,-2.91556282041275,2.68016097098569));
#2690=CARTESIAN_POINT('',(-2.31988803207907,-2.93504989668656,2.05854884625948));
#2691=CARTESIAN_POINT('',(-1.96100010453686,-2.95453697296037,1.43693672153326));
#2692=CARTESIAN_POINT('',(-1.33938797981064,-2.97402404923418,1.07804879399105));
#2693=CARTESIAN_POINT('',(-0.71777585508443,-2.99351112550799,0.719160866448835));
#2694=CARTESIAN_POINT('',(-5.12542277556179E-16,-3.01299820178181,0.719160866448834));
#2695=CARTESIAN_POINT('',(0.717775855084428,-3.03248527805562,0.719160866448834));
#2696=CARTESIAN_POINT('',(1.33938797981064,-3.05197235432943,1.07804879399105));
#2697=CARTESIAN_POINT('',(1.96100010453685,-3.07145943060324,1.43693672153326));
#2698=CARTESIAN_POINT('',(2.31988803207907,-3.09094650687706,2.05854884625948));
#2699=CARTESIAN_POINT('',(2.67877595962128,-3.11043358315087,2.68016097098569));
#2700=CARTESIAN_POINT('',(2.67877595962128,-3.12992065942468,3.39793682607012));
#2701=CARTESIAN_POINT('',(2.67877595962129,-3.14940773569849,4.11571268115455));
#2702=CARTESIAN_POINT('',(2.31988803207907,-3.1688948119723,4.73732480588076));
#2703=CARTESIAN_POINT('',(1.96100010453686,-3.18838188824612,5.35893693060698));
#2704=CARTESIAN_POINT('',(1.33938797981064,-3.20786896451993,5.71782485814919));
#2705=CARTESIAN_POINT('',(0.717775855084431,-3.22735604079374,6.0767127856914));
#2706=CARTESIAN_POINT('',(-1.98805235551269E-16,-3.24684311706755,6.0767127856914));
#2707=CARTESIAN_POINT('',(-0.717775855084429,-3.26633019334136,6.0767127856914));
#2708=CARTESIAN_POINT('',(-1.33938797981064,-3.28581726961518,5.71782485814919));
#2709=CARTESIAN_POINT('',(-1.96100010453686,-3.30530434588899,5.35893693060698));
#2710=CARTESIAN_POINT('',(-2.31988803207907,-3.3247914221628,4.73732480588076));
#2711=CARTESIAN_POINT('',(-2.67877595962128,-3.34427849843661,4.11571268115455));
#2712=CARTESIAN_POINT('',(-2.67877595962128,-3.36376557471042,3.39793682607012));
#2713=CARTESIAN_POINT('',(-2.67877595962128,-3.38325265098424,2.68016097098569));
#2714=CARTESIAN_POINT('',(-2.31988803207907,-3.40273972725805,2.05854884625948));
#2715=CARTESIAN_POINT('',(-1.96100010453686,-3.42222680353186,1.43693672153326));
#2716=CARTESIAN_POINT('',(-1.33938797981064,-3.44171387980567,1.07804879399105));
#2717=CARTESIAN_POINT('',(-0.71777585508443,-3.46120095607948,0.719160866448835));
#2718=CARTESIAN_POINT('',(-5.41179074462976E-16,-3.4806880323533,0.719160866448834));
#2719=CARTESIAN_POINT('',(0.717775855084428,-3.50017510862711,0.719160866448834));
#2720=CARTESIAN_POINT('',(1.33938797981064,-3.51966218490092,1.07804879399105));
#2721=CARTESIAN_POINT('',(1.96100010453685,-3.53914926117473,1.43693672153326));
#2722=CARTESIAN_POINT('',(2.31988803207907,-3.55863633744855,2.05854884625948));
#2723=CARTESIAN_POINT('',(2.67877595962128,-3.57812341372236,2.68016097098569));
#2724=CARTESIAN_POINT('',(2.67877595962128,-3.59761048999617,3.39793682607012));
#2725=CARTESIAN_POINT('',(2.67877595962129,-3.61709756626998,4.11571268115455));
#2726=CARTESIAN_POINT('',(2.31988803207907,-3.63658464254379,4.73732480588076));
#2727=CARTESIAN_POINT('',(1.96100010453686,-3.65607171881761,5.35893693060698));
#2728=CARTESIAN_POINT('',(1.33938797981064,-3.67555879509142,5.71782485814919));
#2729=CARTESIAN_POINT('',(0.717775855084431,-3.69504587136523,6.0767127856914));
#2730=CARTESIAN_POINT('',(-2.27442032458067E-16,-3.71453294763904,6.0767127856914));
#2731=CARTESIAN_POINT('',(-0.717775855084429,-3.73402002391285,6.0767127856914));
#2732=CARTESIAN_POINT('',(-1.33938797981064,-3.75350710018667,5.71782485814919));
#2733=CARTESIAN_POINT('',(-1.96100010453686,-3.77299417646048,5.35893693060698));
#2734=CARTESIAN_POINT('',(-2.31988803207907,-3.79248125273429,4.73732480588076));
#2735=CARTESIAN_POINT('',(-2.67877595962128,-3.8119683290081,4.11571268115455));
#2736=CARTESIAN_POINT('',(-2.67877595962128,-3.83145540528191,3.39793682607012));
#2737=CARTESIAN_POINT('',(-2.67877595962128,-3.85094248155573,2.68016097098569));
#2738=CARTESIAN_POINT('',(-2.31988803207907,-3.87042955782954,2.05854884625948));
#2739=CARTESIAN_POINT('',(-1.96100010453686,-3.88991663410335,1.43693672153326));
#2740=CARTESIAN_POINT('',(-1.33938797981064,-3.90940371037716,1.07804879399105));
#2741=CARTESIAN_POINT('',(-0.71777585508443,-3.92889078665098,0.719160866448835));
#2742=CARTESIAN_POINT('',(-5.69815871369774E-16,-3.94837786292479,0.719160866448834));
#2743=CARTESIAN_POINT('',(0.717775855084428,-3.9678649391986,0.719160866448834));
#2744=CARTESIAN_POINT('',(1.33938797981064,-3.98735201547241,1.07804879399105));
#2745=CARTESIAN_POINT('',(1.96100010453685,-4.00683909174622,1.43693672153326));
#2746=CARTESIAN_POINT('',(2.31988803207907,-4.02632616802004,2.05854884625948));
#2747=CARTESIAN_POINT('',(2.67877595962128,-4.04581324429385,2.68016097098569));
#2748=CARTESIAN_POINT('',(2.67877595962128,-4.06530032056766,3.39793682607012));
#2749=CARTESIAN_POINT('',(2.67877595962129,-4.08478739684147,4.11571268115455));
#2750=CARTESIAN_POINT('',(2.31988803207907,-4.10427447311528,4.73732480588076));
#2751=CARTESIAN_POINT('',(1.96100010453686,-4.1237615493891,5.35893693060698));
#2752=CARTESIAN_POINT('',(1.33938797981064,-4.14324862566291,5.71782485814919));
#2753=CARTESIAN_POINT('',(0.717775855084431,-4.16273570193672,6.0767127856914));
#2754=CARTESIAN_POINT('',(-2.56078829364865E-16,-4.18222277821053,6.0767127856914));
#2755=CARTESIAN_POINT('',(-0.717775855084429,-4.20170985448434,6.0767127856914));
#2756=CARTESIAN_POINT('',(-1.33938797981064,-4.22119693075816,5.71782485814919));
#2757=CARTESIAN_POINT('',(-1.96100010453686,-4.24068400703197,5.35893693060698));
#2758=CARTESIAN_POINT('',(-2.31988803207907,-4.26017108330578,4.73732480588076));
#2759=CARTESIAN_POINT('',(-2.67877595962128,-4.27965815957959,4.11571268115455));
#2760=CARTESIAN_POINT('',(-2.67877595962128,-4.2991452358534,3.39793682607012));
#2761=CARTESIAN_POINT('',(-2.67877595962128,-4.31863231212722,2.68016097098569));
#2762=CARTESIAN_POINT('',(-2.31988803207907,-4.33811938840103,2.05854884625948));
#2763=CARTESIAN_POINT('',(-1.96100010453686,-4.35760646467484,1.43693672153326));
#2764=CARTESIAN_POINT('',(-1.33938797981064,-4.37709354094865,1.07804879399105));
#2765=CARTESIAN_POINT('',(-0.71777585508443,-4.39658061722246,0.719160866448835));
#2766=CARTESIAN_POINT('',(-5.98452668276572E-16,-4.41606769349628,0.719160866448834));
#2767=CARTESIAN_POINT('',(0.717775855084428,-4.43555476977009,0.719160866448834));
#2768=CARTESIAN_POINT('',(1.33938797981064,-4.4550418460439,1.07804879399105));
#2769=CARTESIAN_POINT('',(1.96100010453685,-4.47452892231771,1.43693672153326));
#2770=CARTESIAN_POINT('',(2.31988803207907,-4.49401599859153,2.05854884625948));
#2771=CARTESIAN_POINT('',(2.67877595962128,-4.51350307486534,2.68016097098569));
#2772=CARTESIAN_POINT('',(2.67877595962128,-4.53299015113915,3.39793682607012));
#2773=CARTESIAN_POINT('',(2.67877595962129,-4.55247722741296,4.11571268115455));
#2774=CARTESIAN_POINT('',(2.31988803207907,-4.57196430368677,4.73732480588076));
#2775=CARTESIAN_POINT('',(1.96100010453686,-4.59145137996059,5.35893693060698));
#2776=CARTESIAN_POINT('',(1.33938797981064,-4.6109384562344,5.71782485814919));
#2777=CARTESIAN_POINT('',(0.717775855084431,-4.63042553250821,6.0767127856914));
#2778=CARTESIAN_POINT('',(-2.84715626271662E-16,-4.64991260878202,6.0767127856914));
#2779=CARTESIAN_POINT('',(-0.717775855084429,-4.66939968505583,6.0767127856914));
#2780=CARTESIAN_POINT('',(-1.33938797981064,-4.68888676132965,5.71782485814919));
#2781=CARTESIAN_POINT('',(-1.96100010453686,-4.70837383760346,5.35893693060698));
#2782=CARTESIAN_POINT('',(-2.31988803207907,-4.72786091387727,4.73732480588076));
#2783=CARTESIAN_POINT('',(-2.67877595962128,-4.74734799015108,4.11571268115455));
#2784=CARTESIAN_POINT('',(-2.67877595962128,-4.76683506642489,3.39793682607012));
#2785=CARTESIAN_POINT('',(-2.67877595962128,-4.78632214269871,2.68016097098569));
#2786=CARTESIAN_POINT('',(-2.31988803207907,-4.80580921897252,2.05854884625948));
#2787=CARTESIAN_POINT('',(-1.96100010453686,-4.82529629524633,1.43693672153326));
#2788=CARTESIAN_POINT('',(-1.33938797981064,-4.84478337152014,1.07804879399105));
#2789=CARTESIAN_POINT('',(-0.71777585508443,-4.86427044779396,0.719160866448835));
#2790=CARTESIAN_POINT('',(-6.2708946518337E-16,-4.88375752406777,0.719160866448834));
#2791=CARTESIAN_POINT('',(0.717775855084427,-4.90324460034158,0.719160866448834));
#2792=CARTESIAN_POINT('',(1.33938797981064,-4.92273167661539,1.07804879399105));
#2793=CARTESIAN_POINT('',(1.96100010453685,-4.9422187528892,1.43693672153326));
#2794=CARTESIAN_POINT('',(2.31988803207907,-4.96170582916302,2.05854884625948));
#2795=CARTESIAN_POINT('',(2.67877595962128,-4.98119290543683,2.68016097098569));
#2796=CARTESIAN_POINT('',(2.67877595962128,-5.00067998171064,3.39793682607012));
#2797=CARTESIAN_POINT('',(2.67877595962129,-5.02016705798445,4.11571268115455));
#2798=CARTESIAN_POINT('',(2.31988803207907,-5.03965413425826,4.73732480588076));
#2799=CARTESIAN_POINT('',(1.96100010453686,-5.05914121053208,5.35893693060698));
#2800=CARTESIAN_POINT('',(1.33938797981064,-5.07862828680589,5.71782485814919));
#2801=CARTESIAN_POINT('',(0.717775855084431,-5.0981153630797,6.0767127856914));
#2802=CARTESIAN_POINT('',(-3.1335242317846E-16,-5.11760243935351,6.0767127856914));
#2803=CARTESIAN_POINT('',(-0.717775855084429,-5.13708951562732,6.0767127856914));
#2804=CARTESIAN_POINT('',(-1.33938797981064,-5.15657659190114,5.71782485814919));
#2805=CARTESIAN_POINT('',(-1.96100010453686,-5.17606366817495,5.35893693060698));
#2806=CARTESIAN_POINT('',(-2.31988803207907,-5.19555074444876,4.73732480588076));
#2807=CARTESIAN_POINT('',(-2.67877595962128,-5.21503782072257,4.11571268115455));
#2808=CARTESIAN_POINT('',(-2.67877595962128,-5.23452489699638,3.39793682607012));
#2809=CARTESIAN_POINT('',(-2.67877595962128,-5.2540119732702,2.68016097098569));
#2810=CARTESIAN_POINT('',(-2.31988803207907,-5.27349904954401,2.05854884625948));
#2811=CARTESIAN_POINT('',(-1.96100010453686,-5.29298612581782,1.43693672153326));
#2812=CARTESIAN_POINT('',(-1.33938797981064,-5.31247320209163,1.07804879399105));
#2813=CARTESIAN_POINT('',(-0.71777585508443,-5.33196027836544,0.719160866448835));
#2814=CARTESIAN_POINT('',(-6.55726262090168E-16,-5.35144735463926,0.719160866448834));
#2815=CARTESIAN_POINT('',(0.717775855084427,-5.37093443091307,0.719160866448834));
#2816=CARTESIAN_POINT('',(1.33938797981064,-5.39042150718688,1.07804879399105));
#2817=CARTESIAN_POINT('',(1.96100010453685,-5.40990858346069,1.43693672153326));
#2818=CARTESIAN_POINT('',(2.31988803207907,-5.4293956597345,2.05854884625948));
#2819=CARTESIAN_POINT('',(2.67877595962128,-5.44888273600832,2.68016097098569));
#2820=CARTESIAN_POINT('',(2.67877595962128,-5.46836981228213,3.39793682607012));
#2821=CARTESIAN_POINT('',(2.67877595962128,-5.48785688855594,4.11571268115455));
#2822=CARTESIAN_POINT('',(2.31988803207907,-5.50734396482975,4.73732480588076));
#2823=CARTESIAN_POINT('',(1.96100010453686,-5.52683104110357,5.35893693060698));
#2824=CARTESIAN_POINT('',(1.33938797981064,-5.54631811737738,5.71782485814919));
#2825=CARTESIAN_POINT('',(0.717775855084431,-5.56580519365119,6.0767127856914));
#2826=CARTESIAN_POINT('',(-3.41989220085258E-16,-5.585292269925,6.0767127856914));
#2827=CARTESIAN_POINT('',(-0.717775855084429,-5.60477934619881,6.0767127856914));
#2828=CARTESIAN_POINT('',(-1.33938797981064,-5.62426642247263,5.71782485814919));
#2829=CARTESIAN_POINT('',(-1.96100010453686,-5.64375349874644,5.35893693060698));
#2830=CARTESIAN_POINT('',(-2.31988803207907,-5.66324057502025,4.73732480588076));
#2831=CARTESIAN_POINT('',(-2.67877595962128,-5.68272765129406,4.11571268115455));
#2832=CARTESIAN_POINT('',(-2.67877595962129,-5.70221472756787,3.39793682607012));
#2833=CARTESIAN_POINT('',(-2.67877595962129,-5.72170180384169,2.68016097098569));
#2834=CARTESIAN_POINT('',(-2.31988803207907,-5.7411888801155,2.05854884625948));
#2835=CARTESIAN_POINT('',(-1.96100010453686,-5.76067595638931,1.43693672153326));
#2836=CARTESIAN_POINT('',(-1.33938797981064,-5.78016303266312,1.07804879399105));
#2837=CARTESIAN_POINT('',(-0.71777585508443,-5.79965010893693,0.719160866448835));
#2838=CARTESIAN_POINT('',(-6.84363058996966E-16,-5.81913718521075,0.719160866448834));
#2839=CARTESIAN_POINT('',(0.717775855084427,-5.83862426148456,0.719160866448834));
#2840=CARTESIAN_POINT('',(1.33938797981064,-5.85811133775837,1.07804879399105));
#2841=CARTESIAN_POINT('',(1.96100010453685,-5.87759841403218,1.43693672153326));
#2842=CARTESIAN_POINT('',(2.31988803207907,-5.897085490306,2.05854884625948));
#2843=CARTESIAN_POINT('',(2.67877595962128,-5.91657256657981,2.68016097098569));
#2844=CARTESIAN_POINT('',(2.67877595962128,-5.93605964285362,3.39793682607012));
#2845=CARTESIAN_POINT('',(2.67877595962128,-5.95554671912743,4.11571268115455));
#2846=CARTESIAN_POINT('',(2.31988803207907,-5.97503379540124,4.73732480588076));
#2847=CARTESIAN_POINT('',(1.96100010453686,-5.99452087167506,5.35893693060698));
#2848=CARTESIAN_POINT('',(1.33938797981064,-6.01400794794887,5.71782485814919));
#2849=CARTESIAN_POINT('',(0.717775855084431,-6.03349502422268,6.0767127856914));
#2850=CARTESIAN_POINT('',(-3.70626016992056E-16,-6.05298210049649,6.0767127856914));
#2851=CARTESIAN_POINT('',(-0.717775855084429,-6.0724691767703,6.0767127856914));
#2852=CARTESIAN_POINT('',(-1.33938797981064,-6.09195625304412,5.71782485814919));
#2853=CARTESIAN_POINT('',(-1.96100010453686,-6.11144332931793,5.35893693060698));
#2854=CARTESIAN_POINT('',(-2.31988803207907,-6.13093040559174,4.73732480588076));
#2855=CARTESIAN_POINT('',(-2.67877595962128,-6.15041748186555,4.11571268115455));
#2856=CARTESIAN_POINT('',(-2.67877595962129,-6.16990455813936,3.39793682607012));
#2857=CARTESIAN_POINT('',(-2.67877595962129,-6.18939163441318,2.68016097098569));
#2858=CARTESIAN_POINT('',(-2.31988803207907,-6.20887871068699,2.05854884625948));
#2859=CARTESIAN_POINT('',(-1.96100010453686,-6.2283657869608,1.43693672153326));
#2860=CARTESIAN_POINT('',(-1.33938797981064,-6.24785286323461,1.07804879399105));
#2861=CARTESIAN_POINT('',(-0.71777585508443,-6.26733993950842,0.719160866448835));
#2862=CARTESIAN_POINT('',(-7.12999855903764E-16,-6.28682701578224,0.719160866448834));
#2863=CARTESIAN_POINT('',(0.490985274517372,-6.3001568978423,0.719160866448834));
#2864=CARTESIAN_POINT('',(0.950054247989426,-6.31388702584521,0.893293624390051));
#2865=CARTESIAN_POINT('',(-1.76570416952017,-2.13660183024798,1.38345688633778));
#2866=CARTESIAN_POINT('',(-1.56756561327894,-2.14399138145695,1.20978721209702));
#2867=CARTESIAN_POINT('',(-1.33938797981064,-2.15114458000392,1.07804879399105));
#2868=CARTESIAN_POINT('',(-0.71777585508443,-2.17063165627774,0.719160866448835));
#2869=CARTESIAN_POINT('',(-4.6215710623371E-16,-2.19011873255155,0.719160866448834));
#2870=CARTESIAN_POINT('',(0.717775855084428,-2.20960580882536,0.719160866448834));
#2871=CARTESIAN_POINT('',(1.33938797981064,-2.22909288509917,1.07804879399105));
#2872=CARTESIAN_POINT('',(1.96100010453685,-2.24857996137299,1.43693672153326));
#2873=CARTESIAN_POINT('',(2.31988803207907,-2.2680670376468,2.05854884625948));
#2874=CARTESIAN_POINT('',(2.67877595962128,-2.28755411392061,2.68016097098569));
#2875=CARTESIAN_POINT('',(2.67877595962128,-2.30704119019442,3.39793682607012));
#2876=CARTESIAN_POINT('',(2.67877595962129,-2.32652826646823,4.11571268115455));
#2877=CARTESIAN_POINT('',(2.31988803207907,-2.34601534274205,4.73732480588076));
#2878=CARTESIAN_POINT('',(1.96100010453686,-2.36550241901586,5.35893693060698));
#2879=CARTESIAN_POINT('',(1.33938797981064,-2.38498949528967,5.71782485814919));
#2880=CARTESIAN_POINT('',(0.717775855084431,-2.40447657156348,6.0767127856914));
#2881=CARTESIAN_POINT('',(-1.48420064228801E-16,-2.42396364783729,6.0767127856914));
#2882=CARTESIAN_POINT('',(-0.717775855084429,-2.44345072411111,6.0767127856914));
#2883=CARTESIAN_POINT('',(-1.33938797981064,-2.46293780038492,5.71782485814919));
#2884=CARTESIAN_POINT('',(-1.96100010453686,-2.48242487665873,5.35893693060698));
#2885=CARTESIAN_POINT('',(-2.31988803207907,-2.50191195293254,4.73732480588076));
#2886=CARTESIAN_POINT('',(-2.67877595962128,-2.52139902920635,4.11571268115455));
#2887=CARTESIAN_POINT('',(-2.67877595962128,-2.54088610548017,3.39793682607012));
#2888=CARTESIAN_POINT('',(-2.67877595962128,-2.56037318175398,2.68016097098569));
#2889=CARTESIAN_POINT('',(-2.31988803207907,-2.57986025802779,2.05854884625948));
#2890=CARTESIAN_POINT('',(-1.96100010453686,-2.5993473343016,1.43693672153326));
#2891=CARTESIAN_POINT('',(-1.33938797981064,-2.61883441057541,1.07804879399105));
#2892=CARTESIAN_POINT('',(-0.71777585508443,-2.63832148684923,0.719160866448835));
#2893=CARTESIAN_POINT('',(-4.90793903140508E-16,-2.65780856312304,0.719160866448834));
#2894=CARTESIAN_POINT('',(0.717775855084428,-2.67729563939685,0.719160866448834));
#2895=CARTESIAN_POINT('',(1.33938797981064,-2.69678271567066,1.07804879399105));
#2896=CARTESIAN_POINT('',(1.96100010453685,-2.71626979194448,1.43693672153326));
#2897=CARTESIAN_POINT('',(2.31988803207907,-2.73575686821829,2.05854884625948));
#2898=CARTESIAN_POINT('',(2.67877595962128,-2.7552439444921,2.68016097098569));
#2899=CARTESIAN_POINT('',(2.67877595962128,-2.77473102076591,3.39793682607012));
#2900=CARTESIAN_POINT('',(2.67877595962129,-2.79421809703972,4.11571268115455));
#2901=CARTESIAN_POINT('',(2.31988803207907,-2.81370517331354,4.73732480588076));
#2902=CARTESIAN_POINT('',(1.96100010453686,-2.83319224958735,5.35893693060698));
#2903=CARTESIAN_POINT('',(1.33938797981064,-2.85267932586116,5.71782485814919));
#2904=CARTESIAN_POINT('',(0.717775855084431,-2.87216640213497,6.0767127856914));
#2905=CARTESIAN_POINT('',(-1.77056861135599E-16,-2.89165347840878,6.0767127856914));
#2906=CARTESIAN_POINT('',(-0.717775855084429,-2.9111405546826,6.0767127856914));
#2907=CARTESIAN_POINT('',(-1.33938797981064,-2.93062763095641,5.71782485814919));
#2908=CARTESIAN_POINT('',(-1.96100010453686,-2.95011470723022,5.35893693060698));
#2909=CARTESIAN_POINT('',(-2.31988803207907,-2.96960178350403,4.73732480588076));
#2910=CARTESIAN_POINT('',(-2.67877595962128,-2.98908885977784,4.11571268115455));
#2911=CARTESIAN_POINT('',(-2.67877595962128,-3.00857593605166,3.39793682607012));
#2912=CARTESIAN_POINT('',(-2.67877595962128,-3.02806301232547,2.68016097098569));
#2913=CARTESIAN_POINT('',(-2.31988803207907,-3.04755008859928,2.05854884625948));
#2914=CARTESIAN_POINT('',(-1.96100010453686,-3.06703716487309,1.43693672153326));
#2915=CARTESIAN_POINT('',(-1.33938797981064,-3.0865242411469,1.07804879399105));
#2916=CARTESIAN_POINT('',(-0.71777585508443,-3.10601131742072,0.719160866448835));
#2917=CARTESIAN_POINT('',(-5.19430700047306E-16,-3.12549839369453,0.719160866448834));
#2918=CARTESIAN_POINT('',(0.717775855084428,-3.14498546996834,0.719160866448834));
#2919=CARTESIAN_POINT('',(1.33938797981064,-3.16447254624215,1.07804879399105));
#2920=CARTESIAN_POINT('',(1.96100010453685,-3.18395962251597,1.43693672153326));
#2921=CARTESIAN_POINT('',(2.31988803207907,-3.20344669878978,2.05854884625948));
#2922=CARTESIAN_POINT('',(2.67877595962128,-3.22293377506359,2.68016097098569));
#2923=CARTESIAN_POINT('',(2.67877595962128,-3.2424208513374,3.39793682607012));
#2924=CARTESIAN_POINT('',(2.67877595962129,-3.26190792761121,4.11571268115455));
#2925=CARTESIAN_POINT('',(2.31988803207907,-3.28139500388503,4.73732480588076));
#2926=CARTESIAN_POINT('',(1.96100010453686,-3.30088208015884,5.35893693060698));
#2927=CARTESIAN_POINT('',(1.33938797981064,-3.32036915643265,5.71782485814919));
#2928=CARTESIAN_POINT('',(0.717775855084431,-3.33985623270646,6.0767127856914));
#2929=CARTESIAN_POINT('',(-2.05693658042397E-16,-3.35934330898027,6.0767127856914));
#2930=CARTESIAN_POINT('',(-0.717775855084429,-3.37883038525409,6.0767127856914));
#2931=CARTESIAN_POINT('',(-1.33938797981064,-3.3983174615279,5.71782485814919));
#2932=CARTESIAN_POINT('',(-1.96100010453686,-3.41780453780171,5.35893693060698));
#2933=CARTESIAN_POINT('',(-2.31988803207907,-3.43729161407552,4.73732480588076));
#2934=CARTESIAN_POINT('',(-2.67877595962128,-3.45677869034933,4.11571268115455));
#2935=CARTESIAN_POINT('',(-2.67877595962128,-3.47626576662315,3.39793682607012));
#2936=CARTESIAN_POINT('',(-2.67877595962128,-3.49575284289696,2.68016097098569));
#2937=CARTESIAN_POINT('',(-2.31988803207907,-3.51523991917077,2.05854884625948));
#2938=CARTESIAN_POINT('',(-1.96100010453686,-3.53472699544458,1.43693672153326));
#2939=CARTESIAN_POINT('',(-1.33938797981064,-3.55421407171839,1.07804879399105));
#2940=CARTESIAN_POINT('',(-0.71777585508443,-3.57370114799221,0.719160866448835));
#2941=CARTESIAN_POINT('',(-5.48067496954104E-16,-3.59318822426602,0.719160866448834));
#2942=CARTESIAN_POINT('',(0.717775855084428,-3.61267530053983,0.719160866448834));
#2943=CARTESIAN_POINT('',(1.33938797981064,-3.63216237681364,1.07804879399105));
#2944=CARTESIAN_POINT('',(1.96100010453685,-3.65164945308746,1.43693672153326));
#2945=CARTESIAN_POINT('',(2.31988803207907,-3.67113652936127,2.05854884625948));
#2946=CARTESIAN_POINT('',(2.67877595962128,-3.69062360563508,2.68016097098569));
#2947=CARTESIAN_POINT('',(2.67877595962128,-3.71011068190889,3.39793682607012));
#2948=CARTESIAN_POINT('',(2.67877595962129,-3.7295977581827,4.11571268115455));
#2949=CARTESIAN_POINT('',(2.31988803207907,-3.74908483445652,4.73732480588076));
#2950=CARTESIAN_POINT('',(1.96100010453686,-3.76857191073033,5.35893693060698));
#2951=CARTESIAN_POINT('',(1.33938797981064,-3.78805898700414,5.71782485814919));
#2952=CARTESIAN_POINT('',(0.717775855084431,-3.80754606327795,6.0767127856914));
#2953=CARTESIAN_POINT('',(-2.34330454949195E-16,-3.82703313955176,6.0767127856914));
#2954=CARTESIAN_POINT('',(-0.717775855084429,-3.84652021582558,6.0767127856914));
#2955=CARTESIAN_POINT('',(-1.33938797981064,-3.86600729209939,5.71782485814919));
#2956=CARTESIAN_POINT('',(-1.96100010453686,-3.8854943683732,5.35893693060698));
#2957=CARTESIAN_POINT('',(-2.31988803207907,-3.90498144464701,4.73732480588076));
#2958=CARTESIAN_POINT('',(-2.67877595962128,-3.92446852092082,4.11571268115455));
#2959=CARTESIAN_POINT('',(-2.67877595962128,-3.94395559719464,3.39793682607012));
#2960=CARTESIAN_POINT('',(-2.67877595962128,-3.96344267346845,2.68016097098569));
#2961=CARTESIAN_POINT('',(-2.31988803207907,-3.98292974974226,2.05854884625948));
#2962=CARTESIAN_POINT('',(-1.96100010453686,-4.00241682601607,1.43693672153326));
#2963=CARTESIAN_POINT('',(-1.33938797981064,-4.02190390228988,1.07804879399105));
#2964=CARTESIAN_POINT('',(-0.71777585508443,-4.0413909785637,0.719160866448835));
#2965=CARTESIAN_POINT('',(-5.76704293860902E-16,-4.06087805483751,0.719160866448834));
#2966=CARTESIAN_POINT('',(0.717775855084428,-4.08036513111132,0.719160866448834));
#2967=CARTESIAN_POINT('',(1.33938797981064,-4.09985220738513,1.07804879399105));
#2968=CARTESIAN_POINT('',(1.96100010453685,-4.11933928365895,1.43693672153326));
#2969=CARTESIAN_POINT('',(2.31988803207907,-4.13882635993276,2.05854884625948));
#2970=CARTESIAN_POINT('',(2.67877595962128,-4.15831343620657,2.68016097098569));
#2971=CARTESIAN_POINT('',(2.67877595962128,-4.17780051248038,3.39793682607012));
#2972=CARTESIAN_POINT('',(2.67877595962129,-4.19728758875419,4.11571268115455));
#2973=CARTESIAN_POINT('',(2.31988803207907,-4.21677466502801,4.73732480588076));
#2974=CARTESIAN_POINT('',(1.96100010453686,-4.23626174130182,5.35893693060698));
#2975=CARTESIAN_POINT('',(1.33938797981064,-4.25574881757563,5.71782485814919));
#2976=CARTESIAN_POINT('',(0.717775855084431,-4.27523589384944,6.0767127856914));
#2977=CARTESIAN_POINT('',(-2.62967251855992E-16,-4.29472297012325,6.0767127856914));
#2978=CARTESIAN_POINT('',(-0.717775855084429,-4.31421004639707,6.0767127856914));
#2979=CARTESIAN_POINT('',(-1.33938797981064,-4.33369712267088,5.71782485814919));
#2980=CARTESIAN_POINT('',(-1.96100010453686,-4.35318419894469,5.35893693060698));
#2981=CARTESIAN_POINT('',(-2.31988803207907,-4.3726712752185,4.73732480588076));
#2982=CARTESIAN_POINT('',(-2.67877595962128,-4.39215835149231,4.11571268115455));
#2983=CARTESIAN_POINT('',(-2.67877595962128,-4.41164542776613,3.39793682607012));
#2984=CARTESIAN_POINT('',(-2.67877595962128,-4.43113250403994,2.68016097098569));
#2985=CARTESIAN_POINT('',(-2.31988803207907,-4.45061958031375,2.05854884625948));
#2986=CARTESIAN_POINT('',(-1.96100010453686,-4.47010665658756,1.43693672153326));
#2987=CARTESIAN_POINT('',(-1.33938797981064,-4.48959373286137,1.07804879399105));
#2988=CARTESIAN_POINT('',(-0.71777585508443,-4.50908080913519,0.719160866448835));
#2989=CARTESIAN_POINT('',(-6.053410907677E-16,-4.528567885409,0.719160866448834));
#2990=CARTESIAN_POINT('',(0.717775855084428,-4.54805496168281,0.719160866448834));
#2991=CARTESIAN_POINT('',(1.33938797981064,-4.56754203795662,1.07804879399105));
#2992=CARTESIAN_POINT('',(1.96100010453685,-4.58702911423044,1.43693672153326));
#2993=CARTESIAN_POINT('',(2.31988803207907,-4.60651619050425,2.05854884625948));
#2994=CARTESIAN_POINT('',(2.67877595962128,-4.62600326677806,2.68016097098569));
#2995=CARTESIAN_POINT('',(2.67877595962128,-4.64549034305187,3.39793682607012));
#2996=CARTESIAN_POINT('',(2.67877595962129,-4.66497741932568,4.11571268115455));
#2997=CARTESIAN_POINT('',(2.31988803207907,-4.6844644955995,4.73732480588076));
#2998=CARTESIAN_POINT('',(1.96100010453686,-4.70395157187331,5.35893693060698));
#2999=CARTESIAN_POINT('',(1.33938797981064,-4.72343864814712,5.71782485814919));
#3000=CARTESIAN_POINT('',(0.717775855084431,-4.74292572442093,6.0767127856914));
#3001=CARTESIAN_POINT('',(-2.9160404876279E-16,-4.76241280069474,6.0767127856914));
#3002=CARTESIAN_POINT('',(-0.717775855084429,-4.78189987696856,6.0767127856914));
#3003=CARTESIAN_POINT('',(-1.33938797981064,-4.80138695324237,5.71782485814919));
#3004=CARTESIAN_POINT('',(-1.96100010453686,-4.82087402951618,5.35893693060698));
#3005=CARTESIAN_POINT('',(-2.31988803207907,-4.84036110578999,4.73732480588076));
#3006=CARTESIAN_POINT('',(-2.67877595962128,-4.8598481820638,4.11571268115455));
#3007=CARTESIAN_POINT('',(-2.67877595962128,-4.87933525833762,3.39793682607012));
#3008=CARTESIAN_POINT('',(-2.67877595962128,-4.89882233461143,2.68016097098569));
#3009=CARTESIAN_POINT('',(-2.31988803207907,-4.91830941088524,2.05854884625948));
#3010=CARTESIAN_POINT('',(-1.96100010453686,-4.93779648715905,1.43693672153326));
#3011=CARTESIAN_POINT('',(-1.33938797981064,-4.95728356343286,1.07804879399105));
#3012=CARTESIAN_POINT('',(-0.71777585508443,-4.97677063970668,0.719160866448835));
#3013=CARTESIAN_POINT('',(-6.33977887674498E-16,-4.99625771598049,0.719160866448834));
#3014=CARTESIAN_POINT('',(0.717775855084427,-5.0157447922543,0.719160866448834));
#3015=CARTESIAN_POINT('',(1.33938797981064,-5.03523186852811,1.07804879399105));
#3016=CARTESIAN_POINT('',(1.96100010453685,-5.05471894480193,1.43693672153326));
#3017=CARTESIAN_POINT('',(2.31988803207907,-5.07420602107574,2.05854884625948));
#3018=CARTESIAN_POINT('',(2.67877595962128,-5.09369309734955,2.68016097098569));
#3019=CARTESIAN_POINT('',(2.67877595962128,-5.11318017362336,3.39793682607012));
#3020=CARTESIAN_POINT('',(2.67877595962129,-5.13266724989717,4.11571268115455));
#3021=CARTESIAN_POINT('',(2.31988803207907,-5.15215432617098,4.73732480588076));
#3022=CARTESIAN_POINT('',(1.96100010453686,-5.1716414024448,5.35893693060698));
#3023=CARTESIAN_POINT('',(1.33938797981064,-5.19112847871861,5.71782485814919));
#3024=CARTESIAN_POINT('',(0.717775855084431,-5.21061555499242,6.0767127856914));
#3025=CARTESIAN_POINT('',(-3.20240845669588E-16,-5.23010263126623,6.0767127856914));
#3026=CARTESIAN_POINT('',(-0.717775855084429,-5.24958970754005,6.0767127856914));
#3027=CARTESIAN_POINT('',(-1.33938797981064,-5.26907678381386,5.71782485814919));
#3028=CARTESIAN_POINT('',(-1.96100010453686,-5.28856386008767,5.35893693060698));
#3029=CARTESIAN_POINT('',(-2.31988803207907,-5.30805093636148,4.73732480588076));
#3030=CARTESIAN_POINT('',(-2.67877595962128,-5.32753801263529,4.11571268115455));
#3031=CARTESIAN_POINT('',(-2.67877595962128,-5.34702508890911,3.39793682607012));
#3032=CARTESIAN_POINT('',(-2.67877595962128,-5.36651216518292,2.68016097098569));
#3033=CARTESIAN_POINT('',(-2.31988803207907,-5.38599924145673,2.05854884625948));
#3034=CARTESIAN_POINT('',(-1.96100010453686,-5.40548631773054,1.43693672153326));
#3035=CARTESIAN_POINT('',(-1.33938797981064,-5.42497339400435,1.07804879399105));
#3036=CARTESIAN_POINT('',(-0.71777585508443,-5.44446047027817,0.719160866448835));
#3037=CARTESIAN_POINT('',(-6.62614684581296E-16,-5.46394754655198,0.719160866448834));
#3038=CARTESIAN_POINT('',(0.717775855084427,-5.48343462282579,0.719160866448834));
#3039=CARTESIAN_POINT('',(1.33938797981064,-5.5029216990996,1.07804879399105));
#3040=CARTESIAN_POINT('',(1.96100010453685,-5.52240877537341,1.43693672153326));
#3041=CARTESIAN_POINT('',(2.31988803207907,-5.54189585164723,2.05854884625948));
#3042=CARTESIAN_POINT('',(2.67877595962128,-5.56138292792104,2.68016097098569));
#3043=CARTESIAN_POINT('',(2.67877595962128,-5.58087000419485,3.39793682607012));
#3044=CARTESIAN_POINT('',(2.67877595962128,-5.60035708046866,4.11571268115455));
#3045=CARTESIAN_POINT('',(2.31988803207907,-5.61984415674248,4.73732480588076));
#3046=CARTESIAN_POINT('',(1.96100010453686,-5.63933123301629,5.35893693060698));
#3047=CARTESIAN_POINT('',(1.33938797981064,-5.6588183092901,5.71782485814919));
#3048=CARTESIAN_POINT('',(0.717775855084431,-5.67830538556391,6.0767127856914));
#3049=CARTESIAN_POINT('',(-3.48877642576386E-16,-5.69779246183772,6.0767127856914));
#3050=CARTESIAN_POINT('',(-0.717775855084429,-5.71727953811154,6.0767127856914));
#3051=CARTESIAN_POINT('',(-1.33938797981064,-5.73676661438535,5.71782485814919));
#3052=CARTESIAN_POINT('',(-1.96100010453686,-5.75625369065916,5.35893693060698));
#3053=CARTESIAN_POINT('',(-2.31988803207907,-5.77574076693297,4.73732480588076));
#3054=CARTESIAN_POINT('',(-2.67877595962128,-5.79522784320678,4.11571268115455));
#3055=CARTESIAN_POINT('',(-2.67877595962129,-5.8147149194806,3.39793682607012));
#3056=CARTESIAN_POINT('',(-2.67877595962129,-5.83420199575441,2.68016097098569));
#3057=CARTESIAN_POINT('',(-2.31988803207907,-5.85368907202822,2.05854884625948));
#3058=CARTESIAN_POINT('',(-1.96100010453686,-5.87317614830203,1.43693672153326));
#3059=CARTESIAN_POINT('',(-1.33938797981064,-5.89266322457584,1.07804879399105));
#3060=CARTESIAN_POINT('',(-0.71777585508443,-5.91215030084966,0.719160866448835));
#3061=CARTESIAN_POINT('',(-6.91251481488094E-16,-5.93163737712347,0.719160866448834));
#3062=CARTESIAN_POINT('',(0.717775855084427,-5.95112445339728,0.719160866448834));
#3063=CARTESIAN_POINT('',(1.33938797981064,-5.97061152967109,1.07804879399105));
#3064=CARTESIAN_POINT('',(1.96100010453685,-5.9900986059449,1.43693672153326));
#3065=CARTESIAN_POINT('',(2.31988803207907,-6.00958568221872,2.05854884625948));
#3066=CARTESIAN_POINT('',(2.67877595962128,-6.02907275849253,2.68016097098569));
#3067=CARTESIAN_POINT('',(2.67877595962128,-6.04855983476634,3.39793682607012));
#3068=CARTESIAN_POINT('',(2.67877595962128,-6.06804691104015,4.11571268115455));
#3069=CARTESIAN_POINT('',(2.31988803207907,-6.08753398731397,4.73732480588076));
#3070=CARTESIAN_POINT('',(1.96100010453686,-6.10702106358778,5.35893693060698));
#3071=CARTESIAN_POINT('',(1.33938797981064,-6.12650813986159,5.71782485814919));
#3072=CARTESIAN_POINT('',(0.717775855084431,-6.1459952161354,6.0767127856914));
#3073=CARTESIAN_POINT('',(-3.77514439483184E-16,-6.16548229240921,6.0767127856914));
#3074=CARTESIAN_POINT('',(-0.717775855084429,-6.18496936868303,6.0767127856914));
#3075=CARTESIAN_POINT('',(-1.33938797981064,-6.20445644495684,5.71782485814919));
#3076=CARTESIAN_POINT('',(-1.96100010453686,-6.22394352123065,5.35893693060698));
#3077=CARTESIAN_POINT('',(-2.31988803207907,-6.24343059750446,4.73732480588076));
#3078=CARTESIAN_POINT('',(-2.67877595962128,-6.26291767377827,4.11571268115455));
#3079=CARTESIAN_POINT('',(-2.67877595962129,-6.28240475005209,3.39793682607012));
#3080=CARTESIAN_POINT('',(-2.67877595962129,-6.29801573877906,2.82293056937093));
#3081=CARTESIAN_POINT('',(-2.44279573420348,-6.31396818197137,2.29857808443834));
#3082=CARTESIAN_POINT('',(-2.04471219799111,-2.28729945311098,1.06513851450559));
#3083=CARTESIAN_POINT('',(-1.8152647459024,-2.29468900431994,0.864026398744026));
#3084=CARTESIAN_POINT('',(-1.55103158696494,-2.30184220286692,0.711471313302659));
#3085=CARTESIAN_POINT('',(-0.831195322324838,-2.32132927914073,0.29587365214024));
#3086=CARTESIAN_POINT('',(-5.2322210276921E-16,-2.34081635541455,0.29587365214024));
#3087=CARTESIAN_POINT('',(0.831195322324835,-2.36030343168836,0.295873652140239));
#3088=CARTESIAN_POINT('',(1.55103158696494,-2.37979050796217,0.711471313302657));
#3089=CARTESIAN_POINT('',(2.27086785160504,-2.39927758423598,1.12706897446508));
#3090=CARTESIAN_POINT('',(2.68646551276746,-2.41876466050979,1.84690523910518));
#3091=CARTESIAN_POINT('',(3.10206317392988,-2.43825173678361,2.56674150374528));
#3092=CARTESIAN_POINT('',(3.10206317392988,-2.45773881305742,3.39793682607012));
#3093=CARTESIAN_POINT('',(3.10206317392988,-2.47722588933123,4.22913214839495));
#3094=CARTESIAN_POINT('',(2.68646551276746,-2.49671296560504,4.94896841303506));
#3095=CARTESIAN_POINT('',(2.27086785160504,-2.51620004187885,5.66880467767516));
#3096=CARTESIAN_POINT('',(1.55103158696494,-2.53568711815267,6.08440233883758));
#3097=CARTESIAN_POINT('',(0.831195322324839,-2.55517419442648,6.5));
#3098=CARTESIAN_POINT('',(-1.57647327551999E-16,-2.57466127070029,6.5));
#3099=CARTESIAN_POINT('',(-0.831195322324837,-2.5941483469741,6.5));
#3100=CARTESIAN_POINT('',(-1.55103158696494,-2.61363542324791,6.08440233883758));
#3101=CARTESIAN_POINT('',(-2.27086785160504,-2.63312249952173,5.66880467767516));
#3102=CARTESIAN_POINT('',(-2.68646551276746,-2.65260957579554,4.94896841303506));
#3103=CARTESIAN_POINT('',(-3.10206317392988,-2.67209665206935,4.22913214839496));
#3104=CARTESIAN_POINT('',(-3.10206317392988,-2.69158372834316,3.39793682607012));
#3105=CARTESIAN_POINT('',(-3.10206317392988,-2.71107080461697,2.56674150374528));
#3106=CARTESIAN_POINT('',(-2.68646551276746,-2.73055788089079,1.84690523910518));
#3107=CARTESIAN_POINT('',(-2.27086785160504,-2.7500449571646,1.12706897446508));
#3108=CARTESIAN_POINT('',(-1.55103158696494,-2.76953203343841,0.711471313302659));
#3109=CARTESIAN_POINT('',(-0.831195322324838,-2.78901910971222,0.29587365214024));
#3110=CARTESIAN_POINT('',(-5.51858899676008E-16,-2.80850618598603,0.29587365214024));
#3111=CARTESIAN_POINT('',(0.831195322324835,-2.82799326225985,0.295873652140239));
#3112=CARTESIAN_POINT('',(1.55103158696494,-2.84748033853366,0.711471313302657));
#3113=CARTESIAN_POINT('',(2.27086785160504,-2.86696741480747,1.12706897446508));
#3114=CARTESIAN_POINT('',(2.68646551276746,-2.88645449108128,1.84690523910518));
#3115=CARTESIAN_POINT('',(3.10206317392988,-2.9059415673551,2.56674150374528));
#3116=CARTESIAN_POINT('',(3.10206317392988,-2.92542864362891,3.39793682607012));
#3117=CARTESIAN_POINT('',(3.10206317392988,-2.94491571990272,4.22913214839495));
#3118=CARTESIAN_POINT('',(2.68646551276746,-2.96440279617653,4.94896841303506));
#3119=CARTESIAN_POINT('',(2.27086785160504,-2.98388987245034,5.66880467767516));
#3120=CARTESIAN_POINT('',(1.55103158696494,-3.00337694872416,6.08440233883758));
#3121=CARTESIAN_POINT('',(0.831195322324839,-3.02286402499797,6.5));
#3122=CARTESIAN_POINT('',(-1.86284124458796E-16,-3.04235110127178,6.5));
#3123=CARTESIAN_POINT('',(-0.831195322324837,-3.06183817754559,6.5));
#3124=CARTESIAN_POINT('',(-1.55103158696494,-3.0813252538194,6.08440233883758));
#3125=CARTESIAN_POINT('',(-2.27086785160504,-3.10081233009322,5.66880467767516));
#3126=CARTESIAN_POINT('',(-2.68646551276746,-3.12029940636703,4.94896841303506));
#3127=CARTESIAN_POINT('',(-3.10206317392988,-3.13978648264084,4.22913214839496));
#3128=CARTESIAN_POINT('',(-3.10206317392988,-3.15927355891465,3.39793682607012));
#3129=CARTESIAN_POINT('',(-3.10206317392988,-3.17876063518846,2.56674150374528));
#3130=CARTESIAN_POINT('',(-2.68646551276746,-3.19824771146228,1.84690523910518));
#3131=CARTESIAN_POINT('',(-2.27086785160504,-3.21773478773609,1.12706897446508));
#3132=CARTESIAN_POINT('',(-1.55103158696494,-3.2372218640099,0.711471313302659));
#3133=CARTESIAN_POINT('',(-0.831195322324838,-3.25670894028371,0.29587365214024));
#3134=CARTESIAN_POINT('',(-5.80495696582806E-16,-3.27619601655752,0.29587365214024));
#3135=CARTESIAN_POINT('',(0.831195322324835,-3.29568309283134,0.295873652140239));
#3136=CARTESIAN_POINT('',(1.55103158696494,-3.31517016910515,0.711471313302657));
#3137=CARTESIAN_POINT('',(2.27086785160504,-3.33465724537896,1.12706897446508));
#3138=CARTESIAN_POINT('',(2.68646551276746,-3.35414432165277,1.84690523910518));
#3139=CARTESIAN_POINT('',(3.10206317392988,-3.37363139792659,2.56674150374528));
#3140=CARTESIAN_POINT('',(3.10206317392988,-3.3931184742004,3.39793682607012));
#3141=CARTESIAN_POINT('',(3.10206317392988,-3.41260555047421,4.22913214839495));
#3142=CARTESIAN_POINT('',(2.68646551276746,-3.43209262674802,4.94896841303506));
#3143=CARTESIAN_POINT('',(2.27086785160504,-3.45157970302183,5.66880467767516));
#3144=CARTESIAN_POINT('',(1.55103158696494,-3.47106677929565,6.08440233883758));
#3145=CARTESIAN_POINT('',(0.831195322324839,-3.49055385556946,6.5));
#3146=CARTESIAN_POINT('',(-2.14920921365594E-16,-3.51004093184327,6.5));
#3147=CARTESIAN_POINT('',(-0.831195322324837,-3.52952800811708,6.5));
#3148=CARTESIAN_POINT('',(-1.55103158696494,-3.54901508439089,6.08440233883758));
#3149=CARTESIAN_POINT('',(-2.27086785160504,-3.56850216066471,5.66880467767516));
#3150=CARTESIAN_POINT('',(-2.68646551276746,-3.58798923693852,4.94896841303506));
#3151=CARTESIAN_POINT('',(-3.10206317392988,-3.60747631321233,4.22913214839496));
#3152=CARTESIAN_POINT('',(-3.10206317392988,-3.62696338948614,3.39793682607012));
#3153=CARTESIAN_POINT('',(-3.10206317392988,-3.64645046575995,2.56674150374528));
#3154=CARTESIAN_POINT('',(-2.68646551276746,-3.66593754203377,1.84690523910518));
#3155=CARTESIAN_POINT('',(-2.27086785160504,-3.68542461830758,1.12706897446508));
#3156=CARTESIAN_POINT('',(-1.55103158696494,-3.70491169458139,0.711471313302659));
#3157=CARTESIAN_POINT('',(-0.831195322324838,-3.7243987708552,0.29587365214024));
#3158=CARTESIAN_POINT('',(-6.09132493489604E-16,-3.74388584712901,0.29587365214024));
#3159=CARTESIAN_POINT('',(0.831195322324835,-3.76337292340283,0.295873652140239));
#3160=CARTESIAN_POINT('',(1.55103158696494,-3.78285999967664,0.711471313302657));
#3161=CARTESIAN_POINT('',(2.27086785160504,-3.80234707595045,1.12706897446508));
#3162=CARTESIAN_POINT('',(2.68646551276746,-3.82183415222426,1.84690523910518));
#3163=CARTESIAN_POINT('',(3.10206317392988,-3.84132122849808,2.56674150374528));
#3164=CARTESIAN_POINT('',(3.10206317392988,-3.86080830477189,3.39793682607012));
#3165=CARTESIAN_POINT('',(3.10206317392988,-3.8802953810457,4.22913214839495));
#3166=CARTESIAN_POINT('',(2.68646551276746,-3.89978245731951,4.94896841303506));
#3167=CARTESIAN_POINT('',(2.27086785160504,-3.91926953359332,5.66880467767516));
#3168=CARTESIAN_POINT('',(1.55103158696494,-3.93875660986714,6.08440233883758));
#3169=CARTESIAN_POINT('',(0.831195322324839,-3.95824368614095,6.5));
#3170=CARTESIAN_POINT('',(-2.43557718272392E-16,-3.97773076241476,6.5));
#3171=CARTESIAN_POINT('',(-0.831195322324837,-3.99721783868857,6.5));
#3172=CARTESIAN_POINT('',(-1.55103158696494,-4.01670491496238,6.08440233883758));
#3173=CARTESIAN_POINT('',(-2.27086785160504,-4.0361919912362,5.66880467767516));
#3174=CARTESIAN_POINT('',(-2.68646551276746,-4.05567906751001,4.94896841303506));
#3175=CARTESIAN_POINT('',(-3.10206317392988,-4.07516614378382,4.22913214839496));
#3176=CARTESIAN_POINT('',(-3.10206317392988,-4.09465322005763,3.39793682607012));
#3177=CARTESIAN_POINT('',(-3.10206317392988,-4.11414029633144,2.56674150374528));
#3178=CARTESIAN_POINT('',(-2.68646551276746,-4.13362737260526,1.84690523910518));
#3179=CARTESIAN_POINT('',(-2.27086785160504,-4.15311444887907,1.12706897446508));
#3180=CARTESIAN_POINT('',(-1.55103158696494,-4.17260152515288,0.711471313302659));
#3181=CARTESIAN_POINT('',(-0.831195322324838,-4.19208860142669,0.29587365214024));
#3182=CARTESIAN_POINT('',(-6.37769290396402E-16,-4.2115756777005,0.29587365214024));
#3183=CARTESIAN_POINT('',(0.831195322324835,-4.23106275397432,0.295873652140239));
#3184=CARTESIAN_POINT('',(1.55103158696494,-4.25054983024813,0.711471313302657));
#3185=CARTESIAN_POINT('',(2.27086785160504,-4.27003690652194,1.12706897446508));
#3186=CARTESIAN_POINT('',(2.68646551276746,-4.28952398279575,1.84690523910518));
#3187=CARTESIAN_POINT('',(3.10206317392988,-4.30901105906957,2.56674150374528));
#3188=CARTESIAN_POINT('',(3.10206317392988,-4.32849813534338,3.39793682607012));
#3189=CARTESIAN_POINT('',(3.10206317392988,-4.34798521161719,4.22913214839495));
#3190=CARTESIAN_POINT('',(2.68646551276746,-4.367472287891,4.94896841303506));
#3191=CARTESIAN_POINT('',(2.27086785160504,-4.38695936416481,5.66880467767516));
#3192=CARTESIAN_POINT('',(1.55103158696494,-4.40644644043863,6.08440233883758));
#3193=CARTESIAN_POINT('',(0.831195322324839,-4.42593351671244,6.5));
#3194=CARTESIAN_POINT('',(-2.7219451517919E-16,-4.44542059298625,6.5));
#3195=CARTESIAN_POINT('',(-0.831195322324837,-4.46490766926006,6.5));
#3196=CARTESIAN_POINT('',(-1.55103158696494,-4.48439474553387,6.08440233883758));
#3197=CARTESIAN_POINT('',(-2.27086785160504,-4.50388182180769,5.66880467767516));
#3198=CARTESIAN_POINT('',(-2.68646551276746,-4.5233688980815,4.94896841303506));
#3199=CARTESIAN_POINT('',(-3.10206317392988,-4.54285597435531,4.22913214839496));
#3200=CARTESIAN_POINT('',(-3.10206317392988,-4.56234305062912,3.39793682607012));
#3201=CARTESIAN_POINT('',(-3.10206317392988,-4.58183012690293,2.56674150374528));
#3202=CARTESIAN_POINT('',(-2.68646551276746,-4.60131720317675,1.84690523910518));
#3203=CARTESIAN_POINT('',(-2.27086785160504,-4.62080427945056,1.12706897446508));
#3204=CARTESIAN_POINT('',(-1.55103158696494,-4.64029135572437,0.711471313302659));
#3205=CARTESIAN_POINT('',(-0.831195322324838,-4.65977843199818,0.29587365214024));
#3206=CARTESIAN_POINT('',(-6.664060873032E-16,-4.679265508272,0.29587365214024));
#3207=CARTESIAN_POINT('',(0.831195322324835,-4.69875258454581,0.295873652140239));
#3208=CARTESIAN_POINT('',(1.55103158696494,-4.71823966081962,0.711471313302657));
#3209=CARTESIAN_POINT('',(2.27086785160504,-4.73772673709343,1.12706897446508));
#3210=CARTESIAN_POINT('',(2.68646551276746,-4.75721381336724,1.84690523910518));
#3211=CARTESIAN_POINT('',(3.10206317392988,-4.77670088964105,2.56674150374528));
#3212=CARTESIAN_POINT('',(3.10206317392988,-4.79618796591487,3.39793682607012));
#3213=CARTESIAN_POINT('',(3.10206317392988,-4.81567504218868,4.22913214839495));
#3214=CARTESIAN_POINT('',(2.68646551276746,-4.83516211846249,4.94896841303506));
#3215=CARTESIAN_POINT('',(2.27086785160504,-4.8546491947363,5.66880467767516));
#3216=CARTESIAN_POINT('',(1.55103158696494,-4.87413627101012,6.08440233883758));
#3217=CARTESIAN_POINT('',(0.831195322324839,-4.89362334728393,6.5));
#3218=CARTESIAN_POINT('',(-3.00831312085988E-16,-4.91311042355774,6.5));
#3219=CARTESIAN_POINT('',(-0.831195322324837,-4.93259749983155,6.5));
#3220=CARTESIAN_POINT('',(-1.55103158696494,-4.95208457610536,6.08440233883758));
#3221=CARTESIAN_POINT('',(-2.27086785160504,-4.97157165237918,5.66880467767516));
#3222=CARTESIAN_POINT('',(-2.68646551276746,-4.99105872865299,4.94896841303506));
#3223=CARTESIAN_POINT('',(-3.10206317392988,-5.0105458049268,4.22913214839496));
#3224=CARTESIAN_POINT('',(-3.10206317392988,-5.03003288120061,3.39793682607012));
#3225=CARTESIAN_POINT('',(-3.10206317392988,-5.04951995747443,2.56674150374528));
#3226=CARTESIAN_POINT('',(-2.68646551276746,-5.06900703374824,1.84690523910518));
#3227=CARTESIAN_POINT('',(-2.27086785160504,-5.08849411002205,1.12706897446508));
#3228=CARTESIAN_POINT('',(-1.55103158696494,-5.10798118629586,0.711471313302659));
#3229=CARTESIAN_POINT('',(-0.831195322324838,-5.12746826256967,0.29587365214024));
#3230=CARTESIAN_POINT('',(-6.95042884209998E-16,-5.14695533884348,0.29587365214024));
#3231=CARTESIAN_POINT('',(0.831195322324835,-5.1664424151173,0.295873652140239));
#3232=CARTESIAN_POINT('',(1.55103158696494,-5.18592949139111,0.711471313302657));
#3233=CARTESIAN_POINT('',(2.27086785160504,-5.20541656766492,1.12706897446508));
#3234=CARTESIAN_POINT('',(2.68646551276746,-5.22490364393873,1.84690523910518));
#3235=CARTESIAN_POINT('',(3.10206317392988,-5.24439072021255,2.56674150374528));
#3236=CARTESIAN_POINT('',(3.10206317392988,-5.26387779648636,3.39793682607012));
#3237=CARTESIAN_POINT('',(3.10206317392988,-5.28336487276017,4.22913214839495));
#3238=CARTESIAN_POINT('',(2.68646551276746,-5.30285194903398,4.94896841303506));
#3239=CARTESIAN_POINT('',(2.27086785160504,-5.32233902530779,5.66880467767516));
#3240=CARTESIAN_POINT('',(1.55103158696494,-5.34182610158161,6.08440233883758));
#3241=CARTESIAN_POINT('',(0.831195322324839,-5.36131317785542,6.5));
#3242=CARTESIAN_POINT('',(-3.29468108992786E-16,-5.38080025412923,6.5));
#3243=CARTESIAN_POINT('',(-0.831195322324837,-5.40028733040304,6.5));
#3244=CARTESIAN_POINT('',(-1.55103158696494,-5.41977440667685,6.08440233883758));
#3245=CARTESIAN_POINT('',(-2.27086785160504,-5.43926148295067,5.66880467767516));
#3246=CARTESIAN_POINT('',(-2.68646551276746,-5.45874855922448,4.94896841303506));
#3247=CARTESIAN_POINT('',(-3.10206317392988,-5.47823563549829,4.22913214839496));
#3248=CARTESIAN_POINT('',(-3.10206317392988,-5.4977227117721,3.39793682607012));
#3249=CARTESIAN_POINT('',(-3.10206317392988,-5.51720978804591,2.56674150374528));
#3250=CARTESIAN_POINT('',(-2.68646551276746,-5.53669686431973,1.84690523910518));
#3251=CARTESIAN_POINT('',(-2.27086785160504,-5.55618394059354,1.12706897446508));
#3252=CARTESIAN_POINT('',(-1.55103158696494,-5.57567101686735,0.711471313302659));
#3253=CARTESIAN_POINT('',(-0.831195322324838,-5.59515809314116,0.29587365214024));
#3254=CARTESIAN_POINT('',(-7.23679681116795E-16,-5.61464516941497,0.29587365214024));
#3255=CARTESIAN_POINT('',(0.831195322324835,-5.63413224568879,0.295873652140239));
#3256=CARTESIAN_POINT('',(1.55103158696494,-5.6536193219626,0.711471313302657));
#3257=CARTESIAN_POINT('',(2.27086785160504,-5.67310639823641,1.12706897446508));
#3258=CARTESIAN_POINT('',(2.68646551276746,-5.69259347451022,1.84690523910518));
#3259=CARTESIAN_POINT('',(3.10206317392988,-5.71208055078404,2.56674150374528));
#3260=CARTESIAN_POINT('',(3.10206317392988,-5.73156762705785,3.39793682607012));
#3261=CARTESIAN_POINT('',(3.10206317392988,-5.75105470333166,4.22913214839495));
#3262=CARTESIAN_POINT('',(2.68646551276746,-5.77054177960547,4.94896841303506));
#3263=CARTESIAN_POINT('',(2.27086785160504,-5.79002885587928,5.66880467767516));
#3264=CARTESIAN_POINT('',(1.55103158696494,-5.8095159321531,6.08440233883758));
#3265=CARTESIAN_POINT('',(0.831195322324839,-5.82900300842691,6.5));
#3266=CARTESIAN_POINT('',(-3.58104905899584E-16,-5.84849008470072,6.5));
#3267=CARTESIAN_POINT('',(-0.831195322324837,-5.86797716097453,6.5));
#3268=CARTESIAN_POINT('',(-1.55103158696494,-5.88746423724834,6.08440233883758));
#3269=CARTESIAN_POINT('',(-2.27086785160504,-5.90695131352216,5.66880467767516));
#3270=CARTESIAN_POINT('',(-2.68646551276746,-5.92643838979597,4.94896841303506));
#3271=CARTESIAN_POINT('',(-3.10206317392988,-5.94592546606978,4.22913214839496));
#3272=CARTESIAN_POINT('',(-3.10206317392988,-5.96541254234359,3.39793682607012));
#3273=CARTESIAN_POINT('',(-3.10206317392988,-5.9848996186174,2.56674150374528));
#3274=CARTESIAN_POINT('',(-2.68646551276746,-6.00438669489122,1.84690523910518));
#3275=CARTESIAN_POINT('',(-2.27086785160504,-6.02387377116503,1.12706897446508));
#3276=CARTESIAN_POINT('',(-1.55103158696494,-6.04336084743884,0.711471313302659));
#3277=CARTESIAN_POINT('',(-0.831195322324838,-6.06284792371265,0.29587365214024));
#3278=CARTESIAN_POINT('',(-7.52316478023593E-16,-6.08233499998647,0.29587365214024));
#3279=CARTESIAN_POINT('',(0.831195322324835,-6.10182207626028,0.295873652140239));
#3280=CARTESIAN_POINT('',(1.55103158696494,-6.12130915253409,0.711471313302657));
#3281=CARTESIAN_POINT('',(2.27086785160504,-6.1407962288079,1.12706897446508));
#3282=CARTESIAN_POINT('',(2.68646551276746,-6.16028330508171,1.84690523910518));
#3283=CARTESIAN_POINT('',(3.10206317392988,-6.17977038135553,2.56674150374528));
#3284=CARTESIAN_POINT('',(3.10206317392988,-6.19925745762934,3.39793682607012));
#3285=CARTESIAN_POINT('',(3.10206317392988,-6.21874453390315,4.22913214839495));
#3286=CARTESIAN_POINT('',(2.68646551276746,-6.23823161017696,4.94896841303506));
#3287=CARTESIAN_POINT('',(2.27086785160504,-6.25771868645077,5.66880467767516));
#3288=CARTESIAN_POINT('',(1.55103158696494,-6.27720576272459,6.08440233883758));
#3289=CARTESIAN_POINT('',(0.831195322324839,-6.2966928389984,6.5));
#3290=CARTESIAN_POINT('',(-3.86741702806382E-16,-6.31617991527221,6.5));
#3291=CARTESIAN_POINT('',(-0.831195322324837,-6.33566699154602,6.5));
#3292=CARTESIAN_POINT('',(-1.55103158696494,-6.35515406781983,6.08440233883758));
#3293=CARTESIAN_POINT('',(-2.27086785160504,-6.37464114409365,5.66880467767516));
#3294=CARTESIAN_POINT('',(-2.68646551276746,-6.39412822036746,4.94896841303506));
#3295=CARTESIAN_POINT('',(-3.10206317392988,-6.41361529664127,4.22913214839496));
#3296=CARTESIAN_POINT('',(-3.10206317392988,-6.43310237291508,3.39793682607012));
#3297=CARTESIAN_POINT('',(-3.10206317392988,-6.44871336164206,2.7320708631928));
#3298=CARTESIAN_POINT('',(-2.82879449522047,-6.46466580483436,2.12486273597863));
#3299=CARTESIAN_POINT('',(-0.0461271363428391,1.83317864150893,6.50000000000001));
#3300=CARTESIAN_POINT('',(-1.87434572853883,2.62866454831243,6.50000000000001));
#3301=CARTESIAN_POINT('',(-2.60459801353283,4.48390379138461,6.50000000000001));
#3302=CARTESIAN_POINT('',(-1.80911210672933,6.31212238358058,6.50000000000001));
#3303=CARTESIAN_POINT('',(0.0461271363428557,7.04237466857459,6.50000000000001));
#3304=CARTESIAN_POINT('',(1.87434572853882,6.24688876177109,6.50000000000001));
#3305=CARTESIAN_POINT('',(2.60459801353284,4.39164951869891,6.50000000000001));
#3306=CARTESIAN_POINT('',(1.80911210672932,2.56343092650293,6.50000000000001));
#3307=CARTESIAN_POINT('',(-0.0461271363428391,1.83317864150893,6.50000000000001));
#3308=CARTESIAN_POINT('',(-1.87434572853883,2.62866454831243,6.50000000000001));
#3309=CARTESIAN_POINT('',(-2.60459801353283,4.48390379138461,6.50000000000001));
#3310=CARTESIAN_POINT('',(-0.0561946627794993,1.46025860447606,6.50091189366871));
#3311=CARTESIAN_POINT('',(-2.14515883177824,2.37208907749928,6.50091189366871));
#3312=CARTESIAN_POINT('',(-2.9775180505657,4.49397131782126,6.50091189366871));
#3313=CARTESIAN_POINT('',(-2.06568757754247,6.58293548681999,6.50091189366872));
#3314=CARTESIAN_POINT('',(0.0561946627795178,7.41529470560745,6.50091189366871));
#3315=CARTESIAN_POINT('',(2.14515883177824,6.50346423258422,6.50091189366872));
#3316=CARTESIAN_POINT('',(2.9775180505657,4.38158199226223,6.50091189366871));
#3317=CARTESIAN_POINT('',(2.06568757754246,2.29261782326351,6.50091189366871));
#3318=CARTESIAN_POINT('',(-0.0561946627794993,1.46025860447606,6.50091189366871));
#3319=CARTESIAN_POINT('',(-2.14515883177824,2.37208907749928,6.50091189366871));
#3320=CARTESIAN_POINT('',(-2.9775180505657,4.49397131782126,6.50091189366871));
#3321=CARTESIAN_POINT('',(-0.0767565171706838,0.698609002732643,6.36280849682137));
#3322=CARTESIAN_POINT('',(-2.69826585673283,1.84806090589226,6.36280849682137));
#3323=CARTESIAN_POINT('',(-3.73916765230911,4.51453317221246,6.36280849682137));
#3324=CARTESIAN_POINT('',(-2.58971574914949,7.13604251177458,6.36280849682137));
#3325=CARTESIAN_POINT('',(0.0767565171707097,8.17694430735087,6.36280849682137));
#3326=CARTESIAN_POINT('',(2.69826585673282,7.02749240419125,6.36280849682137));
#3327=CARTESIAN_POINT('',(3.73916765230912,4.36102013787105,6.36280849682137));
#3328=CARTESIAN_POINT('',(2.58971574914948,1.73951079830893,6.36280849682137));
#3329=CARTESIAN_POINT('',(-0.0767565171706838,0.698609002732643,6.36280849682137));
#3330=CARTESIAN_POINT('',(-2.69826585673283,1.84806090589226,6.36280849682137));
#3331=CARTESIAN_POINT('',(-3.73916765230911,4.51453317221246,6.36280849682137));
#3332=CARTESIAN_POINT('',(-0.0935499154384667,0.076550074620666,5.98426798885526));
#3333=CARTESIAN_POINT('',(-3.15000266889276,1.42007354532097,5.98426798885526));
#3334=CARTESIAN_POINT('',(-4.36122658042109,4.53132657048024,5.98426798885526));
#3335=CARTESIAN_POINT('',(-3.01770310972079,7.58777932393451,5.98426798885526));
#3336=CARTESIAN_POINT('',(0.0935499154384957,8.79900323546284,5.98426798885526));
#3337=CARTESIAN_POINT('',(3.15000266889275,7.45547976476254,5.98426798885526));
#3338=CARTESIAN_POINT('',(4.36122658042109,4.34422673960326,5.98426798885526));
#3339=CARTESIAN_POINT('',(3.01770310972078,1.287773986149,5.98426798885526));
#3340=CARTESIAN_POINT('',(-0.0935499154384667,0.076550074620666,5.98426798885526));
#3341=CARTESIAN_POINT('',(-3.15000266889276,1.42007354532097,5.98426798885526));
#3342=CARTESIAN_POINT('',(-4.36122658042109,4.53132657048024,5.98426798885526));
#3343=CARTESIAN_POINT('',(-0.100282385274342,-0.172833218913589,5.76408299330977));
#3344=CARTESIAN_POINT('',(-3.33110386194055,1.24849350242334,5.76408299330977));
#3345=CARTESIAN_POINT('',(-4.61060987395534,4.53805904031612,5.76408299330977));
#3346=CARTESIAN_POINT('',(-3.18928315261841,7.7688805169823,5.76408299330977));
#3347=CARTESIAN_POINT('',(0.100282385274372,9.0483865289971,5.76408299330977));
#3348=CARTESIAN_POINT('',(3.33110386194054,7.62705980766017,5.76408299330978));
#3349=CARTESIAN_POINT('',(4.61060987395535,4.33749426976739,5.76408299330977));
#3350=CARTESIAN_POINT('',(3.1892831526184,1.10667279310121,5.76408299330977));
#3351=CARTESIAN_POINT('',(-0.100282385274342,-0.172833218913589,5.76408299330977));
#3352=CARTESIAN_POINT('',(-3.33110386194055,1.24849350242334,5.76408299330977));
#3353=CARTESIAN_POINT('',(-4.61060987395534,4.53805904031612,5.76408299330977));
#3354=CARTESIAN_POINT('',(2.71726474430437E-16,4.43777665504175,6.5));
#3355=CARTESIAN_POINT('',(2.71726474430437E-16,6.78845351650825,6.5));
#3356=CARTESIAN_POINT('',(3.,7.25,6.5));
#3357=CARTESIAN_POINT('',(-0.0551890172576326,1.49750959831414,0.284685992403995));
#3358=CARTESIAN_POINT('',(-2.11810730266141,2.39771840908015,0.284685992403995));
#3359=CARTESIAN_POINT('',(-2.94026705672761,4.4929656722994,0.284685992403996));
#3360=CARTESIAN_POINT('',(-2.0400582459616,6.55588395770317,0.284685992403996));
#3361=CARTESIAN_POINT('',(0.0551890172576517,7.37804371176937,0.284685992403996));
#3362=CARTESIAN_POINT('',(2.11810730266141,6.47783490100336,0.284685992403996));
#3363=CARTESIAN_POINT('',(2.94026705672762,4.38258763778411,0.284685992403996));
#3364=CARTESIAN_POINT('',(2.04005824596159,2.31966935238034,0.284685992403995));
#3365=CARTESIAN_POINT('',(-0.0551890172576326,1.49750959831414,0.284685992403995));
#3366=CARTESIAN_POINT('',(-2.11810730266141,2.39771840908015,0.284685992403995));
#3367=CARTESIAN_POINT('',(-2.94026705672761,4.4929656722994,0.284685992403996));
#3368=CARTESIAN_POINT('',(-0.0638211801413833,1.17775811590833,0.321959402401541));
#3369=CARTESIAN_POINT('',(-2.35030960507643,2.17772382848796,0.321959402401541));
#3370=CARTESIAN_POINT('',(-3.26001853913342,4.50159783518316,0.321959402401542));
#3371=CARTESIAN_POINT('',(-2.2600528265538,6.78808626011817,0.321959402401542));
#3372=CARTESIAN_POINT('',(0.0638211801414071,7.69779519417518,0.321959402401543));
#3373=CARTESIAN_POINT('',(2.35030960507642,6.69782948159555,0.321959402401542));
#3374=CARTESIAN_POINT('',(3.26001853913343,4.37395547490035,0.321959402401542));
#3375=CARTESIAN_POINT('',(2.26005282655378,2.08746704996533,0.321959402401541));
#3376=CARTESIAN_POINT('',(-0.0638211801413833,1.17775811590833,0.321959402401541));
#3377=CARTESIAN_POINT('',(-2.35030960507643,2.17772382848796,0.321959402401541));
#3378=CARTESIAN_POINT('',(-3.26001853913342,4.50159783518316,0.321959402401542));
#3379=CARTESIAN_POINT('',(-0.0808190308299621,0.548125887163416,0.49881506318277));
#3380=CARTESIAN_POINT('',(-2.80754611916304,1.74452590537632,0.49881506318277));
#3381=CARTESIAN_POINT('',(-3.88965076787834,4.51859568587174,0.498815063182771));
#3382=CARTESIAN_POINT('',(-2.69325074966543,7.2453227742048,0.498815063182772));
#3383=CARTESIAN_POINT('',(0.0808190308299852,8.32742742292009,0.498815063182771));
#3384=CARTESIAN_POINT('',(2.80754611916304,7.13102740470719,0.498815063182772));
#3385=CARTESIAN_POINT('',(3.88965076787834,4.35695762421177,0.498815063182771));
#3386=CARTESIAN_POINT('',(2.69325074966542,1.63023053587871,0.49881506318277));
#3387=CARTESIAN_POINT('',(-0.0808190308299621,0.548125887163416,0.49881506318277));
#3388=CARTESIAN_POINT('',(-2.80754611916304,1.74452590537632,0.49881506318277));
#3389=CARTESIAN_POINT('',(-3.88965076787834,4.51859568587174,0.498815063182771));
#3390=CARTESIAN_POINT('',(-0.0945735031909079,0.0386344669538942,0.839071212462608));
#3391=CARTESIAN_POINT('',(-3.17753683802764,1.39398694786788,0.839071212462608));
#3392=CARTESIAN_POINT('',(-4.39914218808786,4.53235015823269,0.839071212462609));
#3393=CARTESIAN_POINT('',(-3.04378970717388,7.61531349306939,0.839071212462609));
#3394=CARTESIAN_POINT('',(0.0945735031909402,8.83691884312962,0.83907121246261));
#3395=CARTESIAN_POINT('',(3.17753683802763,7.48156636221564,0.839071212462609));
#3396=CARTESIAN_POINT('',(4.39914218808787,4.34320315185082,0.839071212462609));
#3397=CARTESIAN_POINT('',(3.04378970717387,1.26023981701412,0.839071212462608));
#3398=CARTESIAN_POINT('',(-0.0945735031909079,0.0386344669538942,0.839071212462608));
#3399=CARTESIAN_POINT('',(-3.17753683802764,1.39398694786788,0.839071212462608));
#3400=CARTESIAN_POINT('',(-4.39914218808786,4.53235015823269,0.839071212462609));
#3401=CARTESIAN_POINT('',(-0.100242552735458,-0.171357747061616,1.03073859360703));
#3402=CARTESIAN_POINT('',(-3.33003237993021,1.24950865271697,1.03073859360703));
#3403=CARTESIAN_POINT('',(-4.60913440210337,4.53801920777724,1.03073859360703));
#3404=CARTESIAN_POINT('',(-3.18826800232479,7.76780903497196,1.03073859360703));
#3405=CARTESIAN_POINT('',(0.100242552735488,9.04691105714513,1.03073859360703));
#3406=CARTESIAN_POINT('',(3.3300323799302,7.62604465736655,1.03073859360703));
#3407=CARTESIAN_POINT('',(4.60913440210338,4.33753410230627,1.03073859360703));
#3408=CARTESIAN_POINT('',(3.18826800232478,1.10774427511154,1.03073859360703));
#3409=CARTESIAN_POINT('',(-0.100242552735458,-0.171357747061616,1.03073859360703));
#3410=CARTESIAN_POINT('',(-3.33003237993021,1.24950865271697,1.03073859360703));
#3411=CARTESIAN_POINT('',(-4.60913440210337,4.53801920777724,1.03073859360703));
#3412=CARTESIAN_POINT('',(-1.08601710785448,1.85035226019761,0.295873652140241));
#3413=CARTESIAN_POINT('',(-1.9935138472503,2.46828463182214,0.295873652140242));
#3414=CARTESIAN_POINT('',(-2.59068687559097,3.38018586160031,0.295873652140241));
#3415=CARTESIAN_POINT('',(-2.80197008962359,4.43343126929659,0.295873652140242));
#3416=CARTESIAN_POINT('',(-2.59080686523499,5.50516512525691,0.295873652140241));
#3417=CARTESIAN_POINT('',(-1.985178111277,6.4153625861317,0.295873652140241));
#3418=CARTESIAN_POINT('',(-1.07727386615941,7.02451784293835,0.295873652140242));
#3419=CARTESIAN_POINT('',(-0.00536961444870766,7.23986991946715,0.295873652140241));
#3420=CARTESIAN_POINT('',(1.06735411642019,7.02862782112691,0.295873652140241));
#3421=CARTESIAN_POINT('',(1.97758233544975,6.42295239977455,0.295873652140241));
#3422=CARTESIAN_POINT('',(2.58674179518427,5.51505174430126,0.295873652140241));
#3423=CARTESIAN_POINT('',(2.80209289761952,4.4431463302421,0.295873652140241));
#3424=CARTESIAN_POINT('',(2.59085200468369,3.37042122133958,0.295873652140241));
#3425=CARTESIAN_POINT('',(1.98517275900675,2.46019953525172,0.295873652140241));
#3426=CARTESIAN_POINT('',(1.07728619379057,1.85101531480184,0.295873652140241));
#3427=CARTESIAN_POINT('',(0.00532824281832563,1.63575672199441,0.295873652140241));
#3428=CARTESIAN_POINT('',(-1.08601710785448,1.85035226019761,0.295873652140241));
#3429=CARTESIAN_POINT('',(-1.9935138472503,2.46828463182214,0.295873652140242));
#3430=CARTESIAN_POINT('',(-2.59068687559097,3.38018586160031,0.295873652140241));
#3431=CARTESIAN_POINT('',(-1.96744157684875,2.54371494188759,0.295873652140241));
#3432=CARTESIAN_POINT('',(-2.1,6.35,-6.5));
#3433=CARTESIAN_POINT('',(-2.1,6.35,-2.96618006200556));
#3434=CARTESIAN_POINT('',(-2.1,6.35,-2.96618006200556));
#3435=CARTESIAN_POINT('',(-2.1,7.25,-2.96618006200556));
#3436=CARTESIAN_POINT('',(-2.1,6.35,-6.5));
#3437=CARTESIAN_POINT('',(-2.1,6.35,-6.5));
#3438=CARTESIAN_POINT('',(-2.1,6.35,-6.5));
#3439=CARTESIAN_POINT('',(-2.1,7.25,-6.5));
#3440=CARTESIAN_POINT('',(-2.1,7.25,-6.5));
#3441=CARTESIAN_POINT('',(2.1,6.35,-6.5));
#3442=CARTESIAN_POINT('',(2.1,6.35,-2.96618006200556));
#3443=CARTESIAN_POINT('',(2.1,7.25,-2.96618006200556));
#3444=CARTESIAN_POINT('',(2.1,6.35,-2.96618006200556));
#3445=CARTESIAN_POINT('',(2.1,7.25,-6.5));
#3446=CARTESIAN_POINT('',(2.1,7.25,-6.5));
#3447=CARTESIAN_POINT('',(2.1,6.35,-6.5));
#3448=CARTESIAN_POINT('',(2.1,6.35,-6.5));
#3449=CARTESIAN_POINT('',(2.1,6.35,-6.5));
#3450=CARTESIAN_POINT('',(0.,0.,-6.5));
#3451=CARTESIAN_POINT('',(3.,6.35,-6.5));
#3452=CARTESIAN_POINT('',(3.,6.35,-6.5));
#3453=CARTESIAN_POINT('',(3.,7.25,-6.5));
#3454=CARTESIAN_POINT('',(3.,6.35,-6.5));
#3455=CARTESIAN_POINT('',(3.,7.25,-6.5));
#3456=CARTESIAN_POINT('',(3.,6.35,-6.5));
#3457=CARTESIAN_POINT('',(3.,6.35,-2.96618006200556));
#3458=CARTESIAN_POINT('',(3.,6.35,-2.96618006200556));
#3459=CARTESIAN_POINT('',(3.,6.35,-6.5));
#3460=CARTESIAN_POINT('',(2.1,2.52555331008351,-6.5));
#3461=CARTESIAN_POINT('',(2.1,2.52555331008351,-2.96618006200556));
#3462=CARTESIAN_POINT('',(3.,2.52555331008351,-2.96618006200556));
#3463=CARTESIAN_POINT('',(2.1,2.52555331008351,-2.96618006200556));
#3464=CARTESIAN_POINT('',(3.,2.52555331008351,-6.5));
#3465=CARTESIAN_POINT('',(3.,2.52555331008351,-6.5));
#3466=CARTESIAN_POINT('',(2.1,2.52555331008351,-6.5));
#3467=CARTESIAN_POINT('',(2.1,2.52555331008351,-6.5));
#3468=CARTESIAN_POINT('',(2.1,2.52555331008351,-6.5));
#3469=CARTESIAN_POINT('',(0.,0.,-6.5));
#3470=CARTESIAN_POINT('',(3.,1.62555331008351,-6.5));
#3471=CARTESIAN_POINT('',(2.1,1.62555331008351,-6.5));
#3472=CARTESIAN_POINT('',(3.,1.62555331008351,-6.5));
#3473=CARTESIAN_POINT('',(2.1,1.62555331008351,-6.5));
#3474=CARTESIAN_POINT('',(3.,1.62555331008351,-6.5));
#3475=CARTESIAN_POINT('',(2.1,1.62555331008351,-6.5));
#3476=CARTESIAN_POINT('',(2.1,1.62555331008351,-2.96618006200556));
#3477=CARTESIAN_POINT('',(2.1,1.62555331008351,-2.96618006200556));
#3478=CARTESIAN_POINT('',(2.1,1.62555331008351,-6.5));
#3479=CARTESIAN_POINT('',(-2.1,1.62555331008351,-6.5));
#3480=CARTESIAN_POINT('',(-2.1,1.62555331008351,-2.96618006200556));
#3481=CARTESIAN_POINT('',(-2.1,2.52555331008351,-2.96618006200556));
#3482=CARTESIAN_POINT('',(-2.1,1.62555331008351,-2.96618006200556));
#3483=CARTESIAN_POINT('',(-2.1,1.62555331008351,-6.5));
#3484=CARTESIAN_POINT('',(-2.1,1.62555331008351,-6.5));
#3485=CARTESIAN_POINT('',(-2.1,1.62555331008351,-6.5));
#3486=CARTESIAN_POINT('',(-2.1,2.52555331008351,-6.5));
#3487=CARTESIAN_POINT('',(-2.1,2.52555331008351,-6.5));
#3488=CARTESIAN_POINT('',(0.,0.,-6.5));
#3489=CARTESIAN_POINT('',(-2.1,1.62555331008351,-6.5));
#3490=CARTESIAN_POINT('',(-3.,1.62555331008351,-6.5));
#3491=CARTESIAN_POINT('',(-3.,1.62555331008351,-6.5));
#3492=CARTESIAN_POINT('',(-3.,2.52555331008351,-6.5));
#3493=CARTESIAN_POINT('',(-2.1,2.52555331008351,-6.5));
#3494=CARTESIAN_POINT('',(-2.1,2.52555331008351,-6.5));
#3495=CARTESIAN_POINT('',(-2.1,2.52555331008351,-2.96618006200556));
#3496=CARTESIAN_POINT('',(-3.,2.52555331008351,-2.96618006200556));
#3497=CARTESIAN_POINT('',(-3.,2.52555331008351,-6.5));
#3498=CARTESIAN_POINT('',(3.,1.62555331008351,-2.96618006200556));
#3499=CARTESIAN_POINT('',(2.7172647445306E-16,4.43777665504176,-2.96618006200556));
#3500=CARTESIAN_POINT('',(7.5743246533898E-17,2.70948412271747,-2.96618006200556));
#3501=CARTESIAN_POINT('',(-3.,1.62555331008351,-2.96618006200556));
#3502=CARTESIAN_POINT('',(-3.,6.35,-2.96618006200556));
#3503=CARTESIAN_POINT('',(-3.,6.35,-2.96618006200556));
#3504=CARTESIAN_POINT('',(3.,7.25,-2.96618006200556));
#3505=CARTESIAN_POINT('',(3.,1.62555331008351,-2.96618006200556));
#3506=CARTESIAN_POINT('',(3.,1.62555331008351,-2.96618006200556));
#3507=CARTESIAN_POINT('',(-3.,6.35,-6.5));
#3508=CARTESIAN_POINT('',(-3.,6.35,-6.5));
#3509=CARTESIAN_POINT('',(-3.,6.35,-6.5));
#3510=CARTESIAN_POINT('',(-3.,6.35,-6.5));
#3511=CARTESIAN_POINT('',(0.,0.,-6.5));
#3512=CARTESIAN_POINT('',(-3.,6.35,-6.5));
#3513=CARTESIAN_POINT('',(-3.,7.25,-6.5));
#3514=CARTESIAN_POINT('',(-2.1,7.25,-6.5));
#3515=CARTESIAN_POINT('',(3.,7.25,-2.96618006200556));
#3516=CARTESIAN_POINT('',(-3.,7.25,-2.96618006200556));
#3517=CARTESIAN_POINT('',(-3.,7.25,-0.685776516375435));
#3518=CARTESIAN_POINT('',(3.,7.25,-0.685776516375435));
#3519=CARTESIAN_POINT('',(3.,7.25,-0.685776516375435));
#3520=CARTESIAN_POINT('',(3.,7.25,-2.96618006200556));
#3521=CARTESIAN_POINT('',(3.,0.,0.));
#3522=CARTESIAN_POINT('',(3.,7.25,-0.685776516375435));
#3523=CARTESIAN_POINT('',(3.,1.62555331008351,-0.685776516375435));
#3524=CARTESIAN_POINT('',(3.,1.62555331008351,-0.685776516375435));
#3525=CARTESIAN_POINT('',(3.,1.62555331008351,-0.685776516375435));
#3526=CARTESIAN_POINT('',(-3.,1.62555331008351,-0.685776516375435));
#3527=CARTESIAN_POINT('',(-3.,1.62555331008351,-0.685776516375435));
#3528=CARTESIAN_POINT('',(3.,1.62555331008351,-0.685776516375435));
#3529=CARTESIAN_POINT('',(-3.,0.,0.));
#3530=CARTESIAN_POINT('',(-3.,7.25,-0.685776516375435));
#3531=CARTESIAN_POINT('',(3.,7.25,-0.685776516375435));
#3532=CARTESIAN_POINT('',(2.7172647445306E-16,4.43777665504176,-0.685776516375435));
#3533=CARTESIAN_POINT('',(-2.67847367238593,4.43777665504176,-0.685776516375435));
#3534=CARTESIAN_POINT('',(2.7172647445306E-16,4.43777665504176,-0.790087275603874));
#3535=CARTESIAN_POINT('',(2.7172647445306E-16,4.43777665504176,0.295873652140241));
#3536=CARTESIAN_POINT('',(4.76070025069528E-16,7.11625032742769,0.295873652140241));
#3537=CARTESIAN_POINT('',(3.,1.56544188052878,0.295873652140241));
#3538=CARTESIAN_POINT('',(2.7172647445306E-16,4.43777665504176,-2.90246529267919));
#3539=CARTESIAN_POINT('',(2.7172647445306E-16,4.43777665504176,-2.90246529267919));
#3540=CARTESIAN_POINT('',(7.5743246533898E-17,2.70948412271747,-2.90246529267919));
#3541=CARTESIAN_POINT('',(2.7172647445306E-16,4.43777665504176,-2.90246529267919));
#3542=CARTESIAN_POINT('',(2.71726474430438E-16,4.43777665504176,-2.90246529267919));
#3543=CARTESIAN_POINT('',(2.20697814111563E-16,3.98777665504176,-2.90246529267919));
#3544=CARTESIAN_POINT('',(2.71726474430438E-16,4.43777665504176,-6.5));
#3545=CARTESIAN_POINT('',(2.71726474430438E-16,4.43777665504176,-6.5));
#3546=CARTESIAN_POINT('',(2.71726474430438E-16,4.11439717046695,-6.5));
#3547=CARTESIAN_POINT('',(2.71726474430438E-16,4.43777665504176,-6.5));
#3548=CARTESIAN_POINT('',(2.71726474430438E-16,4.43777665504176,-6.32674496969862));
#3549=CARTESIAN_POINT('',(2.71726474430438E-16,3.98777665504176,-6.32674496969862));
#3550=CARTESIAN_POINT('',(2.71726474430438E-16,4.43777665504176,-2.61279806820611));
#3551=MECHANICAL_DESIGN_GEOMETRIC_PRESENTATION_REPRESENTATION('',(#686,
#687,#688,#689,#690,#691,#692,#693,#694,#695,#696,#697,#698,#699,#700,#701,
#702,#703,#704,#705,#706,#707,#708,#709,#710,#711,#712,#713,#714,#715,#716,
#717,#718,#719,#720,#721,#722,#723,#724,#725,#726,#727,#728,#729,#730,#731,
#732),#3552);
#3552=(
GEOMETRIC_REPRESENTATION_CONTEXT(3)
GLOBAL_UNCERTAINTY_ASSIGNED_CONTEXT((#3553))
GLOBAL_UNIT_ASSIGNED_CONTEXT((#3556,#3555,#3554))
REPRESENTATION_CONTEXT('BWSMA-KWE-Z001','TOP_LEVEL_ASSEMBLY_PART')
);
#3553=UNCERTAINTY_MEASURE_WITH_UNIT(LENGTH_MEASURE(0.005),#3556,
'DISTANCE_ACCURACY_VALUE','Maximum Tolerance applied to model');
#3554=(
NAMED_UNIT(*)
SI_UNIT($,.STERADIAN.)
SOLID_ANGLE_UNIT()
);
#3555=(
NAMED_UNIT(*)
PLANE_ANGLE_UNIT()
SI_UNIT($,.RADIAN.)
);
#3556=(
LENGTH_UNIT()
NAMED_UNIT(*)
SI_UNIT(.MILLI.,.METRE.)
);
#3557=PRODUCT_DEFINITION_SHAPE('','',#3558);
#3558=PRODUCT_DEFINITION('','',#3560,#3559);
#3559=PRODUCT_DEFINITION_CONTEXT('',#3566,'design');
#3560=PRODUCT_DEFINITION_FORMATION_WITH_SPECIFIED_SOURCE('','',#3562,
 .NOT_KNOWN.);
#3561=PRODUCT_RELATED_PRODUCT_CATEGORY('','',(#3562));
#3562=PRODUCT('BWSMA-KWE-Z001','BWSMA-KWE-Z001','BWSMA-KWE-Z001',(#3564));
#3563=PRODUCT_CATEGORY('','');
#3564=PRODUCT_CONTEXT('',#3566,'mechanical');
#3565=APPLICATION_PROTOCOL_DEFINITION('international standard',
'automotive_design',2010,#3566);
#3566=APPLICATION_CONTEXT(
'core data for automotive mechanical design processes');
ENDSEC;
END-ISO-10303-21;
